row_key,rel_qwen
0,1
1,1
2,1
3,1
4,1
5,1
6,1
9,1
10,1
11,1
13,1
14,1
15,1
16,0
17,1
18,1
19,1
20,1
21,1
23,1
24,1
26,1
28,1
29,1
33,1
34,1
36,1
37,1
38,1
39,1
40,1
42,0
43,0
44,0
45,1
47,1
48,1
49,1
50,0
52,0
53,0
54,1
55,1
56,1
59,1
60,1
61,1
62,0
64,1
65,1
66,1
67,1
68,1
69,1
70,1
71,1
72,1
74,1
75,1
76,1
77,1
79,1
80,1
81,1
82,1
83,1
85,0
86,1
87,1
88,1
89,1
90,1
91,1
92,1
93,1
94,1
96,1
97,1
99,1
100,1
101,1
102,1
103,1
104,1
106,1
107,1
108,1
109,1
111,1
112,1
113,1
114,1
116,1
118,1
119,1
120,1
121,1
122,1
123,1
124,1
125,1
128,1
130,1
131,1
132,1
133,1
134,1
135,1
136,1
138,1
139,1
140,0
142,1
143,1
144,1
145,1
146,1
147,1
148,1
149,1
150,1
151,1
152,1
153,1
154,1
155,1
156,1
157,1
158,1
160,1
161,1
162,1
164,1
166,0
167,1
168,1
169,1
170,1
171,1
172,1
173,1
174,1
175,1
178,1
179,1
180,1
181,1
182,1
183,1
184,1
186,1
187,1
188,1
189,1
190,1
191,1
192,1
193,1
194,1
195,1
196,1
198,1
199,1
201,1
202,1
203,1
205,1
207,1
208,1
210,1
211,0
212,1
213,1
214,1
216,1
220,1
222,1
224,0
225,1
226,1
227,1
228,1
229,1
230,1
231,1
232,1
237,1
238,1
241,0
242,1
243,1
244,1
246,1
247,1
249,1
250,1
251,1
254,1
255,1
256,1
257,1
258,1
259,1
260,1
262,1
263,1
264,1
265,1
266,1
267,1
270,1
271,1
272,1
273,1
274,1
275,1
276,1
277,1
278,1
279,1
280,1
281,1
282,1
283,1
284,1
285,1
286,1
287,1
288,1
290,0
291,1
292,1
293,1
294,1
295,1
296,0
297,0
298,1
299,1
300,1
301,1
302,1
307,1
309,1
311,1
312,1
315,1
316,1
318,1
321,1
323,1
324,1
325,1
329,1
330,1
331,1
332,1
333,1
334,1
335,1
336,1
338,0
339,1
342,0
343,1
344,0
345,1
347,1
349,1
351,1
352,1
353,1
354,1
356,1
357,1
358,1
361,1
362,1
364,1
366,0
368,1
369,0
379,1
380,1
381,1
382,1
388,1
391,1
392,1
393,1
394,1
396,1
399,1
401,1
402,1
406,1
407,1
408,1
409,1
410,1
412,1
414,0
417,1
418,1
420,1
423,0
426,1
429,1
436,1
437,0
440,1
441,1
442,1
444,1
445,1
448,1
449,0
451,1
452,1
454,1
455,1
456,1
457,1
458,1
459,1
460,1
461,1
462,1
463,1
465,1
466,1
469,1
470,1
473,1
474,1
475,0
480,1
481,1
482,1
485,1
489,1
491,1
492,1
494,1
495,1
496,1
497,1
498,1
500,1
501,1
504,1
506,1
509,1
510,1
511,1
512,0
513,1
514,1
515,1
516,1
517,1
519,1
520,1
521,1
522,1
523,1
524,1
525,1
526,1
528,1
529,1
530,0
531,1
532,1
533,1
535,1
541,1
543,0
545,1
546,1
547,1
548,1
550,1
551,1
552,0
553,1
554,1
557,1
560,1
564,1
565,1
570,1
571,1
573,0
574,1
576,1
578,1
580,1
582,0
583,1
584,0
585,1
586,1
597,0
598,1
601,1
604,1
605,0
606,1
609,0
611,1
614,1
617,1
618,1
619,1
627,1
628,1
629,1
634,1
635,1
636,0
637,1
640,1
642,1
643,1
644,1
645,0
646,1
649,1
650,1
653,1
654,1
657,1
658,1
659,1
660,1
661,1
662,1
663,0
666,1
672,1
673,1
675,1
676,1
681,1
682,1
684,1
685,1
688,1
695,1
696,1
698,0
703,0
704,1
706,0
709,1
710,1
715,0
716,1
717,1
718,1
719,1
720,1
722,0
723,1
728,1
730,1
731,0
734,1
736,1
738,1
739,1
740,1
742,1
743,1
744,1
745,1
747,1
749,1
750,1
751,1
754,1
755,1
757,1
759,1
764,1
767,0
768,1
769,1
772,1
773,1
774,0
775,1
776,1
780,1
781,0
782,1
783,0
787,1
789,1
790,1
792,0
795,1
798,0
801,1
803,0
805,1
808,0
810,1
811,0
812,0
816,1
817,1
818,1
819,1
825,1
826,1
827,1
829,1
830,1
832,0
833,1
835,1
836,1
837,1
838,0
841,1
843,1
844,1
847,1
849,1
850,1
851,1
852,1
853,1
856,1
857,1
858,0
862,1
865,1
875,0
876,0
877,1
880,1
882,1
883,1
884,0
885,1
888,1
889,1
890,1
891,1
892,0
895,0
897,1
898,1
900,0
904,1
907,1
908,1
909,1
911,1
912,1
914,1
917,1
918,1
919,1
923,1
926,0
927,1
929,1
930,0
935,0
936,1
937,1
940,1
942,1
943,1
945,1
948,1
950,1
951,1
953,1
954,1
955,1
958,1
960,1
961,1
963,1
964,1
965,1
966,1
968,1
973,1
974,1
976,1
977,1
978,1
979,1
980,1
981,1
983,1
986,1
987,0
989,1
991,1
992,1
995,1
997,1
998,1
1000,1
1002,1
1003,1
1004,1
1005,1
1006,1
1007,1
1011,1
1014,1
1015,1
1016,1
1024,1
1026,1
1028,1
1029,1
1030,0
1032,0
1034,1
1037,1
1038,1
1041,1
1045,1
1046,1
1049,0
1050,1
1052,0
1053,1
1056,1
1057,1
1059,1
1060,0
1062,0
1063,1
1064,1
1065,1
1066,1
1067,0
1068,1
1069,1
1070,1
1071,1
1074,1
1075,1
1076,1
1077,1
1078,1
1079,1
1080,1
1085,1
1086,1
1087,1
1090,1
1091,1
1094,1
1095,1
1096,1
1097,1
1099,1
1100,1
1103,1
1105,1
1106,0
1107,1
1110,1
1111,1
1119,1
1120,1
1121,0
1123,1
1128,1
1130,1
1132,1
1133,1
1136,1
1139,0
1142,0
1145,1
1148,1
1150,0
1151,1
1153,1
1154,0
1155,1
1156,1
1157,1
1159,1
1162,1
1163,0
1164,1
1165,1
1166,1
1167,1
1168,1
1169,1
1171,1
1173,0
1174,1
1175,1
1176,1
1179,1
1180,1
1182,1
1184,0
1185,0
1186,1
1187,0
1188,1
1190,1
1195,1
1199,1
1200,1
1201,1
1202,1
1204,1
1205,1
1207,1
1211,1
1214,1
1216,1
1218,1
1220,1
1221,1
1223,1
1225,1
1227,1
1228,1
1229,0
1230,1
1232,1
1233,1
1234,1
1239,1
1240,1
1243,1
1246,1
1250,1
1251,1
1252,1
1253,1
1254,1
1256,1
1257,1
1258,1
1259,1
1261,1
1264,1
1265,1
1267,1
1268,1
1270,1
1271,1
1273,1
1274,1
1275,1
1277,1
1278,1
1282,1
1283,1
1285,1
1288,1
1289,1
1291,1
1292,1
1294,1
1295,1
1296,0
1297,0
1298,1
1301,1
1303,1
1305,1
1306,1
1307,1
1310,1
1312,1
1313,0
1315,0
1318,0
1319,1
1324,1
1325,1
1326,1
1327,1
1328,1
1330,1
1334,1
1336,0
1337,1
1338,1
1342,1
1344,1
1346,1
1347,1
1348,1
1351,1
1352,1
1353,1
1354,1
1355,1
1356,1
1357,1
1359,1
1360,1
1361,1
1362,1
1363,1
1364,1
1370,1
1371,1
1372,1
1373,1
1375,0
1378,1
1379,1
1380,1
1384,1
1385,1
1387,1
1388,1
1389,1
1393,1
1394,0
1397,1
1399,1
1400,1
1401,1
1402,1
1403,1
1404,1
1406,1
1407,1
1410,1
1412,1
1413,1
1414,1
1415,1
1416,1
1417,1
1418,1
1419,1
1420,1
1422,1
1423,1
1424,1
1426,1
1427,1
1428,0
1429,1
1430,1
1433,1
1434,1
1435,1
1436,1
1439,1
1444,1
1445,1
1451,0
1453,1
1457,1
1459,1
1462,1
1464,1
1465,1
1467,1
1469,0
1470,1
1471,1
1472,1
1474,1
1481,1
1483,0
1484,1
1488,1
1489,0
1490,1
1491,1
1492,1
1493,1
1496,0
1497,1
1499,1
1501,1
1502,1
1503,0
1504,1
1507,1
1508,1
1509,1
1511,1
1512,1
1516,1
1518,1
1523,1
1531,1
1533,1
1534,1
1535,1
1536,1
1537,1
1538,0
1541,1
1543,1
1544,1
1545,0
1547,1
1548,1
1551,1
1552,1
1554,1
1556,1
1558,1
1559,1
1560,1
1562,0
1564,1
1566,1
1570,1
1573,1
1574,1
1575,1
1577,1
1579,1
1581,1
1585,1
1586,1
1590,1
1593,1
1594,1
1595,0
1596,1
1599,0
1602,1
1603,1
1604,1
1605,1
1608,1
1612,1
1613,1
1614,0
1615,0
1617,1
1618,1
1624,1
1625,1
1627,1
1639,1
1640,1
1641,1
1642,1
1643,1
1644,1
1645,1
1649,1
1650,0
1651,1
1653,1
1654,1
1655,1
1656,0
1658,1
1659,1
1661,0
1662,1
1663,1
1664,1
1665,1
1666,1
1667,1
1668,1
1670,1
1671,0
1672,1
1676,1
1680,1
1683,1
1684,1
1685,1
1686,1
1687,1
1689,1
1691,1
1694,1
1696,1
1699,1
1700,1
1701,1
1702,0
1704,1
1706,0
1707,1
1709,1
1711,1
1716,1
1717,1
1718,0
1719,1
1720,1
1723,1
1724,1
1726,1
1727,1
1728,1
1729,1
1730,1
1731,1
1732,1
1733,1
1734,0
1735,1
1736,1
1738,1
1739,1
1742,1
1743,1
1745,1
1746,1
1747,1
1749,1
1750,1
1751,0
1753,1
1754,1
1755,1
1756,1
1757,1
1760,1
1761,1
1762,1
1763,1
1765,1
1766,1
1770,1
1772,0
1774,1
1775,1
1776,1
1777,1
1779,0
1780,0
1781,1
1785,1
1786,1
1787,1
1788,0
1790,0
1792,1
1796,1
1797,1
1799,1
1800,0
1801,1
1802,1
1804,1
1807,1
1809,1
1815,0
1818,1
1819,1
1820,0
1821,1
1822,0
1823,1
1826,1
1827,1
1828,1
1829,1
1830,1
1831,1
1832,1
1833,1
1834,1
1835,1
1838,1
1839,1
1841,1
1842,1
1843,1
1844,1
1845,1
1846,1
1849,1
1850,1
1851,1
1857,1
1859,1
1863,0
1864,1
1865,1
1867,0
1868,1
1869,1
1870,0
1871,1
1872,1
1873,0
1875,1
1876,1
1877,0
1878,0
1880,1
1881,1
1882,1
1884,1
1885,1
1888,0
1891,1
1892,1
1893,1
1900,1
1901,1
1904,1
1906,0
1907,1
1908,1
1912,1
1921,1
1922,1
1923,1
1924,1
1927,1
1928,1
1929,1
1931,1
1932,1
1934,1
1936,0
1937,1
1938,1
1939,1
1940,1
1941,1
1945,1
1947,1
1949,1
1952,1
1961,1
1966,0
1968,1
1970,1
1972,1
1973,1
1978,1
1979,0
1983,1
1984,1
1985,1
1989,1
1990,0
1991,0
1992,1
1996,1
1997,0
1998,1
1999,1
2000,1
2001,1
2007,0
2009,1
2014,1
2020,1
2024,1
2025,1
2029,1
2032,1
2033,1
2034,1
2036,1
2038,1
2039,1
2040,1
2041,1
2042,1
2043,1
2044,1
2045,1
2047,0
2049,1
2052,1
2053,1
2054,1
2055,1
2059,1
2060,1
2061,1
2063,1
2065,0
2066,1
2067,1
2069,1
2070,1
2071,1
2072,1
2077,0
2078,1
2079,1
2080,1
2081,1
2082,1
2083,1
2084,1
2089,1
2090,1
2092,1
2093,0
2094,1
2096,1
2097,1
2098,1
2099,1
2102,1
2103,1
2104,1
2106,1
2107,1
2111,1
2112,1
2114,1
2115,0
2117,1
2118,1
2119,1
2120,1
2121,1
2122,1
2123,1
2125,1
2127,1
2128,0
2130,1
2131,1
2133,1
2134,1
2137,1
2138,0
2139,1
2140,1
2141,1
2142,1
2144,1
2145,1
2146,1
2147,1
2148,1
2149,0
2150,1
2151,1
2152,1
2153,1
2154,1
2155,1
2156,1
2157,1
2158,1
2159,1
2160,1
2162,0
2165,1
2167,1
2168,0
2169,1
2170,1
2171,1
2172,1
2174,1
2175,0
2176,0
2177,1
2178,1
2181,1
2182,1
2183,1
2184,1
2185,1
2186,1
2187,1
2188,1
2189,1
2190,0
2192,1
2195,1
2197,1
2198,1
2200,1
2202,1
2204,1
2207,1
2208,1
2209,0
2211,1
2214,1
2217,1
2218,1
2221,1
2222,1
2223,1
2224,1
2225,1
2226,0
2229,1
2230,1
2231,0
2233,0
2234,1
2235,1
2236,1
2238,1
2240,0
2241,1
2244,1
2245,1
2247,1
2249,1
2251,0
2255,1
2256,1
2258,1
2260,1
2261,1
2263,1
2264,1
2270,1
2271,1
2272,1
2273,1
2276,1
2278,1
2280,1
2281,1
2283,1
2289,1
2290,1
2292,0
2294,1
2297,1
2298,1
2301,1
2304,1
2305,1
2306,1
2307,1
2309,0
2310,1
2311,1
2312,0
2313,0
2317,0
2318,1
2319,0
2320,0
2322,1
2323,1
2324,0
2325,0
2326,1
2327,1
2328,1
2329,1
2330,1
2332,1
2334,1
2335,0
2336,1
2337,1
2338,1
2339,1
2340,0
2342,0
2343,1
2344,1
2346,1
2347,1
2348,0
2349,0
2350,0
2351,0
2354,1
2355,1
2356,0
2363,1
2364,1
2365,1
2366,1
2367,1
2368,1
2371,0
2372,0
2373,1
2376,0
2377,0
2378,1
2381,1
2382,1
2387,1
2389,0
2390,0
2392,1
2396,1
2400,1
2401,1
2404,1
2405,0
2413,1
2414,1
2415,1
2416,1
2418,1
2419,1
2421,1
2422,1
2424,1
2426,1
2428,0
2430,0
2432,1
2434,1
2435,1
2436,1
2437,1
2439,1
2440,0
2442,1
2443,0
2444,0
2446,1
2447,1
2449,1
2450,1
2453,1
2454,1
2455,1
2458,0
2460,0
2462,1
2464,0
2465,0
2466,1
2467,1
2468,1
2470,1
2472,1
2473,1
2474,1
2475,1
2476,1
2477,1
2479,1
2480,1
2481,1
2482,1
2486,1
2489,1
2491,1
2492,1
2493,1
2494,1
2495,1
2496,1
2498,1
2501,1
2502,0
2506,1
2507,1
2508,1
2509,1
2510,1
2511,1
2514,1
2515,1
2516,1
2519,1
2527,0
2528,1
2531,1
2532,1
2533,0
2534,1
2535,1
2536,1
2537,1
2538,1
2539,1
2540,1
2541,1
2542,1
2545,1
2546,1
2547,1
2548,1
2549,0
2550,1
2554,1
2555,1
2556,1
2561,1
2563,1
2568,0
2569,1
2570,1
2571,1
2580,1
2582,1
2583,1
2585,1
2586,1
2588,1
2592,1
2593,1
2595,1
2596,1
2597,1
2600,1
2601,1
2603,1
2604,1
2605,1
2606,1
2607,1
2608,1
2611,1
2612,1
2614,1
2615,1
2616,1
2619,1
2625,0
2626,1
2633,1
2636,1
2637,1
2640,1
2642,0
2643,0
2645,1
2650,1
2651,1
2652,1
2653,1
2655,1
2656,1
2662,1
2663,1
2666,1
2668,0
2669,0
2670,0
2671,1
2672,1
2676,1
2679,1
2681,1
2682,1
2686,1
2700,1
2701,1
2702,1
2706,1
2710,1
2711,0
2713,1
2715,1
2719,1
2722,1
2723,1
2724,1
2730,1
2731,1
2732,1
2733,1
2734,1
2735,1
2738,1
2739,0
2740,0
2741,1
2742,0
2743,1
2744,1
2750,0
2751,1
2752,1
2754,1
2755,1
2756,0
2757,1
2758,1
2759,1
2760,1
2761,1
2762,0
2763,0
2770,1
2772,1
2773,1
2774,1
2777,1
2778,1
2779,1
2782,0
2783,1
2784,1
2786,1
2787,1
2794,1
2795,0
2797,0
2798,1
2800,0
2806,1
2807,1
2808,1
2809,1
2810,1
2816,1
2829,1
2833,1
2835,1
2836,1
2837,1
2839,1
2840,1
2852,1
2855,1
2857,1
2859,1
2861,1
2862,1
2865,1
2866,1
2868,1
2869,0
2870,1
2872,0
2873,0
2874,0
2875,0
2876,0
2877,1
2878,0
2879,0
2880,0
2884,0
2888,0
2891,1
2893,1
2896,1
2897,1
2900,1
2909,1
2910,1
2911,1
2913,0
2914,0
2918,1
2919,1
2921,1
2929,1
2935,1
2936,1
2937,1
2940,1
2941,1
2942,1
2944,1
2946,1
2948,1
2949,0
2951,1
2952,1
2955,1
2956,1
2957,1
2958,0
2959,0
2961,1
2963,1
2964,0
2968,0
2970,0
2971,0
2972,0
2974,0
2975,1
2976,1
2977,1
2980,1
2984,1
2985,1
2986,0
2987,0
2989,1
2990,1
2996,1
2997,1
2999,1
3006,1
3011,1
3012,1
3013,1
3014,1
3015,1
3016,1
3017,1
3021,1
3022,0
3023,1
3025,1
3026,1
3027,1
3028,0
3030,1
3031,1
3033,1
3034,1
3035,1
3036,1
3037,1
3038,1
3039,1
3041,1
3042,0
3043,1
3047,1
3051,1
3054,1
3055,1
3056,1
3057,1
3058,1
3060,1
3062,1
3065,1
3067,1
3070,1
3071,1
3072,0
3074,1
3076,1
3078,1
3080,1
3085,1
3086,1
3087,0
3088,1
3089,1
3091,1
3092,0
3093,1
3094,1
3096,1
3097,1
3098,1
3099,1
3100,1
3101,1
3102,1
3103,1
3104,1
3106,1
3107,1
3110,1
3111,1
3113,1
3114,1
3116,1
3117,0
3119,0
3120,1
3121,1
3122,1
3126,1
3127,1
3128,1
3129,1
3131,1
3132,1
3136,1
3138,0
3140,1
3141,1
3142,1
3143,1
3144,1
3146,0
3147,1
3151,1
3152,1
3153,1
3154,0
3157,1
3161,1
3162,1
3164,1
3165,0
3166,1
3167,1
3169,1
3172,1
3174,1
3180,0
3183,1
3184,0
3185,1
3186,0
3187,1
3190,1
3191,1
3192,1
3193,1
3194,1
3195,1
3196,1
3197,1
3198,1
3199,1
3201,1
3202,1
3204,1
3205,1
3206,1
3207,1
3208,1
3209,1
3213,1
3214,1
3215,1
3221,1
3223,1
3227,0
3228,1
3229,1
3231,1
3232,1
3233,1
3234,0
3235,1
3236,1
3237,0
3238,1
3239,1
3240,0
3241,0
3242,0
3243,1
3245,1
3246,1
3247,1
3249,1
3250,1
3253,0
3256,1
3257,1
3258,1
3265,1
3266,1
3269,1
3271,0
3272,1
3273,1
3277,1
3286,1
3287,1
3288,1
3289,1
3292,1
3293,1
3294,1
3296,1
3297,1
3299,1
3300,0
3301,1
3302,1
3303,1
3304,1
3305,1
3309,1
3311,1
3313,1
3316,1
3325,1
3330,0
3332,1
3335,1
3336,1
3341,1
3342,0
3346,1
3347,1
3348,1
3351,1
3352,0
3353,0
3354,1
3358,1
3359,0
3360,1
3361,1
3362,1
3368,0
3370,1
3375,1
3381,1
3385,1
3386,1
3391,1
3394,1
3395,1
3397,1
3399,1
3400,1
3401,1
3402,1
3403,1
3404,1
3405,1
3406,1
3408,0
3410,1
3413,1
3414,1
3415,1
3416,1
3420,1
3421,1
3422,1
3424,1
3426,0
3427,1
3428,1
3430,1
3431,1
3432,1
3433,1
3438,0
3439,1
3440,1
3441,1
3442,1
3443,1
3444,1
3445,1
3450,1
3451,1
3454,0
3455,1
3457,1
3458,1
3459,1
3460,1
3461,1
3464,1
3465,1
3466,1
3467,1
3468,1
3470,1
3472,1
3473,1
3475,1
3476,0
3478,1
3479,1
3480,1
3481,1
3482,1
3483,1
3484,1
3486,1
3487,0
3489,1
3490,1
3492,1
3493,1
3496,1
3497,1
3498,1
3499,1
3500,1
3502,1
3503,1
3504,1
3505,1
3506,1
3507,0
3508,1
3509,1
3510,1
3511,1
3512,1
3513,1
3514,1
3515,1
3516,1
3517,0
3518,1
3520,0
3523,1
3525,1
3526,0
3527,1
3528,1
3529,1
3530,1
3531,1
3532,0
3533,0
3534,0
3535,1
3536,1
3537,1
3540,1
3541,1
3543,1
3544,1
3545,1
3546,1
3547,1
3548,1
3549,0
3551,1
3554,1
3556,1
3557,1
3559,1
3561,1
3563,1
3566,1
3567,1
3568,0
3570,1
3573,1
3576,1
3577,1
3580,1
3581,1
3582,1
3584,1
3585,1
3586,0
3588,1
3589,1
3590,1
3591,1
3592,0
3594,0
3595,1
3596,1
3597,1
3599,1
3601,0
3602,1
3605,1
3606,1
3608,1
3610,1
3612,0
3616,1
3617,1
3619,1
3621,1
3622,1
3624,1
3625,1
3631,1
3633,1
3634,1
3637,1
3639,1
3641,1
3642,1
3644,1
3650,1
3651,1
3653,0
3655,1
3658,1
3659,1
3662,1
3665,1
3666,1
3667,1
3668,1
3670,0
3671,1
3672,1
3673,0
3674,0
3678,0
3679,1
3680,0
3681,0
3683,1
3684,1
3685,1
3686,1
3687,1
3688,1
3690,1
3692,1
3693,0
3694,1
3695,1
3696,1
3697,1
3698,0
3700,0
3701,1
3702,1
3704,1
3705,1
3706,0
3707,0
3708,0
3709,0
3712,1
3713,1
3714,0
3716,1
3720,1
3721,1
3722,1
3724,1
3725,1
3726,1
3729,0
3730,0
3731,1
3734,0
3735,1
3736,0
3737,1
3740,1
3741,1
3746,1
3747,0
3748,0
3750,1
3751,1
3755,1
3759,1
3760,1
3763,1
3764,0
3772,1
3773,1
3774,1
3775,1
3777,1
3778,1
3780,1
3781,1
3784,1
3786,0
3787,1
3788,0
3790,1
3792,1
3793,1
3794,1
3795,1
3797,1
3798,0
3800,1
3801,0
3802,0
3804,1
3805,1
3807,1
3808,1
3811,1
3812,1
3813,1
3816,0
3818,0
3820,1
3822,0
3823,0
3824,1
3825,1
3826,1
3828,1
3830,1
3831,1
3832,1
3833,1
3834,1
3835,1
3837,1
3838,1
3839,1
3840,1
3844,1
3847,1
3849,1
3851,1
3852,1
3853,1
3854,1
3856,1
3859,1
3863,1
3864,1
3865,1
3866,1
3867,1
3868,1
3871,1
3872,1
3873,1
3876,1
3884,0
3885,1
3888,1
3889,1
3890,0
3891,1
3892,1
3893,1
3894,1
3895,1
3896,1
3897,1
3898,1
3899,1
3902,1
3903,1
3904,1
3905,1
3906,0
3907,1
3910,1
3911,1
3912,1
3917,1
3919,1
3924,0
3925,1
3926,1
3927,1
3935,1
3937,1
3938,1
3940,1
3941,1
3942,1
3944,1
3948,1
3949,1
3951,1
3952,1
3953,1
3956,1
3957,1
3959,1
3960,1
3961,1
3962,1
3963,1
3966,1
3967,1
3969,1
3970,1
3971,1
3974,1
3980,0
3986,1
3989,1
3990,0
3993,1
3995,0
3996,0
3998,1
4003,1
4004,1
4005,1
4006,1
4007,1
4014,1
4015,1
4018,1
4020,0
4021,0
4022,0
4023,1
4024,1
4028,1
4031,1
4033,1
4037,1
4051,1
4052,1
4053,1
4057,1
4061,1
4062,0
4064,1
4066,1
4070,1
4073,1
4074,1
4075,1
4081,1
4082,1
4083,1
4084,1
4085,1
4086,1
4089,1
4090,0
4091,0
4092,1
4093,0
4094,1
4095,1
4101,0
4102,1
4103,1
4105,1
4106,1
4107,0
4108,1
4109,1
4110,1
4111,1
4112,1
4113,0
4114,0
4120,1
4122,1
4123,1
4126,1
4127,1
4128,1
4131,0
4132,1
4133,1
4135,1
4136,1
4143,1
4144,0
4145,0
4146,1
4148,0
4154,1
4155,1
4156,1
4157,1
4158,1
4164,1
4176,1
4180,1
4182,1
4183,1
4184,1
4186,1
4187,1
4198,1
4201,1
4203,1
4205,1
4207,1
4209,1
4210,0
4211,1
4213,0
4214,0
4215,0
4216,0
4217,0
4218,1
4219,0
4220,0
4221,0
4224,1
4228,0
4230,1
4234,1
4235,1
4238,1
4247,1
4248,1
4249,1
4251,0
4252,0
4253,1
4256,1
4257,1
4259,1
4267,1
4274,1
4275,1
4276,1
4278,1
4279,1
4280,1
4282,1
4284,1
4286,1
4287,0
4289,1
4290,1
4291,1
4292,1
4293,1
4294,0
4295,0
4297,1
4299,1
4300,0
4304,0
4306,0
4307,0
4308,0
4310,0
4311,1
4312,0
4314,1
4316,1
4319,1
4321,1
4322,1
4325,1
4328,1
4329,1
4331,0
4336,1
4338,1
4340,1
4341,0
4343,1
4350,1
4354,0
4357,0
4358,1
4366,1
4368,1
4369,0
4370,1
4372,0
4374,1
4375,1
4376,1
4380,1
4382,0
4389,1
4390,1
4391,1
4392,1
4395,0
4396,0
4400,1
4401,1
4402,0
4403,1
4404,1
4405,1
4406,1
4412,1
4414,1
4416,1
4418,1
4422,1
4424,0
4427,1
4431,0
4434,1
4436,1
4437,0
4438,1
4440,1
4444,1
4445,1
4446,1
4448,1
4452,1
4453,1
4454,1
4456,0
4459,1
4460,1
4462,1
4463,1
4464,1
4465,1
4466,1
4471,1
4472,1
4473,1
4475,1
4479,1
4480,1
4481,0
4482,1
4484,0
4486,1
4488,0
4489,1
4490,1
4491,0
4493,1
4494,0
4496,1
4497,0
4499,1
4501,1
4503,1
4504,1
4507,1
4508,1
4509,1
4510,0
4511,1
4515,1
4517,1
4518,1
4519,1
4520,1
4521,1
4522,0
4523,0
4524,0
4525,1
4527,1
4531,0
4532,1
4534,1
4536,1
4542,0
4543,1
4546,0
4547,0
4552,1
4553,1
4554,0
4555,0
4556,1
4559,1
4562,1
4563,1
4564,0
4566,1
4571,1
4573,1
4575,1
4577,1
4578,0
4580,1
4581,0
4582,1
4583,0
4585,1
4586,0
4587,0
4588,1
4589,0
4590,0
4591,0
4592,0
4593,0
4594,1
4596,1
4597,1
4598,0
4599,0
4600,0
4601,0
4602,0
4603,0
4604,1
4606,0
4607,0
4609,1
4615,1
4616,1
4617,1
4620,0
4621,0
4624,1
4625,0
4626,1
4627,1
4628,0
4629,0
4630,0
4631,1
4632,0
4633,0
4634,0
4635,0
4636,0
4637,0
4638,1
4639,0
4640,1
4641,0
4642,0
4643,0
4647,0
4649,0
4651,1
4652,0
4653,0
4654,1
4655,0
4657,0
4659,1
4665,0
4668,1
4669,1
4671,1
4672,1
4673,1
4674,1
4677,1
4679,1
4680,1
4684,0
4685,1
4689,1
4690,1
4691,1
4692,1
4694,1
4697,0
4698,0
4702,0
4703,1
4706,0
4713,1
4716,1
4717,1
4719,1
4721,0
4723,0
4725,0
4726,0
4728,0
4729,0
4734,1
4737,1
4743,1
4746,1
4749,1
4750,1
4754,1
4764,0
4765,1
4767,1
4769,1
4771,0
4772,0
4773,0
4778,1
4779,1
4780,1
4781,0
4782,1
4783,0
4786,1
4788,0
4791,1
4794,1
4795,1
4796,1
4797,0
4798,0
4799,1
4800,0
4802,0
4803,0
4805,1
4806,0
4810,0
4815,1
4816,1
4817,1
4818,0
4819,1
4820,1
4821,1
4824,1
4825,1
4827,0
4828,1
4829,1
4831,0
4832,0
4833,0
4834,1
4835,1
4839,1
4840,1
4841,1
4842,0
4844,1
4845,1
4849,0
4850,1
4851,0
4852,0
4853,0
4854,0
4855,0
4856,0
4857,0
4858,0
4859,0
4860,1
4861,0
4862,0
4865,1
4868,1
4869,1
4870,1
4871,1
4873,0
4881,0
4885,1
4886,1
4887,1
4888,1
4890,1
4891,1
4893,1
4897,1
4899,1
4902,1
4904,1
4905,1
4906,1
4907,1
4908,1
4911,1
4914,1
4916,1
4917,1
4918,1
4920,1
4921,0
4922,1
4925,1
4926,0
4927,1
4928,0
4929,1
4931,0
4932,0
4934,0
4935,0
4936,0
4937,0
4941,1
4947,1
4950,1
4951,1
4956,1
4958,1
4960,1
4961,0
4965,1
4967,1
4968,1
4971,1
4972,0
4973,1
4976,1
4977,1
4979,1
4980,1
4981,1
4982,1
4983,1
4992,1
4993,1
4995,1
4999,1
5000,1
5001,1
5002,1
5004,1
5009,1
5010,1
5011,1
5012,1
5014,1
5015,1
5016,1
5019,0
5020,1
5021,0
5025,1
5026,1
5027,0
5028,1
5033,1
5035,1
5037,0
5042,0
5043,1
5045,1
5046,1
5047,0
5048,1
5049,1
5051,1
5052,1
5053,0
5054,1
5056,0
5060,1
5062,1
5064,1
5067,1
5069,0
5070,1
5072,0
5073,1
5077,1
5078,1
5079,0
5084,0
5085,0
5087,1
5088,0
5090,1
5091,1
5092,1
5093,0
5094,0
5095,0
5096,0
5097,0
5099,1
5100,0
5101,1
5102,1
5103,0
5104,1
5105,1
5106,1
5108,1
5109,1
5110,1
5111,1
5112,1
5114,1
5115,1
5117,1
5120,0
5121,1
5123,1
5125,1
5127,1
5128,1
5129,0
5133,1
5135,1
5136,1
5137,1
5139,1
5140,1
5141,1
5142,1
5143,1
5145,0
5146,0
5147,1
5148,0
5149,1
5150,1
5151,1
5157,1
5159,1
5161,1
5163,1
5165,1
5168,0
5169,0
5170,0
5171,0
5172,1
5173,1
5174,1
5176,1
5179,1
5180,1
5181,1
5182,1
5183,0
5188,1
5191,1
5192,1
5195,1
5196,0
5197,1
5198,0
5206,1
5209,1
5210,1
5214,1
5216,1
5219,1
5222,1
5223,0
5224,1
5227,0
5230,0
5232,1
5233,1
5236,1
5240,0
5243,1
5244,1
5248,1
5249,1
5250,1
5252,1
5256,1
5257,1
5258,0
5260,1
5262,1
5264,1
5265,1
5266,1
5267,1
5268,1
5270,1
5271,1
5272,1
5273,1
5274,0
5275,1
5276,0
5277,1
5278,1
5281,0
5282,0
5283,0
5285,1
5287,0
5288,0
5289,0
5290,0
5291,1
5292,0
5293,1
5294,1
5295,1
5296,1
5297,0
5298,1
5299,1
5301,0
5302,1
5303,0
5304,1
5306,1
5307,0
5308,0
5309,0
5310,1
5311,0
5312,1
5314,0
5315,0
5316,0
5317,1
5318,0
5319,0
5320,1
5324,1
5326,1
5329,1
5333,0
5334,1
5335,1
5338,1
5341,0
5351,0
5352,1
5355,1
5357,1
5358,1
5359,1
5360,1
5361,1
5362,1
5363,0
5366,0
5367,1
5368,1
5369,1
5370,1
5371,1
5372,1
5373,1
5374,1
5375,1
5376,1
5377,0
5379,1
5383,0
5384,1
5385,1
5386,1
5388,1
5390,1
5392,1
5393,1
5395,1
5398,1
5399,1
5401,1
5404,0
5405,1
5406,0
5407,1
5409,1
5411,1
5412,0
5413,0
5414,0
5418,1
5419,1
5420,1
5421,0
5422,1
5423,0
5425,1
5426,1
5428,0
5429,1
5430,0
5432,1
5433,1
5434,1
5435,1
5437,1
5440,1
5441,1
5442,1
5443,1
5448,0
5449,1
5451,0
5452,1
5453,0
5457,1
5459,0
5461,0
5463,1
5464,0
5465,0
5466,1
5467,0
5472,0
5473,0
5474,1
5475,0
5476,1
5477,1
5478,1
5480,0
5481,0
5482,1
5484,1
5486,1
5487,1
5488,1
5489,0
5490,1
5491,0
5493,0
5494,1
5495,0
5497,0
5498,1
5500,1
5502,1
5503,1
5504,0
5506,1
5507,1
5510,1
5511,0
5513,1
5515,1
5516,0
5519,0
5520,1
5522,0
5523,1
5525,1
5526,0
5527,0
5529,0
5533,0
5536,1
5538,1
5540,0
5541,1
5543,0
5546,1
5551,1
5552,1
5553,1
5554,0
5555,0
5556,0
5558,1
5559,0
5561,1
5563,1
5564,1
5565,1
5566,1
5567,0
5569,1
5570,1
5571,1
5572,0
5574,1
5576,1
5577,1
5578,1
5580,1
5583,1
5584,1
5585,1
5586,1
5588,1
5594,1
5595,1
5596,1
5597,0
5598,1
5599,0
5600,1
5601,0
5602,1
5603,1
5604,1
5606,0
5607,0
5608,1
5609,1
5610,1
5611,1
5612,0
5613,1
5614,0
5616,0
5617,0
5618,0
5619,0
5620,0
5621,0
5624,0
5625,1
5626,0
5627,1
5631,1
5633,1
5636,1
5637,0
5640,0
5646,1
5647,1
5648,0
5649,1
5650,1
5651,1
5652,0
5653,0
5657,0
5658,1
5659,0
5660,1
5661,1
5662,0
5663,1
5664,0
5665,1
5666,1
5669,0
5670,0
5671,1
5674,1
5676,1
5677,0
5678,0
5679,0
5680,0
5681,1
5682,1
5683,0
5684,0
5685,1
5686,0
5687,1
5688,1
5689,1
5691,0
5694,1
5695,1
5697,0
5701,0
5703,1
5704,1
5705,1
5706,1
5712,0
5713,1
5714,1
5715,0
5716,0
5719,1
5720,1
5721,1
5722,1
5723,1
5724,0
5727,0
5728,1
5729,1
5730,0
5731,0
5732,1
5733,0
5734,0
5735,0
5736,1
5737,1
5738,1
5740,1
5741,1
5745,0
5746,0
5747,1
5748,1
5749,1
5750,0
5751,1
5755,0
5756,0
5758,0
5759,1
5760,1
5761,0
5762,1
5763,0
5764,0
5766,1
5768,1
5770,1
5771,1
5772,0
5775,0
5776,0
5777,1
5778,1
5779,1
5780,1
5783,0
5785,1
5786,0
5787,1
5788,1
5789,0
5790,0
5791,1
5792,1
5793,1
5794,1
5795,0
5796,1
5797,1
5801,0
5802,0
5804,1
5805,0
5807,1
5808,0
5809,1
5811,0
5814,1
5815,0
5816,0
5817,1
5818,0
5820,1
5822,1
5823,1
5824,0
5828,1
5829,0
5831,1
5832,1
5833,1
5834,1
5836,1
5839,1
5841,0
5842,1
5843,1
5845,1
5850,0
5853,1
5855,0
5857,1
5858,1
5859,1
5866,1
5867,1
5870,1
5872,1
5873,0
5876,0
5880,0
5881,1
5884,1
5886,1
5890,1
5892,1
5895,0
5897,1
5898,0
5899,1
5900,0
5901,1
5903,0
5904,0
5905,1
5906,0
5907,1
5908,0
5909,0
5911,1
5912,1
5915,0
5917,1
5918,1
5923,1
5924,1
5925,1
5927,1
5932,1
5933,1
5934,1
5935,1
5938,1
5939,1
5941,1
5942,1
5946,0
5947,1
5949,0
5951,1
5952,0
5953,0
5956,0
5958,1
5960,0
5962,0
5963,1
5967,0
5968,1
5971,1
5974,0
5975,1
5977,0
5978,1
5979,0
5981,1
5983,0
5988,1
5990,1
5991,0
5992,0
5993,0
5994,1
5995,1
5996,0
5998,1
6000,1
6002,1
6003,1
6004,1
6006,0
6010,1
6011,0
6012,1
6015,1
6016,1
6020,1
6024,1
6026,1
6032,1
6034,1
6037,1
6039,1
6040,1
6041,1
6042,1
6043,1
6044,1
6045,1
6048,1
6053,1
6055,0
6057,0
6058,0
6059,0
6063,1
6064,1
6065,0
6067,1
6068,1
6070,1
6072,0
6073,0
6074,1
6076,1
6077,1
6079,1
6080,1
6081,0
6082,1
6088,1
6090,1
6094,1
6095,1
6096,1
6098,1
6100,1
6101,0
6102,1
6104,1
6106,0
6107,1
6108,1
6109,1
6110,0
6111,1
6112,1
6113,0
6114,0
6115,0
6116,1
6117,1
6118,1
6119,1
6120,1
6121,1
6122,0
6123,1
6124,0
6126,1
6127,0
6128,1
6130,0
6132,1
6136,0
6139,1
6143,0
6146,1
6148,1
6149,1
6150,1
6151,1
6155,1
6160,1
6163,1
6166,0
6167,1
6168,0
6170,1
6173,1
6174,1
6176,0
6177,1
6180,1
6181,1
6182,0
6183,0
6185,0
6186,0
6187,0
6188,0
6189,1
6190,0
6191,1
6194,1
6195,0
6196,0
6199,1
6200,0
6201,0
6202,1
6204,0
6207,0
6208,0
6212,0
6214,1
6215,0
6217,0
6218,0
6219,0
6220,0
6221,0
6222,0
6223,0
6224,1
6226,0
6227,0
6228,0
6234,0
6236,1
6237,0
6238,1
6240,0
6241,1
6242,1
6243,1
6244,1
6247,1
6248,1
6249,0
6250,0
6251,1
6252,1
6255,0
6256,0
6257,0
6258,1
6259,0
6260,0
6262,0
6264,0
6268,1
6269,1
6271,0
6272,1
6273,1
6274,0
6275,1
6276,0
6278,1
6279,0
6280,0
6281,1
6283,1
6284,1
6285,1
6286,0
6287,0
6288,0
6289,1
6290,0
6292,0
6293,1
6296,0
6298,0
6299,0
6300,1
6301,0
6302,1
6303,1
6304,0
6305,0
6306,0
6307,0
6309,1
6310,1
6311,0
6315,0
6317,1
6318,0
6319,1
6320,1
6321,1
6322,1
6323,1
6324,0
6325,0
6326,1
6327,0
6328,0
6329,0
6330,0
6331,1
6333,1
6334,0
6335,0
6336,1
6337,0
6338,1
6339,1
6341,0
6342,1
6343,0
6344,1
6346,1
6348,0
6349,0
6351,0
6352,0
6354,0
6355,1
6356,1
6359,0
6362,1
6363,1
6364,0
6365,1
6366,1
6368,1
6369,0
6370,1
6371,1
6372,0
6373,0
6374,0
6375,0
6376,1
6378,1
6379,0
6382,0
6385,1
6387,1
6389,0
6390,1
6391,1
6392,0
6393,1
6396,1
6401,1
6403,1
6404,1
6405,0
6409,1
6410,1
6411,0
6412,0
6413,1
6415,0
6417,0
6418,1
6419,0
6420,0
6421,1
6422,1
6423,0
6424,0
6425,0
6426,1
6427,1
6430,0
6431,1
6432,1
6434,0
6437,0
6439,0
6441,1
6447,0
6448,1
6450,0
6451,0
6454,1
6455,0
6456,0
6457,1
6459,1
6460,1
6461,1
6464,1
6465,0
6467,0
6468,0
6469,1
6470,1
6471,1
6472,1
6473,1
6474,1
6475,1
6476,1
6477,1
6478,0
6480,1
6481,0
6482,1
6484,1
6487,0
6488,0
6491,0
6492,1
6497,1
6499,1
6500,0
6501,0
6502,0
6503,0
6504,0
6505,1
6506,1
6507,0
6508,0
6509,0
6510,0
6511,0
6512,0
6513,1
6515,0
6516,0
6518,1
6519,0
6520,0
6521,0
6522,1
6523,0
6527,1
6531,1
6532,1
6533,1
6534,1
6535,1
6536,0
6538,1
6541,0
6542,0
6543,0
6544,1
6548,1
6549,1
6553,1
6554,0
6555,1
6556,1
6557,0
6558,1
6561,1
6562,0
6563,0
6564,1
6567,1
6568,0
6569,1
6571,1
6572,1
6573,0
6574,1
6576,1
6582,1
6583,1
6586,1
6590,1
6591,1
6595,1
6601,1
6603,0
6604,0
6605,1
6606,0
6608,1
6609,0
6610,0
6611,0
6612,0
6614,1
6615,0
6617,0
6622,0
6624,1
6627,1
6628,1
6631,1
6633,1
6635,1
6638,1
6639,1
6642,1
6643,1
6645,0
6646,0
6647,1
6648,1
6653,0
6654,1
6655,1
6656,1
6657,1
6658,0
6659,0
6662,0
6663,1
6664,1
6666,1
6667,0
6668,1
6669,0
6670,1
6672,1
6673,0
6674,0
6675,1
6676,0
6677,0
6678,0
6680,1
6681,0
6682,0
6683,0
6685,1
6686,1
6687,1
6688,1
6690,1
6693,1
6694,1
6699,0
6700,1
6701,1
6702,0
6703,1
6704,1
6705,1
6708,0
6711,1
6712,0
6713,1
6714,0
6715,1
6716,1
6717,1
6718,1
6720,0
6723,0
6724,0
6725,1
6727,1
6728,1
6730,0
6731,1
6732,1
6734,1
6735,0
6736,0
6737,0
6738,1
6739,1
6740,1
6741,0
6743,1
6744,1
6745,1
6747,0
6748,1
6749,1
6750,1
6751,1
6752,1
6753,1
6755,0
6756,1
6757,1
6761,1
6762,1
6765,1
6766,1
6769,1
6773,0
6776,1
6777,0
6778,1
6783,1
6787,1
6788,1
6789,0
6790,0
6792,1
6793,1
6794,1
6796,1
6798,1
6799,1
6800,0
6802,1
6803,0
6805,0
6808,1
6809,1
6811,1
6812,1
6813,1
6814,1
6815,1
6816,1
6819,1
6820,1
6821,1
6823,0
6832,1
6834,1
6835,1
6836,1
6837,1
6838,0
6839,1
6840,0
6843,1
6844,1
6845,1
6846,1
6847,1
6848,0
6849,1
6850,0
6851,1
6852,1
6853,1
6854,1
6855,0
6856,1
6859,1
6863,0
6866,1
6867,1
6868,1
6869,1
6870,1
6872,1
6873,0
6874,1
6875,0
6877,1
6878,1
6882,0
6884,1
6886,0
6887,1
6888,1
6889,1
6890,1
6891,1
6894,0
6896,0
6897,0
6898,1
6899,1
6900,1
6901,1
6902,1
6904,1
6905,0
6906,0
6907,0
6908,1
6909,1
6910,1
6911,1
6913,1
6915,1
6916,1
6917,1
6918,1
6919,1
6921,1
6923,0
6926,1
6928,1
6930,0
6931,1
6933,1
6934,1
6935,0
6936,1
6937,1
6939,0
6940,0
6941,0
6942,1
6943,1
6945,1
6946,0
6947,1
6949,1
6951,1
6952,1
6953,1
6954,1
6956,1
6959,1
6961,0
6962,1
6964,1
6965,1
6966,0
6967,1
6968,1
6969,1
6970,0
6972,0
6977,0
6978,0
6979,0
6980,0
6981,1
6984,1
6985,0
6986,0
6987,1
6988,0
6989,0
6991,1
6992,1
6993,1
6994,0
6995,1
6997,0
6998,0
7000,1
7003,1
7004,1
7005,0
7006,0
7007,1
7008,1
7009,0
7010,1
7011,0
7012,1
7013,1
7014,1
7015,1
7016,1
7018,1
7019,0
7020,1
7021,0
7022,0
7023,1
7024,0
7025,0
7026,1
7027,1
7028,1
7029,1
7034,0
7035,0
7036,1
7038,0
7039,0
7040,1
7041,0
7042,0
7043,1
7044,1
7046,1
7050,1
7051,1
7053,0
7054,0
7055,1
7057,0
7058,0
7061,1
7062,1
7063,1
7064,1
7065,0
7066,1
7068,1
7071,1
7072,1
7075,1
7077,1
7079,1
7080,0
7081,1
7082,0
7084,1
7085,1
7086,0
7087,1
7088,0
7089,0
7090,1
7091,0
7092,0
7093,1
7096,1
7097,1
7098,0
7100,0
7101,0
7103,0
7104,1
7106,1
7107,0
7108,0
7109,0
7110,0
7111,0
7112,1
7113,0
7114,0
7116,0
7117,0
7118,1
7122,1
7126,1
7129,1
7130,1
7133,1
7135,0
7136,1
7137,1
7138,0
7139,0
7143,0
7144,0
7145,0
7146,1
7149,1
7152,0
7163,1
7166,1
7175,1
7176,1
7178,0
7179,1
7181,0
7182,1
7184,1
7185,0
7186,0
7189,0
7190,1
7191,0
7192,0
7193,0
7194,0
7195,1
7197,1
7199,1
7200,1
7201,1
7203,1
7205,1
7206,0
7207,1
7208,0
7209,0
7211,1
7212,0
7213,0
7214,0
7215,1
7218,1
7219,1
7220,0
7221,0
7223,0
7224,1
7225,1
7226,0
7227,1
7229,1
7231,0
7232,1
7233,1
7234,0
7235,0
7239,0
7240,1
7243,0
7244,0
7245,0
7247,1
7249,1
7250,1
7251,1
7252,0
7255,1
7256,1
7257,1
7262,1
7265,1
7266,0
7271,1
7272,1
7273,1
7277,1
7278,1
7279,1
7280,1
7281,0
7282,0
7285,0
7286,1
7288,1
7292,1
7293,1
7294,1
7296,1
7297,1
7299,0
7301,0
7302,0
7303,1
7305,0
7306,1
7307,1
7308,1
7309,0
7310,1
7311,0
7312,1
7313,0
7314,1
7315,1
7316,1
7317,1
7318,1
7319,0
7320,1
7321,1
7324,1
7325,0
7326,1
7328,1
7331,1
7332,1
7334,1
7335,0
7336,1
7337,1
7338,1
7340,1
7341,1
7343,1
7344,1
7346,1
7349,0
7351,1
7352,1
7354,1
7357,1
7358,1
7359,0
7360,0
7361,1
7362,0
7363,1
7364,1
7366,1
7368,1
7370,1
7372,1
7373,0
7375,1
7376,0
7377,1
7378,1
7381,1
7382,1
7383,1
7384,1
7386,1
7387,1
7388,1
7389,1
7391,1
7392,1
7393,1
7394,1
7396,0
7397,1
7398,0
7402,0
7403,0
7404,1
7407,1
7408,1
7409,1
7410,1
7411,0
7412,0
7413,0
7415,1
7416,1
7418,0
7419,1
7420,1
7421,0
7425,0
7426,0
7427,0
7428,1
7429,0
7430,0
7431,1
7432,1
7433,1
7434,0
7437,1
7438,1
7440,1
7441,1
7446,0
7448,0
7449,0
7450,0
7451,1
7452,1
7455,1
7456,1
7457,0
7458,0
7459,1
7460,0
7462,1
7463,1
7466,1
7472,1
7477,1
7479,1
7483,1
7484,1
7485,1
7490,1
7491,0
7493,1
7498,0
7499,1
7500,1
7501,1
7503,1
7504,1
7505,1
7506,0
7507,0
7510,1
7511,1
7512,1
7515,1
7516,1
7518,1
7520,0
7521,1
7523,1
7524,1
7525,1
7528,1
7532,0
7533,1
7534,1
7535,0
7537,1
7538,1
7541,1
7542,1
7543,1
7544,0
7546,0
7547,1
7549,1
7550,1
7553,1
7555,1
7556,1
7558,0
7559,1
7560,1
7561,0
7565,1
7567,1
7568,1
7569,1
7570,1
7571,0
7572,1
7573,1
7574,0
7578,1
7582,1
7583,1
7585,1
7587,1
7590,1
7592,1
7593,1
7595,1
7597,1
7599,0
7601,0
7603,1
7605,1
7607,1
7608,1
7611,0
7612,1
7613,1
7614,1
7616,1
7617,1
7618,0
7619,0
7620,0
7622,0
7623,1
7624,1
7626,1
7627,1
7629,0
7631,1
7632,1
7633,1
7635,1
7636,0
7639,0
7641,1
7643,1
7644,0
7645,0
7646,1
7648,1
7649,0
7651,1
7654,0
7655,1
7656,0
7657,1
7662,1
7664,1
7667,1
7668,0
7669,1
7670,1
7673,1
7675,1
7678,0
7679,0
7680,1
7686,1
7687,1
7688,1
7689,0
7690,1
7691,1
7692,1
7697,0
7698,1
7699,1
7703,1
7704,1
7705,0
7707,1
7709,0
7710,1
7712,0
7713,1
7716,1
7717,1
7719,1
7720,1
7721,1
7723,0
7725,0
7728,1
7730,1
7732,1
7733,1
7734,1
7737,1
7738,1
7739,1
7741,1
7742,0
7744,0
7746,1
7748,1
7749,1
7750,0
7751,0
7752,1
7753,1
7754,1
7755,0
7757,1
7758,0
7759,0
7760,0
7761,1
7762,0
7763,1
7764,1
7766,0
7767,1
7770,1
7773,1
7775,1
7777,1
7779,1
7780,1
7783,1
7784,0
7786,1
7789,0
7790,1
7791,1
7795,1
7798,1
7804,0
7805,1
7806,1
7807,1
7808,1
7809,0
7811,1
7814,0
7815,0
7818,0
7821,1
7822,1
7823,1
7824,1
7825,1
7826,1
7827,1
7828,1
7829,1
7830,1
7831,1
7832,0
7834,1
7835,1
7836,1
7839,1
7840,1
7842,1
7844,1
7848,0
7849,1
7850,1
7851,0
7852,0
7854,0
7855,1
7856,1
7857,1
7858,1
7859,1
7860,1
7861,1
7862,1
7863,1
7866,1
7868,1
7869,1
7870,0
7871,1
7872,0
7873,1
7874,1
7875,0
7876,1
7877,1
7878,1
7879,1
7880,0
7881,0
7882,1
7889,0
7890,1
7891,1
7893,1
7894,1
7895,1
7896,1
7897,1
7898,1
7899,1
7900,1
7901,1
7904,0
7905,1
7906,1
7907,1
7908,1
7910,1
7911,1
7912,1
7913,1
7914,1
7915,1
7916,1
7917,1
7918,1
7919,1
7920,1
7921,1
7923,1
7924,1
7927,1
7928,1
7929,1
7930,1
7935,0
7936,0
7937,1
7938,1
7940,1
7941,1
7943,1
7944,1
7945,0
7946,1
7947,1
7948,1
7949,0
7950,0
7951,1
7955,1
7957,1
7958,1
7959,1
7960,1
7961,1
7962,1
7963,1
7964,1
7965,1
7966,1
7967,1
7968,1
7970,1
7971,1
7972,1
7973,1
7974,1
7975,1
7976,1
7977,1
7978,1
7980,1
7981,1
7983,1
7984,1
7985,1
7986,1
7987,1
7988,1
7989,1
7990,1
7991,1
7992,1
7993,1
7994,1
7995,1
7996,1
7997,1
7998,1
7999,1
8000,1
8001,1
8003,1
8004,1
8005,1
8006,1
8007,1
8008,1
8010,1
8011,1
8012,1
8013,1
8015,1
8017,1
8018,1
8019,1
8020,1
8021,1
8022,1
8023,1
8025,1
8026,1
8027,1
8028,1
8029,1
8030,1
8031,1
8032,0
8034,1
8041,1
8042,0
8045,1
8046,1
8047,0
8048,1
8049,0
8052,1
8053,1
8054,1
8057,1
8058,1
8059,1
8062,0
8063,1
8064,1
8067,1
8068,1
8069,1
8070,1
8071,1
8072,1
8073,1
8074,1
8075,1
8077,1
8079,1
8080,1
8081,1
8082,1
8083,1
8084,1
8085,1
8086,1
8087,1
8088,1
8089,1
8092,1
8094,1
8095,1
8096,1
8097,1
8099,1
8100,1
8101,1
8103,1
8105,1
8106,1
8108,1
8109,1
8110,1
8111,1
8113,1
8114,1
8115,1
8116,1
8117,1
8118,1
8119,1
8120,1
8121,1
8125,1
8126,1
8127,1
8129,1
8131,1
8132,1
8133,1
8134,1
8135,1
8136,1
8137,1
8138,1
8139,1
8140,1
8141,1
8142,1
8143,1
8144,1
8147,1
8148,1
8149,1
8150,1
8151,1
8152,1
8153,1
8154,1
8156,1
8157,1
8158,1
8159,1
8160,1
8161,1
8162,1
8163,1
8165,1
8166,1
8167,1
8168,1
8169,1
8170,1
8171,1
8172,1
8173,1
8174,1
8175,1
8177,1
8178,1
8179,1
8180,1
8181,1
8186,1
8187,1
8188,1
8190,1
8192,1
8193,1
8194,1
8195,1
8197,1
8199,1
8201,1
8202,1
8203,1
8204,1
8205,1
8206,1
8207,1
8208,1
8209,1
8211,1
8212,1
8213,1
8214,1
8215,1
8217,1
8218,1
8219,1
8220,1
8221,1
8222,1
8223,1
8224,1
8225,1
8226,1
8227,1
8228,1
8229,1
8230,1
8231,1
8232,1
8233,1
8234,1
8235,1
8236,1
8237,1
8238,1
8239,1
8240,1
8241,1
8242,1
8243,1
8244,1
8245,1
8247,1
8248,1
8249,1
8250,1
8251,1
8252,1
8253,1
8254,1
8255,1
8256,1
8257,1
8258,1
8259,1
8261,1
8262,1
8263,1
8264,1
8266,1
8267,1
8268,1
8271,1
8272,1
8273,1
8274,1
8276,1
8277,1
8278,0
8279,1
8280,1
8282,0
8286,1
8287,1
8288,1
8289,1
8290,1
8291,1
8295,0
8296,0
8297,1
8299,1
8300,1
8301,1
8302,1
8303,1
8304,1
8305,1
8306,1
8307,1
8308,1
8309,1
8311,1
8314,1
8315,1
8317,1
8318,1
8319,1
8320,1
8321,1
8322,1
8323,1
8324,1
8325,1
8326,1
8327,1
8328,1
8329,1
8333,0
8334,1
8336,1
8337,1
8339,1
8340,1
8341,1
8342,1
8344,1
8345,1
8346,1
8347,1
8348,1
8349,1
8352,1
8353,1
8358,1
8362,1
8364,1
8365,1
8366,1
8367,1
8368,1
8369,1
8370,1
8371,1
8372,1
8373,1
8374,1
8376,1
8377,1
8378,1
8379,1
8380,1
8381,1
8382,1
8383,1
8384,1
8385,1
8387,1
8388,1
8394,1
8395,1
8396,1
8400,1
8403,1
8404,0
8406,1
8407,1
8414,1
8415,1
8416,1
8417,1
8419,1
8421,1
8422,1
8423,1
8425,1
8426,1
8427,1
8428,1
8429,1
8430,1
8431,1
8432,1
8433,1
8434,1
8435,1
8437,1
8438,1
8439,1
8440,1
8443,1
8444,1
8445,1
8447,1
8448,1
8450,1
8451,1
8452,1
8453,1
8454,0
8456,1
8457,1
8458,1
8459,1
8461,1
8462,1
8463,1
8464,1
8465,1
8467,1
8468,1
8469,1
8470,1
8471,1
8472,1
8473,1
8477,1
8478,1
8479,1
8481,1
8486,0
8487,1
8491,0
8492,1
8494,0
8495,1
8496,1
8497,1
8499,1
8500,1
8501,1
8502,1
8503,1
8504,0
8505,1
8506,1
8507,1
8511,1
8515,1
8516,1
8517,0
8518,1
8519,1
8520,1
8522,1
8523,1
8525,1
8528,1
8529,1
8530,1
8531,1
8532,1
8533,1
8535,1
8536,1
8537,1
8538,1
8539,1
8540,1
8541,1
8542,1
8543,1
8545,1
8546,1
8547,0
8548,1
8551,1
8552,1
8553,1
8555,1
8557,1
8559,1
8561,1
8562,1
8563,1
8564,1
8565,1
8566,1
8567,1
8568,1
8569,1
8570,1
8571,1
8572,1
8573,0
8574,1
8575,1
8576,1
8577,0
8578,1
8579,1
8580,1
8582,1
8583,1
8585,1
8586,0
8587,1
8588,1
8589,1
8590,0
8592,0
8593,1
8594,1
8597,0
8599,1
8600,1
8601,1
8602,1
8603,1
8604,1
8605,1
8606,1
8607,1
8608,1
8609,1
8610,1
8612,1
8613,1
8614,1
8615,1
8616,1
8617,1
8621,1
8622,1
8623,0
8626,1
8629,0
8630,1
8632,1
8633,1
8634,1
8637,1
8638,1
8640,1
8641,0
8643,1
8644,1
8647,1
8648,1
8649,1
8651,1
8652,1
8653,1
8654,1
8655,1
8656,1
8659,1
8660,1
8661,1
8662,1
8663,1
8664,1
8665,1
8666,1
8667,1
8670,1
8673,1
8674,1
8675,1
8676,1
8678,1
8679,1
8681,1
8682,1
8684,1
8685,1
8686,1
8687,1
8688,1
8689,0
8690,1
8691,0
8692,1
8694,1
8695,1
8697,1
8698,1
8699,0
8700,0
8701,1
8702,1
8703,1
8704,1
8705,1
8706,1
8707,1
8708,1
8709,1
8710,1
8711,1
8712,1
8713,1
8714,1
8715,1
8716,1
8717,1
8718,1
8719,1
8720,1
8721,1
8722,1
8723,1
8724,1
8725,1
8729,1
8730,1
8731,1
8733,1
8734,1
8735,1
8736,1
8737,1
8738,1
8741,1
8745,0
8746,0
8747,1
8748,1
8749,1
8752,1
8753,1
8754,1
8756,1
8757,1
8758,1
8759,1
8760,1
8761,1
8762,1
8763,1
8764,1
8765,1
8766,0
8767,1
8768,0
8771,1
8772,1
8774,1
8775,1
8776,1
8781,1
8782,1
8783,1
8784,1
8785,1
8786,1
8787,1
8788,1
8789,1
8790,0
8791,1
8792,1
8793,1
8794,1
8795,1
8796,1
8797,1
8800,0
8801,1
8802,0
8803,1
8804,1
8805,0
8807,0
8808,1
8810,0
8811,1
8813,0
8814,0
8815,1
8816,0
8818,1
8819,1
8821,0
8822,1
8827,1
8828,1
8831,1
8832,1
8833,1
8834,1
8835,1
8836,1
8837,1
8838,1
8839,0
8840,1
8841,1
8842,1
8843,1
8844,1
8845,0
8846,1
8847,1
8848,1
8849,1
8850,1
8851,0
8852,0
8854,1
8857,0
8860,0
8862,0
8865,1
8866,1
8867,1
8870,1
8871,1
8872,1
8873,1
8876,1
8880,1
8881,1
8882,1
8885,1
8886,1
8887,1
8888,0
8889,0
8893,1
8894,0
8895,1
8897,1
8898,1
8899,1
8902,1
8907,1
8908,1
8910,1
8911,0
8913,1
8915,0
8916,1
8917,0
8919,1
8920,1
8921,0
8925,1
8926,1
8927,1
8928,0
8929,1
8931,1
8933,1
8934,1
8935,1
8938,1
8939,0
8940,1
8941,1
8942,0
8943,1
8945,1
8947,1
8948,1
8949,1
8950,0
8952,1
8954,1
8955,1
8956,0
8957,1
8958,1
8960,1
8965,1
8973,0
8975,1
8978,1
8979,0
8980,1
8981,1
8982,0
8987,1
8988,1
8989,0
8990,1
8993,1
8995,1
8996,1
8998,1
8999,1
9000,0
9001,1
9002,1
9003,1
9006,1
9007,1
9008,1
9009,1
9012,1
9014,1
9016,1
9017,1
9018,1
9019,1
9020,1
9021,1
9023,1
9024,1
9026,1
9027,1
9029,0
9032,1
9033,1
9034,1
9035,1
9038,1
9040,0
9043,1
9044,1
9047,1
9050,1
9053,1
9055,1
9056,1
9057,1
9058,1
9059,1
9060,1
9061,1
9062,1
9063,1
9064,1
9065,0
9067,0
9068,1
9070,1
9071,1
9075,1
9076,1
9077,1
9078,1
9079,1
9081,1
9082,1
9084,1
9085,1
9086,1
9087,1
9088,1
9089,1
9090,1
9091,0
9093,1
9095,0
9096,1
9098,1
9099,1
9100,1
9105,1
9106,1
9107,1
9108,1
9109,1
9110,1
9111,1
9112,1
9114,0
9116,1
9117,1
9118,1
9119,0
9120,1
9122,1
9123,1
9124,1
9125,0
9126,1
9127,0
9128,1
9129,0
9130,1
9131,1
9132,1
9133,0
9134,1
9135,1
9136,1
9138,1
9140,1
9144,1
9145,1
9146,1
9147,1
9148,1
9149,1
9150,1
9152,1
9153,1
9154,1
9156,1
9157,0
9158,1
9159,1
9160,1
9161,1
9162,1
9163,1
9165,1
9167,1
9168,1
9169,1
9173,0
9174,1
9176,1
9179,1
9180,1
9181,1
9182,0
9184,1
9185,1
9186,1
9187,1
9188,1
9189,1
9190,1
9191,1
9192,1
9193,1
9194,1
9196,1
9200,1
9201,1
9203,1
9204,1
9205,1
9206,1
9207,1
9208,1
9209,1
9210,1
9211,1
9212,1
9214,1
9215,0
9216,1
9217,1
9218,1
9220,1
9221,1
9222,1
9223,1
9225,1
9226,1
9228,0
9229,1
9231,1
9232,1
9233,1
9236,1
9238,1
9239,1
9241,1
9242,0
9244,1
9245,1
9246,1
9249,1
9251,1
9252,1
9253,1
9254,1
9256,1
9257,1
9259,1
9261,1
9262,1
9264,1
9267,1
9268,1
9269,1
9271,1
9272,1
9273,1
9274,1
9276,1
9278,1
9279,1
9280,1
9281,0
9282,1
9283,1
9284,1
9285,1
9286,1
9287,1
9288,0
9291,0
9292,1
9293,1
9294,1
9295,1
9296,1
9297,0
9298,1
9299,1
9300,1
9301,1
9302,1
9303,1
9304,0
9305,1
9306,1
9307,1
9308,1
9309,1
9310,1
9312,1
9313,1
9315,1
9316,1
9317,1
9319,1
9320,1
9321,0
9322,1
9324,1
9326,1
9328,1
9329,0
9330,1
9331,1
9333,1
9334,1
9335,0
9336,1
9337,1
9339,1
9340,1
9344,1
9345,1
9346,1
9347,0
9351,1
9352,1
9354,1
9355,1
9356,1
9357,1
9358,1
9359,1
9361,1
9362,1
9364,1
9366,1
9367,1
9368,1
9369,1
9370,1
9371,0
9372,1
9374,0
9375,1
9376,1
9377,0
9378,0
9379,1
9382,1
9383,1
9384,1
9385,1
9387,0
9388,0
9390,1
9391,0
9392,1
9393,1
9394,1
9395,1
9396,1
9397,1
9399,1
9400,1
9401,1
9402,1
9404,1
9405,1
9407,1
9409,1
9412,0
9413,1
9414,1
9415,1
9416,1
9417,1
9418,1
9420,1
9421,0
9422,1
9423,1
9427,1
9428,1
9430,1
9432,1
9433,1
9434,1
9435,1
9436,1
9438,1
9440,1
9441,1
9442,1
9443,1
9444,1
9445,0
9447,1
9449,1
9450,1
9451,1
9452,1
9453,1
9454,1
9458,1
9460,1
9462,1
9463,1
9466,1
9467,1
9468,1
9469,1
9470,0
9473,1
9474,1
9475,1
9477,1
9478,1
9479,1
9481,1
9482,1
9488,1
9492,0
9494,1
9497,0
9499,1
9500,1
9501,1
9502,1
9504,1
9506,0
9508,1
9509,1
9512,1
9513,1
9515,0
9521,1
9522,1
9524,1
9525,1
9527,1
9528,1
9529,1
9530,1
9531,1
9532,1
9533,1
9535,1
9536,1
9537,1
9538,1
9539,1
9540,1
9541,1
9542,1
9543,1
9546,1
9550,0
9551,1
9552,1
9555,1
9556,0
9557,1
9558,0
9559,1
9560,1
9562,1
9563,1
9568,0
9569,1
9570,1
9571,0
9572,1
9574,0
9577,1
9578,1
9579,1
9580,1
9581,1
9582,1
9583,1
9584,1
9585,1
9586,1
9594,1
9595,1
9596,1
9598,1
9599,1
9600,1
9601,0
9602,1
9603,1
9604,1
9605,1
9606,1
9607,0
9608,0
9609,1
9610,1
9611,1
9612,0
9614,0
9615,0
9616,1
9617,1
9618,1
9619,1
9620,1
9621,1
9622,1
9624,0
9625,1
9626,1
9627,1
9628,1
9629,1
9630,1
9631,1
9632,1
9633,1
9634,0
9635,1
9636,1
9638,1
9639,1
9640,1
9641,1
9642,0
9643,1
9644,0
9645,1
9646,1
9647,1
9648,1
9651,1
9652,0
9655,0
9656,1
9658,1
9659,1
9660,1
9661,1
9662,0
9663,1
9664,1
9665,1
9666,1
9667,1
9668,1
9669,1
9670,1
9672,1
9673,1
9674,1
9676,1
9679,0
9680,1
9681,1
9682,1
9683,0
9684,1
9685,0
9686,1
9688,1
9689,1
9690,1
9691,1
9692,1
9693,1
9694,1
9696,0
9697,1
9699,1
9700,1
9701,1
9702,1
9703,1
9704,0
9705,0
9706,1
9707,1
9710,0
9711,1
9712,1
9713,0
9714,1
9715,1
9716,1
9717,1
9718,1
9719,0
9720,1
9722,1
9723,1
9724,1
9725,1
9726,1
9727,1
9728,1
9729,0
9730,1
9731,1
9733,1
9734,1
9735,1
9736,1
9737,0
9738,0
9739,1
9740,0
9741,0
9742,1
9743,1
9744,1
9745,1
9746,0
9747,1
9748,0
9749,1
9750,1
9752,1
9753,1
9754,0
9755,0
9756,1
9757,1
9758,0
9759,0
9760,0
9761,1
9762,1
9763,1
9764,1
9765,1
9767,1
9769,1
9770,1
9771,1
9772,1
9773,1
9774,1
9776,1
9777,0
9778,1
9779,1
9780,0
9781,1
9782,0
9783,0
9784,1
9785,1
9786,1
9788,0
9789,0
9790,1
9791,1
9792,1
9795,1
9796,0
9798,1
9799,1
9800,1
9803,1
9804,1
9805,0
9806,0
9808,1
9811,1
9812,1
9813,1
9814,1
9815,1
9816,1
9818,1
9820,1
9821,1
9822,1
9824,1
9825,1
9827,0
9829,0
9830,1
9831,1
9832,0
9833,1
9834,1
9835,1
9836,1
9837,1
9839,1
9841,1
9842,1
9844,0
9846,1
9847,1
9848,1
9849,1
9850,1
9851,1
9852,1
9853,1
9855,1
9856,1
9857,1
9858,1
9859,1
9860,1
9861,1
9863,1
9864,1
9866,1
9867,1
9868,1
9869,1
9870,1
9871,1
9872,1
9873,1
9874,1
9875,1
9876,1
9877,1
9879,1
9882,1
9883,1
9884,1
9885,1
9886,1
9887,0
9888,0
9889,1
9890,0
9891,1
9892,1
9893,0
9895,1
9896,1
9897,1
9898,1
9899,1
9900,1
9901,1
9902,1
9904,1
9905,1
9906,1
9907,1
9908,1
9909,1
9911,1
9912,1
9913,1
9914,1
9915,1
9917,1
9918,1
9919,1
9920,1
9922,1
9923,1
9924,1
9927,0
9928,1
9930,1
9931,1
9932,1
9933,0
9935,1
9936,1
9937,1
9938,1
9939,1
9941,1
9942,1
9943,1
9944,1
9945,1
9947,1
9950,1
9951,1
9952,1
9953,1
9954,1
9955,1
9957,1
9958,1
9959,1
9961,1
9962,1
9963,1
9964,1
9965,1
9966,0
9967,1
9968,1
9969,1
9970,1
9971,1
9972,0
9973,1
9974,1
9975,1
9976,1
9977,1
9978,1
9979,1
9981,0
9982,1
9983,1
9984,1
9986,1
9987,1
9988,0
9989,1
9990,1
9991,1
9992,1
9993,1
9994,1
9996,1
9997,1
9998,1
9999,0
10000,1
10001,1
10002,1
10003,1
10004,1
10005,1
10006,0
10010,1
10011,1
10012,1
10013,1
10014,1
10015,1
10016,1
10017,1
10018,1
10019,1
10020,1
10021,1
10023,1
10024,1
10025,1
10027,1
10028,0
10029,1
10030,1
10031,1
10033,1
10034,0
10036,0
10037,1
10038,1
10039,0
10040,1
10041,1
10042,1
10043,1
10044,1
10045,1
10046,0
10047,0
10048,0
10049,0
10050,0
10051,0
10052,1
10054,1
10060,1
10061,1
10062,1
10063,1
10064,1
10065,1
10066,1
10067,1
10068,1
10069,0
10070,1
10071,1
10072,0
10073,1
10074,1
10075,1
10077,1
10078,1
10079,1
10080,1
10081,1
10082,0
10083,1
10085,1
10086,1
10087,1
10088,1
10089,1
10090,1
10091,1
10092,1
10093,1
10095,1
10096,1
10097,1
10098,1
10099,1
10101,1
10102,1
10103,1
10104,1
10106,0
10108,1
10109,1
10111,1
10112,1
10113,1
10114,1
10115,1
10117,0
10118,0
10119,1
10120,0
10122,0
10124,1
10125,1
10127,1
10128,1
10129,1
10131,1
10132,1
10133,1
10139,1
10143,1
10144,1
10145,0
10146,1
10148,1
10149,1
10151,1
10153,1
10155,1
10156,1
10157,1
10158,1
10159,1
10160,1
10162,1
10163,1
10165,1
10166,1
10170,1
10171,1
10172,1
10174,1
10175,1
10177,1
10180,1
10181,1
10183,1
10184,1
10186,1
10187,1
10188,1
10189,1
10193,1
10194,1
10195,1
10196,1
10197,1
10198,1
10200,1
10202,1
10204,1
10205,1
10206,1
10207,1
10209,1
10211,1
10212,0
10213,0
10214,1
10217,1
10218,1
10219,1
10220,1
10221,1
10222,1
10224,0
10225,0
10226,1
10227,1
10228,1
10230,0
10231,1
10232,1
10233,1
10234,1
10235,1
10236,0
10237,1
10238,1
10239,1
10242,1
10243,0
10244,0
10245,1
10247,1
10248,1
10249,1
10250,1
10251,1
10252,0
10253,1
10254,0
10255,1
10256,1
10257,1
10258,1
10262,1
10263,1
10264,0
10265,1
10266,1
10267,0
10269,0
10271,0
10272,1
10273,0
10274,0
10275,1
10276,1
10277,1
10279,1
10280,1
10281,1
10282,1
10284,1
10285,1
10286,1
10287,1
10289,1
10290,1
10291,1
10293,1
10295,1
10296,1
10298,0
10299,0
10300,1
10301,1
10302,1
10303,0
10304,1
10306,0
10307,0
10308,1
10310,1
10311,0
10312,1
10314,1
10315,1
10316,1
10318,1
10321,0
10322,1
10323,1
10325,1
10326,1
10327,1
10328,1
10329,0
10330,1
10331,1
10332,1
10333,1
10334,1
10335,1
10336,1
10337,1
10339,1
10340,1
10341,1
10342,1
10343,1
10344,1
10345,1
10346,1
10347,1
10349,1
10350,1
10351,1
10352,1
10353,1
10354,1
10355,1
10357,0
10358,0
10359,1
10360,1
10361,1
10363,1
10364,0
10365,1
10366,1
10367,1
10369,1
10370,1
10371,1
10372,0
10373,0
10374,1
10375,1
10376,1
10377,1
10378,1
10379,1
10380,1
10381,1
10382,1
10383,0
10384,1
10386,1
10387,1
10388,0
10389,1
10390,0
10392,1
10393,1
10394,1
10395,1
10397,1
10398,1
10399,0
10404,1
10407,1
10408,1
10410,1
10411,1
10413,1
10414,1
10416,1
10417,1
10420,1
10421,1
10422,1
10423,1
10424,0
10426,0
10429,1
10430,0
10433,0
10434,1
10435,0
10437,1
10440,1
10443,1
10447,1
10449,1
10450,1
10451,1
10456,1
10457,1
10458,0
10461,1
10463,0
10464,1
10467,1
10468,0
10469,1
10470,1
10471,1
10473,1
10474,0
10475,1
10476,1
10477,1
10478,0
10479,1
10480,1
10481,1
10484,1
10486,1
10487,1
10489,1
10490,1
10491,1
10493,1
10497,1
10498,1
10499,1
10503,1
10504,1
10505,1
10506,1
10509,1
10510,1
10511,1
10514,1
10515,1
10516,1
10517,0
10519,1
10522,1
10523,0
10525,1
10527,1
10529,1
10531,1
10532,1
10534,1
10535,0
10536,0
10537,1
10538,1
10540,1
10541,1
10542,0
10543,1
10544,1
10546,1
10548,1
10549,1
10550,1
10551,1
10552,1
10553,1
10555,1
10556,1
10557,1
10558,1
10559,1
10560,1
10563,1
10564,1
10565,1
10567,1
10568,1
10572,0
10573,1
10574,0
10575,1
10576,1
10577,1
10582,1
10583,1
10584,1
10585,0
10586,1
10587,1
10589,0
10590,1
10591,1
10594,1
10595,1
10596,1
10597,1
10598,1
10599,1
10600,1
10603,1
10604,1
10605,1
10607,1
10608,1
10610,1
10611,1
10612,1
10613,1
10614,1
10615,1
10616,1
10617,1
10618,1
10619,1
10622,1
10623,1
10624,0
10626,1
10627,1
10628,0
10629,1
10630,1
10631,1
10633,1
10637,1
10638,0
10639,1
10641,1
10642,1
10643,1
10644,1
10645,1
10646,0
10647,1
10649,1
10650,1
10651,1
10652,0
10653,1
10654,1
10655,1
10656,1
10658,1
10659,1
10660,1
10661,1
10662,1
10663,1
10664,1
10666,1
10667,1
10668,1
10669,1
10670,1
10671,1
10672,1
10673,1
10675,1
10676,1
10677,1
10678,1
10679,1
10681,1
10682,1
10684,1
10685,1
10687,1
10688,1
10689,1
10690,1
10691,1
10692,1
10693,1
10695,1
10696,1
10697,1
10698,0
10699,1
10701,1
10703,1
10704,0
10705,1
10706,0
10710,1
10712,1
10713,1
10714,1
10715,1
10717,1
10718,1
10720,1
10724,1
10725,1
10726,1
10727,1
10728,1
10729,1
10730,1
10731,0
10732,1
10733,1
10735,1
10736,0
10737,1
10738,1
10742,1
10743,1
10744,1
10746,1
10747,1
10748,1
10750,1
10751,1
10753,1
10756,1
10757,0
10758,0
10759,0
10760,0
10761,1
10762,1
10763,0
10764,1
10767,1
10769,1
10774,1
10776,1
10779,1
10780,0
10781,1
10782,1
10783,1
10785,1
10786,1
10787,1
10788,1
10789,1
10790,1
10791,1
10793,1
10795,0
10796,1
10797,1
10798,1
10799,1
10800,1
10801,0
10802,1
10803,1
10805,1
10806,1
10807,1
10808,1
10809,1
10810,1
10812,1
10814,1
10816,1
10817,0
10820,1
10821,1
10822,1
10823,1
10825,1
10826,1
10827,0
10828,0
10830,1
10831,1
10832,1
10833,0
10836,1
10837,1
10838,1
10839,1
10841,0
10842,1
10843,1
10844,1
10846,1
10847,0
10849,1
10850,1
10851,1
10852,1
10853,1
10854,1
10855,0
10857,1
10858,1
10860,1
10861,1
10862,1
10863,1
10864,1
10865,1
10866,1
10867,1
10868,1
10869,1
10870,1
10871,1
10872,1
10873,1
10874,1
10875,1
10876,0
10877,1
10878,0
10881,1
10882,1
10883,1
10884,1
10885,1
10887,1
10891,1
10892,1
10893,1
10895,1
10896,1
10898,1
10899,1
10900,1
10902,0
10903,1
10904,1
10905,0
10906,1
10908,1
10909,0
10910,1
10912,1
10913,1
10914,1
10915,1
10916,1
10917,1
10921,1
10926,1
10927,1
10928,0
10929,1
10931,1
10932,1
10933,1
10934,1
10935,0
10936,1
10937,1
10940,1
10941,1
10942,1
10943,0
10944,1
10945,1
10946,1
10947,0
10948,1
10949,1
10950,1
10951,0
10952,0
10953,1
10954,0
10955,1
10957,1
10958,0
10959,1
10960,1
10961,1
10962,1
10963,1
10964,1
10965,1
10967,1
10968,1
10970,1
10972,1
10973,1
10974,1
10975,1
10976,1
10977,1
10978,1
10979,1
10980,1
10981,1
10982,1
10984,1
10985,1
10989,1
10991,1
10992,1
10993,0
10994,1
10996,1
10997,1
10999,1
11000,1
11001,1
11002,1
11004,1
11005,1
11006,1
11008,1
11009,1
11010,1
11011,1
11012,1
11013,1
11014,1
11015,1
11016,1
11017,1
11018,1
11019,1
11020,1
11021,1
11023,1
11024,1
11025,1
11029,1
11030,1
11031,1
11032,1
11033,1
11034,1
11035,1
11036,1
11037,1
11039,1
11041,1
11042,1
11043,1
11044,1
11045,1
11046,1
11047,0
11048,1
11049,1
11050,1
11051,1
11052,1
11053,1
11054,0
11056,1
11057,1
11058,1
11059,1
11060,0
11061,0
11062,0
11064,1
11065,1
11067,0
11068,0
11069,1
11070,1
11071,1
11073,1
11074,1
11075,1
11076,1
11077,1
11078,1
11079,1
11080,0
11081,1
11082,0
11083,1
11084,1
11085,1
11088,1
11089,1
11090,1
11091,1
11092,1
11094,1
11097,1
11098,1
11100,1
11103,1
11105,1
11106,1
11107,1
11108,0
11109,1
11110,1
11111,1
11112,1
11114,1
11115,1
11116,0
11117,1
11119,0
11121,0
11122,0
11123,1
11124,1
11125,1
11126,1
11132,1
11133,1
11134,1
11135,1
11136,1
11137,1
11138,1
11139,1
11141,1
11142,1
11143,1
11144,1
11145,1
11146,1
11147,1
11148,1
11149,1
11150,0
11151,1
11152,1
11154,1
11155,1
11156,1
11161,1
11162,1
11163,1
11164,1
11165,1
11167,1
11168,1
11171,1
11172,1
11173,0
11174,1
11175,1
11178,1
11180,0
11181,1
11182,1
11183,1
11185,1
11187,1
11188,1
11189,1
11190,1
11191,1
11193,1
11195,1
11196,1
11197,1
11198,1
11202,1
11203,1
11204,1
11205,1
11206,1
11208,1
11209,1
11210,1
11211,1
11212,1
11213,1
11214,0
11215,1
11216,1
11217,1
11218,1
11219,1
11220,1
11221,1
11222,1
11224,1
11225,1
11229,1
11231,1
11232,1
11233,1
11234,1
11235,1
11236,1
11237,1
11240,0
11241,1
11242,1
11243,1
11244,1
11245,1
11246,0
11247,1
11248,1
11249,1
11251,1
11252,1
11253,1
11254,1
11255,0
11256,1
11257,1
11259,1
11261,1
11262,1
11264,1
11266,1
11267,1
11269,1
11270,1
11272,1
11273,1
11274,1
11275,1
11276,1
11278,1
11279,1
11280,1
11281,1
11282,1
11284,1
11285,0
11286,1
11288,1
11290,1
11291,1
11292,1
11293,1
11294,1
11295,1
11296,1
11297,0
11298,1
11299,1
11302,1
11304,1
11305,1
11306,0
11307,1
11308,1
11309,1
11310,1
11311,1
11312,1
11313,1
11314,1
11315,1
11316,1
11317,1
11318,1
11319,1
11320,1
11321,1
11323,1
11325,1
11326,1
11327,1
11328,1
11329,1
11330,1
11331,1
11332,1
11333,1
11334,1
11335,1
11336,1
11337,1
11338,1
11339,1
11340,1
11341,1
11342,1
11343,1
11346,1
11347,1
11348,1
11349,1
11352,1
11353,0
11354,1
11355,1
11357,1
11358,1
11359,1
11361,1
11363,1
11364,1
11365,1
11367,1
11368,1
11369,1
11371,1
11372,1
11375,0
11377,1
11378,1
11379,1
11381,1
11382,1
11383,1
11385,1
11387,1
11388,1
11389,1
11391,1
11392,1
11393,1
11396,1
11398,1
11399,1
11400,1
11403,1
11404,1
11405,1
11406,1
11407,1
11408,1
11411,1
11412,1
11413,1
11415,1
11416,1
11417,1
11418,1
11419,1
11420,1
11423,0
11425,1
11426,1
11427,1
11428,1
11429,1
11430,1
11432,1
11434,1
11435,1
11436,1
11437,1
11438,1
11439,1
11440,1
11441,0
11442,1
11444,1
11445,1
11446,1
11448,1
11450,1
11451,1
11452,1
11453,1
11454,1
11457,0
11459,1
11460,0
11462,1
11463,1
11465,1
11466,1
11468,1
11469,1
11470,1
11471,1
11472,1
11473,1
11474,1
11475,0
11476,1
11477,1
11478,1
11479,1
11481,1
11483,1
11485,1
11487,1
11488,1
11489,1
11491,1
11493,0
11494,1
11496,1
11502,1
11503,1
11504,1
11505,1
11506,1
11507,1
11508,0
11509,1
11510,1
11512,1
11513,1
11515,1
11516,1
11519,1
11521,1
11522,1
11523,1
11526,1
11527,1
11528,1
11529,1
11530,1
11531,1
11533,1
11534,1
11535,1
11537,1
11538,1
11539,1
11542,0
11544,1
11545,1
11546,1
11547,1
11548,1
11549,1
11551,1
11552,1
11554,1
11555,1
11556,1
11557,1
11558,1
11559,1
11560,1
11562,1
11564,1
11567,1
11568,1
11569,1
11570,1
11571,1
11573,1
11574,1
11575,0
11576,1
11577,1
11578,1
11580,1
11581,1
11582,1
11584,1
11585,1
11586,1
11589,1
11590,1
11591,1
11592,1
11593,1
11595,1
11597,1
11598,1
11599,1
11600,1
11601,1
11602,1
11603,1
11604,1
11607,1
11609,1
11610,0
11612,1
11613,1
11614,1
11615,0
11616,1
11617,1
11618,1
11619,1
11620,1
11621,1
11622,1
11623,1
11624,1
11625,1
11626,0
11628,1
11629,1
11630,1
11631,1
11633,1
11634,1
11635,1
11636,1
11637,1
11638,1
11639,1
11640,1
11641,1
11642,1
11643,1
11644,1
11645,1
11646,1
11647,1
11648,1
11649,1
11650,1
11652,1
11654,1
11655,1
11656,1
11657,1
11658,1
11659,1
11660,1
11661,1
11662,1
11663,0
11664,1
11665,1
11666,1
11668,1
11669,0
11670,1
11671,1
11672,1
11673,1
11674,1
11675,1
11680,1
11681,1
11682,1
11684,1
11685,1
11686,1
11687,1
11688,1
11689,1
11690,1
11691,1
11692,1
11693,1
11694,1
11697,1
11699,1
11700,1
11702,1
11703,1
11704,1
11705,1
11706,1
11707,1
11708,1
11710,1
11712,1
11715,1
11716,1
11717,1
11718,1
11719,1
11722,1
11723,1
11724,0
11726,1
11727,1
11730,1
11731,1
11732,1
11733,1
11736,1
11737,1
11738,1
11740,1
11741,1
11743,1
11744,1
11745,1
11746,1
11748,1
11749,1
11750,1
11751,1
11754,1
11756,1
11758,1
11760,0
11761,1
11762,1
11763,1
11764,1
11765,0
11766,0
11769,1
11770,1
11771,1
11773,1
11775,1
11778,1
11779,1
11782,1
11783,1
11784,1
11785,1
11789,1
11790,1
11791,1
11792,1
11793,1
11794,0
11795,1
11797,1
11799,1
11800,0
11801,1
11802,1
11803,1
11804,1
11805,0
11806,1
11807,1
11808,1
11809,1
11810,1
11811,1
11812,1
11813,1
11814,1
11815,1
11816,1
11817,1
11819,1
11820,1
11821,1
11825,1
11826,1
11827,1
11829,1
11830,1
11831,1
11832,1
11834,1
11836,1
11837,1
11838,1
11840,0
11841,0
11842,1
11843,1
11844,1
11845,1
11846,1
11848,0
11849,1
11850,1
11851,1
11852,1
11854,1
11855,1
11856,1
11857,1
11859,1
11861,1
11862,1
11863,1
11864,1
11865,1
11866,1
11867,1
11868,1
11870,1
11872,1
11873,0
11874,1
11875,1
11876,1
11877,1
11878,1
11879,1
11881,1
11882,1
11883,1
11885,1
11887,1
11888,1
11889,1
11890,1
11891,1
11892,1
11896,1
11897,1
11898,1
11899,0
11901,1
11903,1
11904,1
11905,1
11906,1
11907,1
11908,1
11909,1
11910,1
11911,1
11914,1
11917,1
11918,1
11919,0
11920,1
11921,1
11922,1
11924,1
11925,1
11926,1
11927,1
11928,1
11933,1
11934,1
11935,1
11936,1
11937,0
11938,1
11940,1
11941,1
11942,1
11943,1
11944,1
11946,1
11947,1
11950,1
11953,1
11956,1
11957,1
11958,1
11959,1
11960,1
11961,1
11962,1
11963,1
11964,1
11965,0
11966,1
11967,1
11968,1
11969,1
11970,0
11971,0
11972,0
11974,1
11975,1
11976,1
11977,1
11978,1
11979,1
11980,1
11981,1
11982,1
11983,1
11987,1
11990,0
11991,1
11992,1
11993,1
11994,1
11996,1
11997,1
11998,1
11999,1
12000,1
12001,1
12002,1
12003,1
12004,1
12005,1
12006,0
12007,1
12008,1
12009,1
12010,1
12011,1
12012,1
12013,1
12014,0
12015,1
12016,1
12017,1
12020,1
12021,1
12022,1
12023,1
12024,1
12025,1
12026,1
12028,1
12029,1
12031,1
12032,1
12033,1
12034,1
12035,1
12036,1
12037,1
12038,1
12039,1
12040,0
12041,0
12042,1
12043,1
12044,1
12045,1
12046,1
12047,1
12048,1
12049,1
12051,1
12052,1
12053,1
12054,1
12055,1
12056,1
12058,1
12060,1
12062,1
12064,1
12065,1
12067,1
12069,1
12071,1
12072,0
12073,1
12074,1
12075,1
12077,0
12079,1
12080,1
12081,1
12082,1
12083,1
12084,0
12085,1
12086,1
12087,1
12088,1
12089,0
12090,1
12092,1
12094,0
12096,1
12097,1
12098,0
12100,1
12103,1
12104,1
12107,1
12108,1
12109,1
12110,1
12111,1
12112,1
12113,1
12114,1
12115,1
12116,0
12117,0
12118,1
12119,1
12120,1
12121,1
12123,1
12124,1
12125,1
12126,1
12127,1
12129,0
12130,0
12132,1
12133,1
12134,1
12135,0
12136,1
12137,1
12138,1
12139,1
12140,0
12141,1
12142,0
12143,1
12144,1
12145,1
12146,1
12148,1
12149,1
12151,0
12154,1
12155,1
12157,1
12158,1
12159,1
12163,1
12164,1
12165,1
12167,1
12168,1
12169,1
12170,1
12171,1
12172,1
12173,1
12174,1
12176,1
12177,1
12178,1
12179,1
12180,1
12181,0
12182,1
12183,1
12184,1
12185,1
12186,1
12187,1
12188,1
12189,1
12190,1
12191,1
12195,1
12198,1
12199,1
12200,1
12201,1
12202,1
12203,1
12204,0
12205,1
12206,1
12207,1
12208,1
12209,1
12211,1
12213,1
12214,0
12215,1
12216,1
12217,1
12218,1
12219,1
12220,1
12221,1
12222,1
12223,0
12225,1
12226,1
12229,1
12230,1
12233,1
12234,1
12236,0
12237,1
12238,0
12240,1
12241,0
12243,0
12244,1
12245,1
12246,1
12248,1
12252,1
12253,1
12254,0
12255,1
12257,1
12258,1
12260,1
12262,0
12263,1
12264,1
12265,0
12267,1
12269,1
12270,1
12271,1
12274,1
12275,1
12277,1
12278,1
12280,1
12281,1
12283,1
12284,1
12285,1
12288,0
12289,1
12290,1
12291,1
12292,1
12294,1
12295,1
12296,1
12297,1
12298,1
12299,1
12300,1
12301,0
12303,1
12304,1
12305,1
12307,1
12311,1
12312,0
12313,0
12315,1
12316,1
12317,1
12318,1
12319,1
12320,1
12321,1
12322,1
12323,1
12325,1
12330,1
12336,1
12342,0
12343,1
12344,1
12345,1
12348,1
12349,1
12350,1
12351,0
12352,1
12354,1
12356,1
12357,1
12358,1
12364,0
12365,1
12367,0
12368,1
12369,1
12370,1
12371,1
12374,1
12375,1
12376,1
12377,1
12379,1
12381,1
12384,1
12385,1
12386,1
12387,1
12388,1
12389,1
12391,1
12392,0
12395,1
12396,1
12397,0
12398,1
12399,1
12400,1
12402,1
12403,1
12404,1
12405,1
12406,0
12407,1
12409,1
12410,1
12411,1
12412,1
12413,1
12414,1
12416,1
12417,1
12418,1
12419,0
12420,1
12421,0
12424,1
12425,1
12426,1
12427,1
12428,1
12429,0
12430,1
12431,1
12433,1
12434,1
12437,1
12438,1
12439,1
12440,1
12441,1
12442,1
12443,1
12446,1
12449,1
12452,0
12453,1
12454,1
12456,1
12457,1
12458,0
12459,1
12461,1
12462,1
12463,1
12464,1
12465,1
12466,1
12467,1
12468,1
12469,1
12470,1
12473,1
12474,1
12476,1
12477,1
12478,0
12479,1
12481,1
12482,1
12483,1
12484,1
12485,0
12486,1
12487,1
12488,1
12491,1
12492,1
12494,1
12496,1
12502,1
12504,1
12505,1
12506,1
12509,1
12510,1
12511,1
12514,1
12516,1
12517,1
12520,1
12521,1
12522,1
12523,1
12526,1
12527,1
12529,1
12530,1
12531,1
12532,1
12533,1
12535,1
12536,1
12537,1
12538,1
12539,1
12540,1
12545,1
12547,1
12548,1
12549,1
12551,1
12558,1
12559,0
12563,1
12567,1
12568,1
12569,1
12570,1
12571,1
12572,1
12576,1
12577,1
12578,1
12579,1
12580,0
12581,1
12582,1
12583,0
12584,1
12585,1
12587,1
12588,1
12589,1
12590,1
12591,1
12592,1
12594,1
12596,0
12598,1
12599,1
12601,1
12602,1
12603,1
12605,1
12606,1
12607,0
12608,1
12609,1
12611,0
12612,1
12614,0
12615,1
12616,0
12617,1
12618,1
12619,1
12620,1
12621,1
12622,1
12623,1
12624,1
12625,1
12626,1
12628,1
12629,1
12630,1
12631,1
12632,1
12633,1
12634,1
12637,1
12638,1
12639,1
12642,1
12643,1
12645,1
12646,1
12647,1
12648,1
12649,1
12650,1
12651,1
12653,1
12654,1
12655,1
12656,1
12657,1
12658,1
12659,1
12660,1
12661,1
12665,1
12666,0
12667,1
12668,0
12669,1
12672,1
12673,1
12675,1
12677,1
12678,1
12679,1
12680,1
12681,0
12682,0
12683,1
12684,1
12685,1
12686,1
12687,1
12688,1
12689,1
12690,0
12691,1
12693,0
12694,0
12695,1
12696,0
12697,0
12698,0
12699,1
12700,0
12701,1
12702,1
12705,1
12707,1
12708,1
12709,1
12711,1
12713,1
12714,1
12716,1
12717,1
12718,1
12722,1
12723,1
12724,1
12727,1
12728,1
12729,1
12731,1
12732,1
12733,1
12734,1
12735,1
12736,1
12737,1
12738,1
12739,0
12740,1
12741,1
12743,1
12744,1
12745,1
12746,1
12747,1
12748,1
12749,1
12751,1
12753,1
12756,1
12758,1
12759,1
12760,1
12763,1
12765,1
12766,1
12767,1
12768,1
12769,1
12771,1
12772,1
12773,1
12774,1
12777,1
12778,0
12781,0
12784,0
12787,1
12788,1
12789,1
12790,0
12791,1
12792,1
12793,1
12794,0
12795,1
12796,1
12797,1
12798,1
12799,1
12800,1
12802,1
12803,1
12804,0
12805,0
12806,0
12807,0
12808,0
12809,1
12810,1
12811,1
12812,1
12813,1
12815,1
12817,1
12818,1
12819,1
12821,1
12822,1
12823,1
12824,1
12825,1
12826,0
12827,0
12828,1
12830,1
12831,0
12832,1
12833,1
12834,0
12835,1
12837,0
12838,0
12841,0
12842,1
12843,1
12844,1
12846,1
12848,1
12849,1
12850,1
12852,1
12853,1
12854,1
12855,1
12856,1
12857,1
12858,1
12859,0
12861,0
12862,1
12863,1
12864,1
12866,1
12869,0
12870,1
12872,1
12873,0
12874,1
12876,1
12877,1
12878,1
12879,1
12880,1
12881,1
12882,1
12884,1
12885,1
12886,1
12887,1
12888,1
12889,0
12890,1
12891,1
12892,1
12893,1
12894,1
12895,1
12896,1
12897,1
12898,1
12900,1
12903,1
12904,1
12905,1
12906,1
12909,1
12910,1
12912,1
12913,1
12917,1
12919,1
12920,1
12922,1
12926,1
12927,0
12932,1
12935,1
12936,1
12937,0
12938,1
12940,1
12941,1
12942,1
12943,1
12944,1
12945,1
12946,1
12947,1
12948,1
12949,1
12950,1
12951,1
12952,1
12954,0
12955,1
12956,1
12957,1
12960,1
12961,1
12964,1
12965,1
12966,1
12967,0
12968,1
12969,1
12970,1
12971,1
12972,1
12973,1
12974,1
12975,1
12976,1
12977,1
12978,1
12979,1
12982,1
12983,1
12985,1
12987,1
12988,1
12989,1
12991,1
12992,0
12993,0
12994,1
12996,1
12997,0
12998,1
13000,1
13001,1
13004,1
13007,1
13008,1
13009,1
13011,1
13012,1
13015,1
13016,1
13017,1
13018,1
13019,1
13020,1
13021,1
13022,1
13023,1
13024,1
13025,1
13026,1
13027,1
13028,1
13029,1
13030,1
13031,1
13032,1
13034,1
13035,1
13036,1
13037,1
13038,1
13039,1
13041,0
13042,1
13043,1
13044,1
13045,1
13046,1
13047,1
13049,1
13050,1
13052,1
13056,1
13063,1
13065,1
13066,1
13067,1
13068,1
13071,1
13073,1
13075,1
13076,1
13077,1
13081,1
13082,1
13083,1
13084,1
13085,1
13086,1
13087,1
13088,1
13089,1
13090,1
13092,1
13093,1
13095,1
13096,1
13097,1
13098,1
13099,1
13100,1
13101,1
13102,1
13103,1
13104,1
13105,0
13108,1
13109,1
13110,0
13111,1
13112,1
13113,1
13115,1
13118,0
13119,1
13120,1
13121,1
13122,1
13123,1
13126,1
13127,1
13128,1
13129,1
13130,1
13131,1
13133,1
13134,1
13136,1
13137,1
13138,1
13139,1
13140,1
13142,1
13143,1
13145,1
13146,1
13149,1
13151,1
13153,1
13154,1
13155,1
13157,1
13159,1
13160,1
13162,1
13163,1
13164,1
13167,1
13171,1
13172,0
13174,1
13175,1
13176,1
13177,1
13179,1
13180,1
13183,1
13184,1
13185,1
13188,0
13189,1
13190,1
13191,1
13192,1
13193,1
13194,1
13195,1
13196,1
13197,1
13198,0
13199,1
13200,1
13201,1
13202,1
13203,1
13204,1
13205,1
13206,0
13207,1
13208,1
13210,1
13211,0
13213,1
13214,1
13215,1
13217,1
13219,1
13224,1
13226,1
13227,1
13228,1
13229,1
13231,0
13233,1
13234,1
13235,1
13236,1
13241,1
13243,1
13244,1
13245,1
13246,1
13247,1
13248,1
13249,0
13251,1
13252,1
13253,1
13255,1
13256,1
13257,1
13258,1
13260,1
13261,1
13264,0
13266,1
13267,1
13268,1
13269,1
13271,1
13272,1
13273,1
13275,1
13276,1
13277,1
13278,0
13280,1
13281,1
13283,1
13284,1
13285,1
13286,1
13287,1
13288,1
13289,1
13290,1
13291,1
13292,1
13293,1
13295,1
13296,1
13297,1
13298,1
13300,1
13301,0
13302,0
13303,1
13305,1
13306,1
13307,1
13308,0
13309,1
13311,1
13312,1
13313,1
13314,0
13315,1
13317,1
13318,1
13319,1
13320,1
13322,1
13323,1
13324,1
13325,1
13326,1
13327,1
13328,1
13329,1
13330,1
13331,1
13332,1
13333,1
13334,1
13335,1
13337,1
13338,1
13340,1
13341,1
13342,1
13343,1
13344,1
13345,1
13346,1
13347,1
13348,1
13349,0
13350,0
13351,1
13353,1
13354,1
13355,1
13357,1
13358,1
13359,1
13360,1
13361,1
13362,1
13365,1
13366,0
13367,1
13368,1
13369,1
13370,1
13371,1
13373,1
13374,1
13375,1
13376,1
13377,1
13378,1
13379,1
13380,1
13382,1
13383,1
13384,1
13385,1
13386,1
13387,1
13388,1
13391,1
13392,0
13393,1
13394,1
13395,1
13397,1
13398,0
13399,1
13400,1
13402,1
13404,1
13405,1
13406,0
13407,0
13408,1
13409,1
13411,1
13413,1
13414,1
13415,1
13416,1
13417,1
13418,1
13420,1
13422,1
13423,1
13425,1
13427,1
13428,1
13429,1
13430,1
13433,0
13435,0
13436,1
13437,1
13438,1
13440,1
13441,1
13442,1
13443,1
13444,0
13445,1
13446,0
13447,1
13449,1
13452,1
13453,1
13454,1
13455,1
13456,1
13457,1
13459,1
13460,1
13461,1
13462,1
13463,0
13464,1
13465,1
13468,0
13470,0
13471,1
13473,1
13474,1
13475,1
13477,0
13478,0
13479,0
13480,1
13481,0
13484,1
13485,0
13486,1
13487,1
13488,1
13489,1
13490,1
13491,1
13492,1
13493,1
13494,0
13496,1
13498,1
13499,1
13500,1
13501,1
13502,1
13503,1
13504,1
13505,1
13506,1
13508,1
13509,1
13510,1
13511,1
13512,1
13513,1
13514,1
13515,1
13516,1
13517,1
13518,1
13519,1
13520,1
13521,1
13525,1
13529,0
13530,0
13531,1
13532,1
13533,1
13534,1
13536,1
13537,1
13538,1
13539,1
13542,1
13544,1
13545,1
13546,1
13547,1
13550,1
13552,0
13553,1
13554,1
13555,0
13556,1
13557,1
13558,1
13559,0
13561,1
13562,1
13563,1
13564,1
13565,1
13566,1
13567,1
13569,1
13570,1
13572,1
13573,1
13574,1
13575,1
13577,1
13579,1
13581,1
13582,1
13583,1
13584,1
13585,1
13587,1
13588,1
13590,1
13591,1
13592,1
13593,1
13594,1
13597,1
13598,1
13599,1
13600,1
13601,1
13602,1
13603,1
13605,1
13606,1
13613,1
13614,1
13615,1
13616,1
13617,1
13618,1
13619,1
13620,1
13621,1
13622,1
13624,1
13625,1
13626,1
13629,1
13631,1
13632,1
13634,1
13635,1
13636,1
13637,0
13638,1
13642,1
13643,1
13644,1
13646,1
13648,1
13649,1
13650,0
13651,0
13653,1
13655,1
13656,1
13657,1
13659,1
13660,1
13662,1
13663,1
13664,1
13665,1
13667,1
13668,1
13671,1
13672,1
13674,1
13676,1
13677,1
13679,1
13680,1
13681,1
13682,1
13683,1
13684,1
13685,1
13686,0
13687,1
13688,1
13693,1
13694,1
13696,1
13697,1
13698,1
13700,1
13702,0
13704,1
13705,1
13706,1
13708,1
13709,1
13710,1
13711,1
13712,1
13713,1
13714,1
13715,1
13716,1
13717,1
13718,1
13719,1
13720,1
13721,1
13723,1
13724,1
13725,1
13726,1
13727,1
13728,1
13730,1
13731,1
13732,1
13735,1
13737,1
13738,1
13739,1
13740,1
13741,1
13742,1
13743,1
13744,1
13745,1
13746,1
13747,1
13748,1
13749,1
13750,1
13751,1
13753,0
13755,1
13756,1
13757,1
13758,1
13759,1
13760,0
13761,1
13762,0
13766,1
13767,0
13771,1
13772,1
13773,1
13774,0
13775,1
13776,1
13777,1
13778,1
13779,1
13780,1
13781,1
13784,1
13785,1
13787,0
13789,1
13790,1
13791,1
13793,0
13794,1
13796,0
13797,1
13799,1
13800,1
13801,1
13802,1
13805,1
13807,1
13809,1
13810,1
13811,1
13816,1
13817,1
13818,1
13820,1
13821,1
13822,1
13824,1
13826,1
13827,1
13828,0
13830,1
13831,1
13832,1
13833,1
13835,1
13837,1
13838,1
13839,1
13840,1
13841,1
13842,1
13843,1
13844,0
13850,1
13851,0
13852,1
13853,1
13854,0
13855,1
13857,1
13859,1
13860,1
13862,1
13863,1
13864,1
13865,1
13866,1
13867,1
13868,0
13869,1
13870,1
13871,1
13872,1
13876,1
13878,1
13879,1
13880,1
13881,1
13885,0
13886,1
13887,1
13889,1
13890,0
13891,1
13892,1
13893,1
13895,1
13902,1
13903,1
13905,1
13906,1
13907,1
13908,1
13909,1
13910,1
13911,1
13912,1
13913,1
13915,1
13916,1
13918,1
13919,1
13920,0
13921,1
13922,0
13923,1
13925,1
13926,1
13927,1
13928,0
13929,1
13931,1
13932,1
13933,1
13934,1
13935,1
13936,0
13937,1
13938,1
13939,1
13940,1
13944,1
13945,1
13947,1
13948,1
13949,1
13950,1
13952,1
13954,1
13956,1
13962,1
13963,1
13966,1
13968,1
13969,1
13970,1
13971,1
13972,1
13974,1
13975,1
13976,1
13977,1
13978,0
13981,0
13982,0
13984,0
13986,1
13988,1
13992,0
13993,0
13996,1
13997,1
14002,1
14003,1
14004,1
14006,1
14008,1
14011,1
14012,1
14013,1
14014,0
14015,1
14017,1
14018,1
14020,1
14021,1
14022,1
14024,1
14025,1
14027,1
14029,1
14031,1
14032,1
14033,1
14034,1
14037,1
14040,1
14043,1
14045,1
14047,1
14048,0
14049,1
14050,1
14051,0
14053,1
14054,1
14055,1
14056,0
14057,1
14060,1
14061,0
14062,1
14063,1
14064,1
14065,1
14066,1
14067,0
14068,1
14069,1
14071,1
14073,1
14074,1
14075,1
14076,1
14077,1
14079,1
14082,1
14086,1
14087,0
14088,1
14089,1
14090,1
14091,1
14094,1
14095,1
14096,0
14097,1
14098,1
14100,1
14102,1
14103,1
14104,1
14105,1
14106,1
14107,1
14108,0
14109,0
14110,1
14111,0
14113,1
14115,1
14117,1
14118,1
14119,1
14120,1
14122,1
14124,1
14125,0
14126,1
14127,1
14128,1
14129,1
14130,1
14131,0
14132,1
14133,1
14134,1
14135,1
14136,1
14138,0
14139,1
14141,1
14144,1
14145,1
14146,0
14147,1
14148,1
14150,0
14151,1
14152,1
14153,1
14155,1
14156,1
14158,0
14160,1
14161,1
14162,1
14164,1
14171,1
14174,1
14175,1
14176,1
14177,1
14178,1
14180,0
14181,1
14182,1
14184,1
14185,1
14186,1
14187,1
14188,1
14189,1
14191,1
14192,0
14194,1
14195,1
14196,1
14197,1
14198,1
14200,0
14203,1
14205,1
14211,1
14212,1
14213,1
14214,1
14217,1
14221,1
14224,1
14225,1
14226,1
14227,1
14228,0
14231,1
14234,0
14235,1
14236,1
14237,1
14239,1
14240,1
14242,1
14243,1
14244,1
14245,1
14249,0
14250,0
14254,1
14255,1
14256,1
14257,1
14258,1
14259,1
14260,1
14261,1
14262,1
14263,1
14264,1
14265,0
14267,1
14268,1
14269,1
14270,0
14271,1
14272,1
14273,1
14275,1
14277,1
14279,1
14280,1
14281,1
14282,1
14283,1
14284,1
14285,1
14290,1
14291,1
14292,1
14293,1
14295,1
14296,1
14303,1
14305,1
14308,1
14311,1
14312,0
14313,1
14314,1
14315,1
14318,1
14319,1
14320,1
14323,1
14324,1
14325,1
14328,1
14329,0
14330,1
14333,1
14334,1
14335,1
14336,1
14337,1
14338,1
14339,1
14340,1
14341,1
14342,1
14343,1
14344,1
14346,1
14347,1
14349,1
14350,1
14351,1
14352,1
14353,1
14354,1
14355,1
14356,1
14357,1
14358,0
14359,1
14360,1
14362,1
14363,1
14364,1
14365,1
14367,1
14368,1
14369,1
14371,1
14372,1
14374,1
14375,1
14376,1
14378,1
14379,1
14380,1
14381,0
14384,1
14385,1
14386,1
14387,1
14389,1
14390,1
14391,1
14393,1
14394,0
14395,1
14396,0
14397,0
14398,1
14400,1
14401,1
14402,1
14403,1
14404,1
14406,1
14407,0
14408,1
14409,1
14410,1
14411,1
14412,0
14413,1
14415,1
14416,1
14417,1
14418,1
14419,1
14420,1
14421,0
14422,1
14423,1
14424,1
14426,1
14427,0
14430,1
14431,1
14432,1
14433,1
14434,1
14436,1
14437,1
14438,1
14439,1
14440,1
14442,1
14443,1
14444,1
14445,1
14446,1
14447,1
14448,1
14450,1
14451,1
14452,1
14453,1
14454,1
14455,1
14456,1
14457,1
14458,1
14459,1
14460,1
14461,1
14462,1
14464,1
14466,1
14467,1
14469,1
14470,1
14471,1
14472,1
14473,1
14474,1
14475,1
14476,1
14477,1
14478,1
14479,1
14481,1
14482,1
14483,1
14484,1
14486,1
14487,0
14489,1
14492,1
14493,1
14496,1
14497,1
14498,1
14500,1
14502,1
14503,1
14504,1
14505,1
14506,1
14507,1
14508,1
14509,1
14510,1
14511,1
14514,0
14515,1
14517,1
14519,1
14520,1
14522,1
14524,1
14525,1
14526,1
14527,1
14528,1
14529,1
14530,1
14531,1
14532,1
14533,1
14534,1
14535,1
14536,1
14537,1
14538,1
14539,1
14540,1
14541,1
14542,1
14543,1
14544,1
14545,1
14546,1
14547,1
14548,1
14549,1
14550,1
14551,1
14552,1
14553,1
14554,1
14555,1
14556,1
14557,1
14558,1
14559,1
14560,1
14562,1
14563,1
14564,1
14566,1
14567,1
14568,1
14569,1
14570,1
14573,0
14574,1
14575,1
14577,1
14578,1
14579,0
14580,1
14584,1
14586,1
14588,1
14589,1
14590,1
14592,1
14593,1
14594,1
14595,1
14596,1
14597,1
14598,1
14599,1
14600,1
14601,1
14603,1
14604,1
14605,1
14606,1
14607,1
14608,1
14609,1
14610,1
14613,1
14614,1
14615,1
14616,1
14617,1
14618,1
14619,1
14620,1
14621,0
14623,1
14625,1
14626,1
14627,1
14628,1
14629,1
14630,0
14631,1
14632,1
14634,1
14635,1
14636,1
14638,1
14640,1
14643,1
14644,1
14645,1
14646,1
14647,1
14648,1
14650,1
14651,0
14652,1
14655,1
14657,0
14659,1
14660,1
14661,1
14663,1
14667,1
14668,1
14670,1
14673,1
14674,1
14675,1
14677,1
14678,1
14679,1
14680,1
14681,1
14683,0
14684,1
14685,1
14686,1
14687,1
14688,1
14689,1
14690,1
14691,1
14692,1
14693,1
14694,1
14695,1
14696,1
14698,1
14699,1
14700,1
14701,1
14702,0
14703,1
14704,1
14705,1
14706,1
14707,1
14709,1
14710,1
14711,1
14712,1
14713,1
14715,1
14716,1
14717,1
14718,1
14719,1
14720,1
14721,1
14722,1
14723,1
14724,1
14725,1
14726,1
14727,1
14728,1
14729,1
14731,1
14732,1
14733,1
14734,1
14735,0
14736,1
14737,0
14739,1
14740,0
14741,1
14742,1
14743,1
14744,1
14745,1
14746,1
14748,1
14749,0
14750,0
14751,1
14752,1
14754,1
14755,0
14756,1
14757,0
14758,1
14759,1
14760,1
14761,1
14762,1
14764,1
14765,1
14767,1
14768,1
14769,1
14770,1
14772,1
14773,1
14774,1
14775,1
14776,1
14777,1
14778,1
14779,1
14780,1
14781,0
14782,1
14783,1
14784,0
14785,1
14786,1
14788,1
14789,1
14790,1
14795,0
14796,1
14797,0
14798,1
14799,1
14800,0
14801,1
14802,1
14803,1
14804,0
14805,1
14807,1
14808,0
14811,1
14812,1
14813,1
14814,1
14815,1
14816,1
14818,1
14819,1
14820,1
14821,1
14822,0
14823,1
14824,1
14825,1
14826,1
14828,1
14829,1
14830,1
14832,1
14833,1
14834,1
14835,0
14837,1
14838,1
14839,1
14840,1
14841,1
14842,1
14843,1
14844,1
14845,1
14847,1
14848,1
14849,1
14851,1
14852,1
14853,1
14854,0
14855,1
14856,0
14857,1
14858,1
14859,1
14860,1
14861,1
14862,1
14865,1
14866,1
14867,1
14868,1
14869,1
14871,1
14872,1
14873,1
14874,1
14875,1
14877,1
14879,1
14880,1
14882,1
14883,0
14884,1
14885,1
14886,1
14887,1
14889,1
14890,1
14891,1
14892,1
14893,1
14894,1
14895,1
14896,1
14897,1
14898,1
14899,1
14900,1
14903,1
14904,1
14905,1
14906,1
14908,1
14910,1
14915,1
14916,1
14917,1
14919,1
14920,1
14921,1
14922,0
14923,1
14924,0
14925,1
14926,1
14927,1
14928,1
14929,1
14930,1
14931,1
14932,0
14934,1
14935,1
14939,1
14940,1
14942,1
14943,1
14944,1
14946,1
14947,0
14948,0
14951,1
14953,1
14957,1
14958,1
14959,0
14960,1
14961,1
14963,0
14964,0
14965,0
14966,1
14969,1
14972,1
14973,1
14974,1
14976,1
14977,0
14978,1
14979,1
14980,1
14981,1
14983,1
14984,1
14985,0
14986,1
14987,1
14988,1
14989,0
14990,0
14991,0
14992,1
14993,0
14994,0
14995,1
14996,0
14997,0
14998,0
14999,1
15000,0
15001,0
15002,1
15003,1
15004,1
15005,1
15006,1
15007,1
15009,1
15010,1
15016,1
15017,1
15018,1
15019,1
15020,1
15022,1
15023,1
15025,1
15026,1
15027,0
15028,1
15029,0
15030,1
15031,1
15032,1
15033,1
15034,1
15035,1
15036,1
15037,1
15038,1
15041,1
15042,1
15043,1
15044,1
15049,1
15050,1
15051,1
15052,1
15053,1
15055,1
15056,1
15057,0
15059,1
15061,0
15062,1
15063,1
15064,1
15065,0
15066,1
15067,1
15068,0
15069,1
15070,1
15071,1
15072,1
15074,0
15075,0
15076,1
15077,1
15078,1
15079,1
15080,1
15081,1
15082,1
15083,1
15084,1
15085,1
15086,1
15087,1
15089,1
15090,1
15091,1
15092,0
15093,1
15094,1
15095,1
15096,0
15097,0
15098,1
15100,1
15101,1
15102,1
15103,0
15105,1
15106,0
15107,1
15108,1
15110,1
15111,1
15112,1
15114,1
15115,1
15116,1
15117,1
15118,1
15119,1
15120,1
15121,1
15122,1
15123,0
15124,1
15126,1
15128,1
15130,1
15132,1
15133,1
15135,1
15136,1
15137,1
15138,0
15139,1
15140,0
15141,0
15142,0
15143,0
15144,1
15145,1
15146,1
15147,1
15148,1
15149,1
15150,1
15151,1
15153,1
15154,1
15155,1
15156,1
15157,1
15158,1
15159,1
15160,1
15161,1
15163,1
15167,1
15168,1
15169,1
15171,1
15176,1
15177,1
15178,1
15180,1
15181,0
15182,1
15183,1
15184,1
15186,1
15187,1
15188,1
15189,1
15190,1
15191,1
15192,1
15193,1
15195,1
15196,1
15197,1
15198,1
15202,1
15204,1
15205,1
15206,1
15207,1
15208,1
15209,0
15211,0
15212,1
15213,1
15214,1
15215,1
15216,1
15217,1
15218,1
15219,1
15220,1
15221,0
15223,1
15224,1
15225,1
15227,1
15229,1
15232,1
15233,0
15236,1
15237,1
15238,1
15239,1
15241,1
15243,1
15244,1
15248,1
15249,1
15250,1
15251,1
15252,1
15253,1
15254,1
15256,1
15258,0
15259,1
15260,1
15261,1
15262,1
15264,1
15266,1
15268,1
15269,1
15270,1
15271,1
15272,0
15273,1
15274,1
15275,1
15276,1
15278,1
15279,1
15280,0
15281,1
15282,1
15284,1
15285,0
15286,1
15287,1
15288,1
15289,1
15291,1
15292,1
15293,1
15294,1
15295,1
15296,0
15297,1
15298,1
15299,1
15300,1
15301,1
15302,1
15303,1
15305,1
15306,1
15307,1
15308,1
15309,1
15310,1
15311,1
15313,1
15314,1
15315,1
15316,1
15317,1
15318,1
15319,1
15320,1
15321,1
15322,0
15323,1
15324,1
15325,1
15326,1
15327,1
15328,1
15330,1
15331,0
15332,0
15333,1
15334,1
15335,1
15336,1
15337,1
15338,1
15339,1
15341,1
15342,1
15344,1
15345,1
15347,1
15348,1
15349,1
15350,1
15351,1
15352,1
15353,1
15355,1
15356,1
15357,1
15358,1
15359,1
15361,1
15364,1
15366,1
15367,1
15368,1
15369,1
15370,1
15371,1
15372,1
15374,1
15375,1
15378,1
15379,1
15381,1
15382,1
15383,1
15384,1
15386,1
15387,0
15388,1
15389,1
15390,1
15391,1
15392,1
15393,1
15394,1
15395,1
15396,1
15397,1
15398,1
15400,1
15401,1
15402,1
15405,1
15406,1
15407,1
15408,0
15409,0
15416,1
15417,1
15419,1
15421,1
15422,1
15423,1
15425,1
15426,1
15427,1
15428,0
15429,1
15430,1
15432,1
15433,1
15434,1
15435,1
15437,1
15439,1
15440,1
15441,1
15442,1
15443,1
15444,1
15445,1
15446,1
15447,1
15448,1
15450,1
15451,1
15453,1
15456,1
15457,1
15458,1
15459,1
15461,1
15465,1
15466,1
15467,1
15468,0
15469,1
15471,1
15475,1
15477,1
15478,1
15479,1
15480,1
15482,1
15483,1
15484,1
15485,1
15488,1
15489,0
15490,1
15492,1
15493,1
15494,1
15496,1
15499,1
15500,1
15501,1
15503,0
15505,1
15506,1
15507,0
15508,1
15510,1
15511,1
15512,1
15513,1
15514,1
15515,1
15519,1
15522,1
15523,1
15526,1
15527,1
15528,1
15529,1
15530,1
15531,1
15532,1
15533,1
15534,1
15535,1
15536,1
15537,1
15538,1
15539,0
15540,1
15542,1
15543,1
15544,1
15545,1
15546,1
15547,1
15548,1
15549,1
15551,1
15552,1
15553,1
15554,1
15555,1
15556,1
15557,1
15558,1
15559,1
15560,1
15563,1
15565,1
15567,1
15568,1
15572,0
15573,1
15574,0
15575,1
15577,1
15578,1
15579,0
15580,1
15582,1
15584,1
15586,1
15588,1
15590,1
15591,1
15592,1
15593,1
15594,1
15595,1
15597,1
15598,1
15600,1
15601,0
15602,1
15603,1
15604,1
15605,0
15606,1
15607,0
15610,0
15611,1
15615,1
15616,1
15617,1
15620,1
15621,1
15622,1
15625,1
15627,1
15628,1
15629,1
15630,1
15631,1
15632,1
15634,1
15635,1
15636,1
15637,1
15641,0
15642,1
15643,1
15645,1
15646,1
15647,1
15648,1
15649,1
15650,1
15651,1
15653,1
15654,0
15655,1
15656,1
15659,1
15661,1
15662,0
15663,1
15664,1
15665,1
15666,1
15668,1
15669,1
15671,1
15672,1
15675,1
15676,1
15680,0
15681,1
15682,1
15683,1
15684,0
15685,1
15686,0
15687,1
15689,0
15690,1
15691,1
15693,1
15694,1
15696,1
15699,1
15700,1
15702,1
15703,1
15704,1
15705,1
15706,1
15707,1
15708,1
15709,1
15710,1
15711,1
15712,1
15713,1
15714,1
15715,0
15718,1
15722,1
15723,1
15725,0
15727,1
15728,1
15732,0
15733,0
15734,1
15735,1
15736,1
15737,1
15739,1
15741,1
15743,1
15744,1
15745,1
15746,1
15747,1
15750,0
15751,0
15754,0
15755,1
15758,1
15760,1
15761,1
15762,1
15764,1
15765,1
15766,1
15767,1
15768,1
15769,1
15770,1
15771,1
15772,1
15773,1
15774,1
15775,1
15776,1
15777,1
15779,1
15780,1
15783,1
15785,1
15787,1
15788,1
15789,1
15791,1
15794,1
15796,1
15797,0
15798,1
15799,1
15801,1
15802,1
15803,1
15804,1
15805,1
15806,1
15807,1
15808,0
15810,1
15815,1
15817,1
15818,1
15819,1
15820,1
15822,1
15827,0
15829,1
15831,1
15833,1
15834,1
15835,1
15836,0
15837,1
15838,1
15840,1
15841,0
15842,1
15847,1
15848,0
15850,1
15853,1
15856,1
15857,1
15858,1
15860,1
15862,1
15863,1
15865,1
15867,1
15868,0
15869,1
15871,1
15872,1
15873,1
15874,1
15875,1
15876,1
15877,0
15879,1
15880,1
15881,1
15883,1
15884,1
15885,1
15887,1
15888,1
15889,1
15890,1
15891,1
15893,1
15894,0
15896,1
15897,1
15898,1
15899,1
15900,1
15901,1
15902,1
15903,1
15906,1
15908,1
15910,1
15911,0
15912,1
15913,1
15914,1
15915,1
15916,1
15917,1
15918,1
15919,1
15921,1
15922,0
15923,1
15924,1
15927,1
15928,1
15932,1
15933,1
15934,1
15935,1
15936,1
15938,0
15939,1
15941,1
15942,0
15943,1
15944,0
15945,1
15949,0
15950,1
15951,0
15952,0
15953,1
15954,1
15955,1
15956,1
15957,1
15958,1
15959,1
15960,1
15962,1
15963,1
15966,0
15967,0
15968,1
15971,0
15974,1
15975,1
15976,1
15977,0
15978,1
15979,1
15980,1
15981,1
15982,1
15983,1
15984,1
15985,1
15986,1
15987,1
15989,1
15990,1
15991,1
15992,1
15993,1
15994,1
15995,1
15996,1
15997,1
16001,1
16002,1
16003,1
16004,1
16005,1
16006,1
16007,1
16008,1
16009,1
16010,1
16012,1
16013,1
16014,1
16015,1
16016,1
16017,0
16018,1
16019,1
16020,1
16021,1
16022,1
16023,1
16024,1
16025,1
16026,1
16027,1
16028,1
16029,1
16030,1
16031,1
16032,1
16033,1
16034,0
16035,0
16037,1
16038,1
16039,1
16041,1
16042,1
16044,1
16045,1
16046,0
16047,1
16050,1
16052,0
16053,0
16054,0
16056,1
16057,1
16059,1
16060,1
16061,1
16062,1
16063,1
16064,1
16065,1
16066,1
16067,1
16068,1
16070,1
16071,0
16073,1
16075,1
16076,0
16077,1
16078,1
16079,1
16081,1
16082,1
16083,1
16085,1
16088,1
16089,1
16090,1
16091,1
16093,1
16094,0
16095,1
16097,1
16100,1
16101,1
16102,1
16103,1
16104,0
16106,1
16107,0
16108,1
16109,1
16110,1
16111,1
16112,1
16113,1
16114,1
16115,1
16120,1
16122,1
16123,1
16124,1
16125,1
16126,1
16127,0
16129,1
16130,1
16131,1
16132,0
16133,1
16135,1
16136,1
16137,1
16138,1
16140,1
16142,1
16143,1
16144,1
16145,1
16146,1
16147,1
16148,1
16149,1
16150,1
16151,1
16152,1
16153,0
16154,1
16155,1
16156,1
16157,1
16159,0
16160,1
16164,1
16165,1
16166,1
16167,1
16168,1
16169,1
16170,1
16171,1
16174,1
16178,1
16179,1
16181,1
16182,1
16184,1
16185,1
16187,1
16190,1
16191,1
16192,1
16194,1
16196,0
16199,1
16200,1
16203,1
16207,1
16208,1
16209,1
16210,1
16211,1
16213,1
16215,1
16216,1
16217,1
16218,1
16219,1
16221,1
16222,0
16223,1
16227,1
16228,1
16229,1
16230,0
16231,1
16232,1
16233,1
16234,1
16235,1
16236,1
16237,0
16238,0
16239,1
16240,1
16241,1
16243,1
16244,1
16246,1
16247,0
16249,1
16251,0
16252,0
16253,1
16255,0
16256,1
16258,0
16261,0
16262,1
16263,1
16264,1
16265,0
16266,1
16267,1
16268,1
16271,1
16272,1
16273,1
16274,1
16275,1
16278,0
16280,1
16282,1
16285,1
16286,1
16287,1
16288,1
16289,1
16290,1
16291,1
16292,1
16294,1
16296,1
16297,1
16298,1
16299,1
16300,1
16301,1
16302,1
16304,1
16305,1
16306,1
16308,1
16310,1
16311,1
16315,1
16316,1
16317,1
16318,0
16319,1
16320,1
16321,1
16322,1
16323,1
16324,1
16325,1
16326,1
16328,1
16329,1
16330,1
16331,1
16332,1
16333,1
16334,1
16335,1
16336,1
16337,1
16338,1
16341,1
16342,1
16344,1
16345,1
16346,1
16347,1
16348,1
16349,1
16351,1
16355,1
16357,1
16361,1
16362,1
16363,1
16364,1
16365,1
16366,1
16367,1
16368,1
16369,1
16370,1
16371,1
16372,1
16373,1
16375,1
16376,1
16377,1
16378,1
16379,1
16380,1
16381,0
16382,0
16383,1
16384,1
16386,1
16387,1
16388,1
16389,1
16390,1
16391,1
16392,1
16393,1
16394,1
16395,1
16396,0
16398,1
16399,1
16400,1
16402,1
16403,1
16404,1
16406,0
16407,1
16408,1
16412,1
16413,1
16414,1
16415,1
16416,0
16418,1
16419,1
16420,1
16421,1
16422,1
16423,1
16424,1
16425,1
16426,1
16427,1
16428,1
16429,1
16430,1
16431,1
16432,1
16433,1
16434,1
16437,1
16438,1
16439,1
16441,1
16442,1
16443,0
16444,0
16446,1
16447,1
16448,1
16449,1
16450,0
16452,1
16453,0
16454,1
16455,1
16456,1
16457,1
16458,1
16459,1
16460,1
16461,1
16464,1
16465,1
16466,1
16467,1
16468,1
16469,1
16470,0
16471,1
16472,1
16473,1
16474,1
16475,1
16476,1
16479,1
16480,1
16481,1
16482,1
16483,1
16484,1
16485,1
16486,1
16487,1
16489,1
16490,1
16491,1
16493,1
16494,1
16496,1
16498,1
16499,1
16500,1
16503,1
16507,1
16508,1
16509,1
16510,1
16511,1
16512,1
16513,1
16514,1
16515,1
16517,1
16518,1
16519,1
16520,1
16521,0
16522,1
16523,1
16524,1
16527,1
16528,1
16529,0
16532,1
16534,1
16535,1
16536,1
16538,1
16539,0
16540,1
16541,1
16542,0
16543,1
16544,1
16545,1
16546,1
16547,1
16548,0
16549,1
16552,1
16553,1
16555,1
16556,1
16557,1
16558,1
16561,1
16562,1
16563,1
16564,1
16565,1
16566,1
16567,1
16570,1
16571,1
16573,1
16574,1
16575,1
16576,1
16577,1
16578,1
16579,1
16580,1
16582,1
16583,1
16584,1
16585,1
16588,1
16589,1
16590,1
16591,1
16592,1
16594,1
16595,1
16596,1
16597,1
16598,1
16599,1
16600,1
16601,1
16602,1
16603,1
16604,1
16605,1
16607,1
16608,1
16609,1
16610,1
16611,0
16612,1
16614,1
16615,1
16616,1
16617,1
16618,1
16620,1
16621,1
16622,1
16623,1
16624,1
16625,0
16626,1
16627,1
16628,1
16629,0
16630,1
16631,1
16632,1
16633,1
16634,1
16635,0
16636,1
16637,1
16638,1
16639,1
16640,1
16641,1
16642,1
16643,1
16644,1
16646,1
16647,1
16651,1
16652,1
16653,1
16654,1
16655,1
16656,1
16657,1
16658,1
16659,1
16660,1
16661,1
16662,1
16664,1
16665,1
16666,1
16667,1
16668,1
16669,1
16670,1
16671,1
16672,1
16673,1
16677,1
16678,1
16679,1
16680,1
16681,1
16683,0
16684,1
16685,1
16686,1
16687,1
16688,1
16689,1
16692,1
16693,1
16696,1
16698,1
16699,1
16701,1
16702,1
16704,1
16705,1
16706,1
16707,1
16708,1
16709,1
16710,1
16711,1
16712,1
16713,1
16714,1
16715,1
16716,1
16718,1
16719,1
16720,1
16722,1
16725,1
16726,1
16727,1
16728,1
16729,1
16730,1
16731,1
16732,1
16733,1
16734,1
16735,1
16736,1
16737,1
16739,0
16740,0
16741,1
16742,1
16744,1
16745,1
16746,1
16747,1
16749,1
16750,1
16751,1
16752,1
16753,1
16754,1
16755,1
16756,1
16757,1
16758,1
16759,1
16760,1
16761,1
16762,1
16763,1
16764,1
16765,0
16766,1
16767,1
16768,1
16770,1
16771,1
16772,1
16776,1
16777,1
16778,1
16779,1
16780,1
16781,1
16782,1
16783,1
16784,1
16785,1
16786,1
16787,1
16789,1
16790,1
16791,1
16792,0
16793,1
16794,1
16795,1
16796,1
16799,1
16800,1
16801,1
16802,1
16803,1
16804,1
16806,1
16807,1
16808,1
16811,1
16813,1
16814,1
16815,1
16816,1
16818,1
16820,1
16821,1
16822,1
16823,1
16824,1
16825,1
16826,1
16827,1
16828,1
16829,0
16830,1
16831,1
16833,1
16835,1
16836,1
16837,1
16838,1
16839,1
16840,0
16841,1
16842,1
16843,1
16845,1
16847,1
16850,1
16852,1
16853,1
16854,1
16855,1
16856,1
16859,1
16860,1
16862,1
16864,1
16866,1
16867,1
16868,1
16870,1
16871,0
16872,1
16873,1
16874,1
16875,1
16876,1
16877,1
16879,1
16880,1
16881,1
16882,1
16883,1
16884,1
16886,1
16887,1
16888,1
16889,1
16890,1
16891,0
16892,1
16893,1
16896,1
16899,1
16901,1
16902,1
16903,1
16904,0
16905,1
16907,1
16908,1
16909,1
16910,1
16911,0
16912,1
16913,1
16914,1
16915,1
16917,1
16918,1
16919,1
16920,1
16922,1
16923,1
16924,1
16925,1
16927,1
16928,1
16929,1
16930,1
16931,1
16932,1
16933,1
16934,1
16935,0
16936,1
16937,1
16938,1
16939,0
16941,1
16942,1
16943,1
16944,1
16945,1
16946,1
16947,1
16949,1
16950,1
16951,1
16952,1
16954,1
16955,1
16956,1
16957,1
16958,1
16959,1
16962,1
16963,0
16964,1
16965,1
16966,1
16967,1
16968,1
16969,1
16970,1
16971,1
16972,0
16973,1
16975,0
16976,1
16977,1
16979,1
16980,1
16981,1
16982,1
16983,1
16984,1
16986,1
16989,1
16991,1
16992,1
16993,1
16994,1
16995,1
16996,1
16997,0
16998,1
16999,1
17000,1
17001,1
17002,1
17003,0
17004,1
17005,0
17006,0
17008,1
17009,1
17010,1
17011,1
17013,1
17014,1
17015,1
17016,1
17017,1
17021,1
17022,1
17023,1
17024,1
17026,1
17028,1
17029,1
17031,1
17032,0
17034,1
17035,1
17037,1
17038,1
17039,1
17040,1
17042,1
17043,0
17044,1
17045,1
17046,1
17047,1
17048,0
17049,0
17050,0
17051,0
17052,1
17053,1
17054,1
17055,1
17058,0
17060,1
17061,1
17062,1
17063,1
17064,1
17065,1
17066,1
17067,1
17068,1
17069,1
17071,1
17072,1
17073,1
17074,1
17075,0
17076,1
17077,1
17078,1
17079,1
17080,1
17082,1
17083,1
17084,0
17085,1
17087,1
17089,1
17091,1
17092,1
17094,1
17095,1
17096,1
17097,1
17098,1
17099,1
17100,1
17104,1
17106,1
17107,1
17109,1
17110,1
17111,1
17112,1
17113,0
17114,1
17117,1
17118,1
17119,1
17120,1
17121,1
17124,1
17126,1
17127,1
17128,1
17129,1
17130,1
17131,0
17133,1
17136,1
17137,1
17138,1
17139,1
17141,1
17142,1
17143,1
17144,1
17145,1
17146,1
17147,1
17148,1
17149,1
17150,1
17152,1
17153,1
17154,1
17155,1
17157,1
17158,1
17159,1
17160,1
17161,1
17163,0
17164,0
17166,0
17167,1
17168,1
17171,1
17172,1
17173,1
17174,1
17175,1
17176,1
17177,1
17178,1
17179,1
17181,1
17182,1
17183,0
17184,1
17185,1
17186,1
17188,1
17189,1
17190,1
17191,1
17193,1
17194,1
17195,1
17196,1
17198,1
17199,1
17202,1
17203,1
17206,1
17207,1
17209,1
17210,1
17211,1
17212,1
17213,1
17214,1
17216,1
17217,1
17219,1
17220,0
17221,1
17222,1
17224,1
17225,1
17226,1
17227,1
17229,1
17230,1
17231,1
17232,1
17234,1
17235,1
17237,1
17240,1
17241,1
17244,1
17245,1
17246,1
17247,1
17248,1
17249,1
17250,1
17251,1
17252,1
17253,1
17254,1
17255,1
17256,1
17257,1
17258,1
17259,1
17260,1
17261,1
17262,1
17263,1
17265,1
17266,0
17267,1
17268,1
17269,1
17270,1
17271,1
17273,1
17275,1
17277,1
17278,1
17279,0
17280,0
17281,1
17282,1
17283,1
17285,1
17286,0
17287,1
17288,1
17291,1
17292,1
17293,1
17294,0
17295,1
17296,1
17297,1
17298,1
17299,1
17300,1
17302,1
17303,1
17304,1
17305,1
17306,1
17307,1
17308,1
17309,1
17310,1
17311,1
17312,1
17313,0
17314,1
17316,0
17319,1
17320,1
17321,1
17322,1
17325,1
17326,1
17327,1
17328,1
17329,1
17330,1
17331,1
17332,1
17333,1
17334,1
17335,1
17336,1
17337,1
17338,1
17341,1
17342,0
17343,1
17344,1
17345,1
17346,1
17347,1
17348,1
17349,1
17350,1
17351,1
17352,1
17354,1
17355,1
17356,1
17357,1
17358,1
17359,1
17360,1
17361,1
17362,0
17363,1
17364,1
17365,1
17366,1
17370,1
17371,1
17372,1
17373,0
17374,1
17375,1
17378,1
17379,1
17380,1
17381,1
17382,1
17383,1
17384,1
17385,1
17386,1
17387,1
17390,1
17391,1
17393,1
17394,1
17395,1
17397,1
17399,1
17400,1
17401,0
17402,1
17403,1
17404,0
17405,1
17406,1
17407,0
17408,1
17409,1
17410,1
17413,1
17414,1
17415,1
17416,1
17419,1
17420,1
17421,1
17422,1
17423,1
17424,1
17425,1
17426,0
17428,1
17430,1
17431,0
17432,1
17433,1
17434,1
17436,1
17437,1
17438,1
17440,1
17442,1
17444,1
17445,1
17447,1
17448,0
17451,0
17452,1
17454,1
17455,1
17456,1
17459,1
17460,1
17461,1
17462,1
17463,1
17464,1
17465,0
17466,1
17467,1
17468,1
17470,1
17472,1
17473,0
17474,1
17475,1
17476,1
17477,1
17478,1
17479,1
17481,1
17482,1
17483,1
17484,1
17485,1
17487,1
17488,1
17491,1
17492,0
17493,0
17495,1
17497,1
17498,1
17500,1
17501,0
17503,1
17505,1
17506,1
17507,1
17515,1
17518,1
17519,1
17520,1
17522,1
17523,1
17524,1
17525,0
17526,0
17527,1
17528,1
17529,1
17530,1
17531,1
17532,1
17533,1
17535,1
17536,1
17538,1
17540,1
17541,1
17542,1
17543,1
17544,1
17545,1
17546,1
17547,1
17548,1
17549,0
17550,1
17551,1
17552,1
17553,1
17554,1
17555,1
17556,1
17559,1
17561,1
17562,1
17564,1
17565,1
17566,1
17567,1
17568,0
17569,1
17570,1
17571,1
17572,1
17573,1
17574,1
17575,1
17576,1
17577,1
17578,1
17580,1
17581,1
17582,1
17583,1
17584,1
17586,1
17587,1
17588,1
17589,1
17590,1
17591,1
17593,1
17594,1
17595,1
17597,1
17598,1
17601,1
17603,0
17604,1
17609,1
17610,1
17611,1
17612,1
17613,1
17614,1
17616,1
17617,1
17618,1
17619,1
17620,1
17621,1
17622,1
17623,1
17624,0
17626,1
17627,1
17628,1
17629,1
17630,1
17631,1
17633,1
17634,1
17635,1
17637,1
17638,1
17639,1
17640,1
17641,1
17642,1
17643,1
17644,1
17645,1
17646,1
17648,1
17650,1
17651,1
17652,1
17657,1
17660,1
17661,1
17663,1
17664,1
17665,1
17666,1
17668,1
17670,1
17671,1
17672,1
17673,1
17674,0
17675,1
17676,1
17678,1
17679,1
17680,1
17681,1
17682,1
17683,1
17685,1
17689,1
17690,1
17691,1
17694,1
17695,1
17697,1
17698,1
17699,1
17700,1
17701,1
17702,1
17703,1
17704,1
17705,1
17706,1
17708,1
17710,1
17711,1
17712,1
17713,1
17714,1
17715,1
17716,1
17717,1
17718,1
17719,1
17722,1
17723,1
17724,1
17728,1
17730,1
17732,0
17735,1
17736,1
17738,0
17740,1
17741,0
17742,1
17743,0
17746,0
17747,0
17748,0
17749,1
17750,1
17752,1
17753,0
17754,1
17755,1
17756,1
17757,0
17758,1
17759,1
17760,1
17761,1
17762,0
17763,1
17764,1
17765,1
17766,1
17767,0
17768,1
17769,1
17771,1
17772,1
17773,0
17774,1
17775,1
17776,0
17777,1
17778,1
17779,1
17781,1
17782,1
17783,1
17784,1
17786,1
17787,1
17788,1
17789,1
17791,1
17792,1
17793,1
17794,1
17795,1
17798,1
17799,1
17801,1
17804,1
17806,1
17807,1
17808,1
17809,1
17810,1
17811,0
17814,1
17815,1
17816,1
17817,1
17818,1
17819,1
17820,1
17821,1
17822,1
17825,1
17826,1
17827,1
17828,1
17829,1
17831,1
17832,1
17833,0
17834,1
17841,1
17842,1
17843,1
17845,1
17846,1
17847,1
17849,1
17850,0
17852,1
17853,1
17855,1
17856,1
17857,1
17858,1
17859,1
17860,1
17861,0
17862,1
17865,1
17866,1
17867,1
17869,1
17871,1
17872,1
17874,1
17875,1
17876,1
17877,1
17878,1
17879,1
17880,1
17881,1
17882,1
17883,1
17884,1
17885,1
17886,1
17887,1
17888,1
17890,0
17891,1
17892,1
17895,1
17896,1
17897,1
17898,1
17899,1
17900,1
17901,1
17902,1
17903,1
17904,1
17905,1
17907,1
17908,1
17912,1
17913,0
17914,1
17915,1
17917,1
17918,1
17919,1
17921,1
17922,1
17923,1
17924,1
17925,1
17926,1
17928,1
17931,1
17933,1
17934,1
17935,1
17936,1
17937,1
17938,1
17939,1
17940,1
17941,1
17942,1
17943,1
17944,1
17945,1
17946,1
17947,1
17949,1
17951,1
17952,1
17953,1
17954,0
17955,0
17956,1
17957,1
17962,0
17963,0
17964,0
17965,1
17967,1
17968,1
17971,0
17973,1
17977,1
17978,1
17979,0
17980,1
17981,0
17982,1
17983,1
17984,1
17986,1
17988,1
17989,1
17991,1
17992,1
17993,1
17994,0
17995,0
17997,0
17998,1
17999,1
18001,1
18003,1
18004,0
18005,1
18006,1
18007,1
18008,1
18009,1
18010,1
18013,1
18014,1
18015,1
18017,1
18020,1
18021,1
18022,1
18025,1
18027,1
18028,1
18029,1
18030,1
18031,1
18032,1
18033,1
18034,1
18038,1
18039,1
18040,1
18044,1
18045,1
18047,1
18048,1
18049,1
18050,1
18054,1
18055,1
18056,0
18058,1
18059,1
18060,1
18064,1
18066,1
18068,1
18070,1
18073,1
18074,0
18075,1
18081,1
18082,1
18083,1
18084,1
18085,1
18086,1
18087,1
18088,1
18089,1
18091,1
18092,1
18093,1
18094,0
18095,1
18096,1
18097,1
18098,1
18099,1
18100,1
18101,1
18102,0
18103,1
18104,1
18106,1
18107,1
18108,1
18109,1
18110,1
18111,1
18112,0
18113,0
18114,1
18115,1
18116,1
18117,1
18118,1
18120,1
18121,1
18123,1
18125,1
18126,1
18127,1
18128,1
18129,1
18130,1
18132,0
18136,1
18137,1
18138,1
18139,1
18140,1
18141,1
18142,1
18143,1
18144,1
18145,1
18146,0
18147,1
18149,1
18151,1
18154,1
18155,1
18156,1
18157,1
18158,1
18159,1
18160,1
18161,1
18162,1
18163,1
18164,1
18168,0
18170,0
18174,1
18175,1
18176,1
18177,1
18178,1
18179,1
18180,0
18182,1
18183,1
18187,1
18188,1
18189,0
18190,0
18191,0
18194,1
18199,0
18200,1
18201,0
18202,0
18203,1
18205,1
18207,1
18208,0
18209,1
18210,1
18211,1
18212,1
18213,1
18214,1
18216,1
18217,1
18218,1
18220,1
18221,0
18222,0
18223,1
18224,1
18225,0
18226,1
18227,0
18228,0
18229,0
18230,0
18231,0
18233,1
18234,0
18235,1
18237,1
18238,0
18239,0
18240,1
18241,1
18242,1
18243,0
18248,1
18249,1
18251,1
18252,1
18253,1
18254,1
18255,1
18256,1
18257,1
18258,1
18259,1
18260,1
18262,1
18264,1
18266,1
18267,1
18268,0
18269,0
18270,0
18271,1
18272,1
18273,1
18274,1
18275,1
18276,1
18278,0
18279,1
18280,1
18283,1
18286,1
18287,1
18293,1
18294,1
18295,1
18297,1
18301,1
18302,1
18303,1
18304,1
18305,1
18307,1
18308,1
18309,1
18310,1
18311,1
18312,1
18313,1
18314,1
18315,1
18316,1
18317,1
18318,1
18319,1
18320,1
18321,1
18322,1
18323,1
18324,1
18325,1
18326,0
18327,1
18328,1
18329,1
18330,1
18331,1
18332,1
18333,1
18335,1
18336,0
18337,1
18339,1
18340,1
18341,1
18343,1
18345,1
18346,1
18347,1
18348,1
18350,1
18351,1
18352,1
18354,1
18355,1
18356,1
18357,1
18358,1
18359,1
18360,1
18361,0
18362,1
18363,1
18364,1
18365,1
18366,1
18367,0
18369,1
18373,1
18375,1
18377,1
18378,1
18379,0
18380,0
18382,1
18384,1
18385,1
18386,1
18388,1
18390,1
18391,1
18392,0
18395,1
18396,1
18397,1
18398,1
18400,1
18401,1
18402,0
18404,1
18405,1
18407,1
18409,1
18410,1
18411,1
18412,1
18414,0
18415,1
18416,1
18417,1
18418,1
18422,1
18423,1
18424,1
18426,1
18427,1
18428,1
18429,1
18430,1
18431,1
18432,1
18433,1
18434,1
18436,1
18438,1
18439,1
18440,1
18441,1
18442,1
18443,1
18444,1
18445,1
18446,1
18449,1
18450,1
18452,1
18453,1
18454,1
18456,1
18457,1
18458,1
18459,1
18460,1
18461,1
18462,1
18463,1
18464,1
18466,1
18467,1
18468,1
18469,1
18470,1
18471,1
18472,1
18473,1
18475,1
18476,1
18477,1
18478,1
18479,1
18480,1
18481,1
18482,0
18484,1
18485,1
18486,1
18487,1
18489,1
18491,1
18494,1
18495,1
18496,1
18497,1
18499,1
18500,1
18501,1
18502,1
18503,1
18504,1
18505,1
18506,1
18508,1
18509,1
18510,1
18511,1
18512,1
18514,1
18515,1
18516,1
18517,1
18518,1
18519,1
18521,1
18522,1
18523,1
18524,1
18525,1
18526,1
18527,1
18528,1
18529,1
18530,1
18531,0
18532,1
18533,1
18534,1
18535,1
18536,1
18537,1
18538,1
18539,1
18540,1
18541,1
18542,1
18545,1
18546,1
18547,0
18550,0
18551,1
18552,1
18553,1
18554,1
18556,1
18557,1
18558,1
18559,0
18560,1
18561,1
18562,1
18563,1
18564,1
18565,1
18566,1
18567,1
18568,1
18569,0
18570,1
18571,1
18572,1
18574,1
18575,1
18576,1
18577,1
18578,1
18579,1
18580,1
18581,1
18582,1
18583,1
18584,1
18590,1
18592,1
18593,1
18594,0
18595,1
18598,1
18599,1
18600,1
18601,0
18602,0
18603,0
18604,1
18605,1
18606,1
18607,1
18608,1
18609,1
18610,1
18612,1
18613,1
18614,1
18616,1
18617,1
18621,1
18622,1
18623,1
18624,1
18626,0
18627,1
18628,0
18629,1
18632,1
18633,1
18634,1
18637,1
18640,1
18641,0
18642,1
18645,1
18646,1
18647,1
18648,1
18649,1
18650,1
18651,1
18652,1
18653,1
18654,1
18657,1
18658,1
18659,1
18660,1
18661,1
18662,1
18663,1
18666,1
18668,1
18670,1
18671,1
18672,1
18673,1
18674,1
18675,1
18676,1
18677,1
18678,1
18681,1
18682,1
18683,1
18684,1
18685,1
18686,1
18687,1
18688,1
18690,1
18691,1
18692,1
18693,1
18694,1
18695,1
18696,1
18699,1
18700,1
18701,1
18702,1
18703,1
18704,0
18705,1
18706,1
18709,1
18710,1
18713,1
18714,1
18715,1
18716,1
18718,1
18719,1
18721,1
18722,1
18726,1
18727,0
18728,1
18729,1
18730,1
18731,1
18732,1
18733,1
18734,1
18735,1
18736,1
18737,1
18738,1
18739,1
18740,1
18741,1
18742,1
18743,1
18744,1
18745,1
18746,1
18747,1
18748,1
18749,1
18750,1
18751,1
18752,1
18754,1
18755,1
18756,1
18757,1
18758,1
18759,1
18760,1
18761,1
18763,1
18764,1
18766,1
18767,1
18768,1
18771,1
18774,1
18775,1
18776,1
18777,1
18778,1
18779,1
18780,0
18781,1
18782,1
18783,1
18784,1
18785,1
18786,1
18787,1
18788,1
18789,1
18790,1
18791,0
18792,1
18793,1
18794,1
18795,1
18796,1
18797,1
18801,1
18802,1
18803,1
18804,1
18805,1
18806,0
18807,1
18808,1
18809,1
18812,1
18813,1
18814,1
18815,1
18816,1
18817,1
18818,1
18819,1
18820,1
18821,1
18822,1
18824,1
18825,1
18829,1
18834,1
18835,1
18837,1
18838,1
18839,1
18840,1
18841,1
18842,1
18844,0
18845,0
18846,1
18847,1
18848,1
18849,1
18850,1
18851,1
18852,1
18853,1
18854,1
18857,1
18860,1
18861,1
18862,1
18864,1
18866,1
18867,1
18868,1
18869,1
18870,1
18873,1
18874,1
18875,1
18878,1
18879,1
18880,1
18884,1
18885,1
18886,0
18887,1
18888,1
18889,1
18890,1
18891,1
18893,1
18894,1
18895,0
18896,0
18900,1
18901,1
18902,1
18908,1
18909,1
18910,1
18911,1
18912,0
18913,1
18914,1
18916,0
18917,1
18919,0
18920,1
18921,0
18923,0
18925,0
18926,1
18928,1
18931,0
18932,0
18933,1
18934,1
18935,1
18936,1
18937,1
18938,1
18939,0
18941,1
18942,1
18943,1
18945,0
18947,1
18948,0
18949,1
18950,1
18952,1
18953,1
18954,1
18955,1
18956,0
18957,1
18958,1
18959,1
18960,1
18961,1
18963,1
18967,1
18970,1
18971,1
18972,1
18973,1
18974,1
18975,1
18978,1
18979,1
18981,1
18982,1
18983,1
18984,1
18985,1
18986,1
18987,1
18988,1
18989,1
18990,1
18991,1
18992,1
18994,1
18995,1
18996,1
18997,1
18998,1
18999,1
19000,1
19001,1
19003,1
19004,1
19005,1
19006,1
19007,1
19008,1
19009,1
19011,1
19012,1
19013,1
19017,1
19018,1
19019,1
19020,1
19021,1
19022,1
19023,1
19024,1
19025,1
19026,1
19027,1
19028,1
19029,1
19030,1
19031,1
19032,1
19033,1
19034,1
19035,0
19036,1
19037,1
19039,1
19042,1
19043,0
19044,1
19045,1
19046,1
19047,1
19048,1
19049,1
19050,1
19051,1
19052,1
19053,1
19054,1
19055,1
19056,1
19057,1
19061,1
19062,1
19063,1
19064,1
19065,1
19066,1
19067,1
19068,1
19069,1
19070,1
19072,1
19073,1
19074,1
19075,1
19076,0
19078,1
19079,0
19080,1
19081,1
19083,1
19084,0
19085,1
19086,1
19087,0
19088,1
19092,1
19094,1
19095,1
19096,1
19097,0
19098,0
19099,1
19100,0
19103,0
19104,0
19106,1
19107,0
19108,1
19109,1
19110,1
19111,1
19112,1
19113,1
19114,1
19115,1
19116,1
19117,0
19118,1
19119,1
19120,1
19121,1
19122,1
19123,1
19124,1
19126,1
19127,1
19128,1
19129,1
19130,1
19131,1
19134,1
19135,1
19138,1
19139,1
19140,1
19141,1
19145,1
19146,1
19147,1
19149,1
19152,1
19153,1
19154,1
19155,1
19156,1
19158,1
19160,0
19161,1
19162,1
19163,1
19164,0
19166,1
19167,1
19173,1
19174,1
19175,1
19176,1
19177,1
19180,1
19181,1
19182,1
19183,1
19184,0
19185,0
19186,0
19188,1
19189,1
19190,1
19191,1
19193,1
19194,1
19196,1
19197,1
19198,1
19200,1
19202,1
19203,0
19205,1
19207,1
19208,1
19209,1
19210,1
19213,1
19214,1
19215,1
19216,1
19217,1
19218,1
19220,1
19221,1
19222,1
19223,1
19224,1
19225,1
19226,1
19228,1
19229,1
19230,1
19231,1
19232,1
19233,1
19235,1
19238,1
19239,1
19240,1
19243,1
19244,1
19245,1
19246,1
19247,1
19248,1
19250,1
19251,0
19252,1
19253,1
19259,1
19260,1
19263,1
19264,1
19265,1
19266,1
19267,1
19268,1
19270,1
19271,1
19272,1
19273,1
19274,1
19275,1
19276,1
19277,1
19279,0
19280,1
19281,1
19282,1
19283,1
19284,1
19285,1
19286,1
19287,0
19288,1
19290,1
19291,1
19292,1
19293,1
19294,1
19295,1
19298,0
19300,1
19301,1
19302,0
19304,1
19305,1
19306,0
19308,0
19310,1
19311,1
19312,0
19313,1
19314,1
19315,1
19318,1
19319,1
19320,1
19321,1
19322,1
19323,1
19324,1
19325,0
19326,1
19327,1
19328,0
19329,1
19330,0
19331,1
19332,0
19333,1
19335,1
19336,1
19337,1
19338,1
19339,1
19340,1
19341,1
19342,1
19344,1
19345,1
19347,1
19348,1
19350,1
19351,0
19353,1
19355,1
19356,1
19357,1
19358,1
19359,1
19360,1
19361,1
19362,1
19363,1
19364,0
19365,1
19366,1
19367,0
19368,1
19369,1
19370,1
19371,1
19373,0
19375,1
19376,1
19377,1
19378,1
19379,1
19380,1
19381,1
19382,1
19383,0
19384,0
19385,1
19386,1
19388,0
19390,1
19391,0
19393,1
19394,1
19395,1
19396,1
19401,1
19402,1
19407,1
19410,1
19411,1
19412,1
19413,1
19414,1
19415,1
19416,0
19418,0
19419,1
19420,1
19422,1
19424,1
19427,1
19428,1
19429,0
19430,1
19431,1
19432,1
19434,0
19437,1
19439,1
19443,1
19444,1
19445,1
19446,1
19447,1
19448,1
19449,1
19450,1
19451,1
19453,1
19454,1
19457,1
19458,1
19460,1
19462,1
19463,1
19464,1
19470,0
19472,0
19473,1
19474,1
19477,1
19478,1
19480,1
19481,1
19483,1
19484,1
19485,1
19486,1
19488,1
19489,1
19490,1
19491,1
19492,0
19493,1
19494,1
19495,1
19497,1
19498,0
19499,1
19501,1
19502,1
19503,1
19504,1
19505,1
19506,1
19507,1
19508,1
19509,1
19511,1
19512,1
19513,1
19514,1
19515,1
19516,1
19518,1
19520,1
19521,1
19522,1
19523,1
19524,1
19526,1
19527,1
19528,1
19529,1
19530,0
19531,1
19532,1
19533,1
19534,1
19535,1
19536,1
19537,1
19538,1
19539,1
19540,1
19541,1
19542,1
19543,1
19544,1
19545,1
19546,1
19547,1
19549,1
19550,1
19551,1
19552,1
19553,1
19554,1
19555,1
19556,1
19557,1
19558,1
19559,1
19560,1
19561,1
19562,1
19563,1
19565,1
19566,1
19567,1
19569,1
19570,1
19571,1
19572,1
19573,1
19574,1
19576,1
19577,1
19578,0
19579,1
19580,1
19581,1
19582,1
19583,0
19584,1
19585,1
19586,0
19587,1
19588,1
19589,1
19590,1
19591,1
19592,1
19593,1
19594,1
19595,1
19596,1
19597,1
19598,1
19600,1
19601,1
19602,1
19604,1
19606,1
19607,0
19608,0
19609,1
19610,1
19611,1
19612,1
19613,1
19614,1
19615,1
19616,1
19618,1
19619,1
19620,1
19621,1
19622,1
19623,1
19624,1
19625,1
19626,1
19627,1
19628,1
19629,1
19630,1
19631,1
19632,1
19633,1
19634,1
19635,1
19637,1
19638,1
19639,1
19640,1
19641,1
19642,0
19643,1
19644,1
19645,1
19646,1
19647,1
19648,1
19649,1
19650,0
19651,1
19652,1
19653,0
19655,0
19656,1
19658,1
19659,1
19660,1
19664,1
19665,1
19668,1
19669,1
19670,1
19672,1
19673,1
19674,1
19676,1
19678,1
19681,1
19682,0
19683,0
19686,1
19688,1
19692,1
19693,1
19694,1
19695,0
19697,1
19698,1
19699,1
19700,1
19701,1
19702,1
19704,1
19705,1
19706,1
19707,1
19708,1
19709,1
19711,1
19712,1
19713,1
19714,1
19716,1
19717,1
19718,1
19723,1
19724,1
19727,1
19728,1
19731,1
19732,1
19733,1
19734,1
19735,0
19736,1
19740,1
19741,1
19742,1
19743,1
19744,1
19745,1
19746,1
19747,1
19748,1
19750,1
19751,1
19752,1
19753,1
19756,1
19757,1
19758,1
19759,1
19760,1
19765,1
19766,1
19768,1
19770,1
19771,1
19772,1
19773,1
19774,1
19775,1
19776,1
19777,1
19779,1
19780,1
19781,1
19782,1
19783,1
19784,1
19785,1
19786,1
19789,1
19790,1
19793,1
19794,1
19795,1
19796,1
19797,1
19798,1
19799,1
19800,1
19801,0
19802,0
19803,1
19805,1
19807,1
19809,1
19810,1
19811,1
19812,1
19813,0
19815,1
19817,1
19818,1
19819,0
19820,1
19821,1
19822,1
19823,0
19825,1
19826,1
19827,0
19828,0
19829,1
19831,1
19832,1
19833,0
19835,0
19836,0
19837,1
19839,0
19840,1
19841,1
19842,1
19843,0
19844,1
19845,1
19846,1
19847,1
19848,1
19849,1
19850,0
19852,1
19853,1
19854,1
19855,1
19856,0
19857,1
19858,1
19859,0
19860,1
19863,1
19864,1
19865,1
19866,1
19867,1
19868,1
19869,0
19872,1
19874,1
19875,1
19876,1
19877,1
19882,1
19883,0
19884,1
19885,1
19888,1
19889,1
19890,1
19891,1
19893,1
19894,1
19895,1
19896,1
19897,1
19898,1
19899,0
19901,1
19902,1
19903,1
19904,1
19905,1
19907,1
19908,1
19914,1
19915,1
19916,1
19917,1
19918,1
19920,0
19921,1
19922,1
19923,1
19924,1
19925,1
19926,1
19927,1
19928,1
19929,1
19930,1
19931,1
19932,1
19935,1
19936,0
19937,1
19938,1
19940,1
19941,1
19942,1
19943,1
19944,1
19945,1
19946,1
19947,1
19948,1
19949,1
19950,1
19951,1
19952,1
19953,0
19954,1
19955,1
19957,1
19958,1
19959,1
19960,0
19961,1
19962,1
19963,1
19964,1
19966,1
19967,1
19968,1
19969,1
19970,1
19971,1
19972,1
19973,1
19974,1
19975,1
19976,1
19977,1
19978,1
19981,0
19982,1
19983,1
19985,1
19986,1
19988,1
19989,1
19990,1
19991,1
19992,1
19993,1
19994,1
19995,1
19996,1
19997,1
19999,1
20003,1
20004,1
20005,1
20006,0
20007,0
20008,1
20009,1
20010,1
20012,1
20013,1
20015,1
20016,0
20017,1
20018,1
20019,1
20021,1
20022,1
20023,0
20025,1
20028,1
20030,1
20031,1
20033,1
20034,1
20035,1
20036,1
20038,1
20039,0
20040,1
20042,0
20043,1
20044,1
20045,0
20050,1
20051,1
20053,1
20055,1
20056,1
20057,1
20058,1
20060,1
20061,1
20062,1
20063,0
20064,1
20065,1
20066,1
20067,1
20068,1
20069,1
20070,1
20071,1
20072,1
20073,1
20074,0
20075,1
20076,1
20077,1
20078,1
20079,1
20080,1
20081,1
20082,0
20083,1
20085,1
20086,1
20090,1
20092,0
20094,1
20096,1
20098,1
20099,1
20100,1
20101,1
20103,1
20104,1
20105,1
20106,1
20107,1
20109,1
20112,0
20113,1
20115,1
20116,1
20117,1
20118,1
20119,1
20120,1
20121,1
20123,1
20125,1
20126,1
20127,1
20128,1
20129,1
20130,1
20131,1
20132,1
20133,0
20134,1
20135,1
20136,1
20137,1
20138,1
20139,1
20140,1
20141,1
20142,1
20143,1
20144,1
20145,1
20147,1
20148,1
20150,1
20151,1
20152,1
20153,1
20154,1
20156,1
20157,1
20158,1
20159,1
20160,1
20161,1
20163,1
20164,1
20165,1
20166,1
20167,1
20169,1
20170,1
20173,1
20174,1
20175,1
20176,1
20178,1
20179,0
20180,1
20181,1
20182,1
20183,1
20184,1
20186,1
20187,1
20188,1
20189,1
20191,1
20192,0
20193,1
20196,1
20199,1
20200,1
20201,1
20203,1
20204,1
20205,1
20206,1
20207,1
20211,1
20212,1
20213,1
20214,0
20215,1
20216,1
20217,1
20219,1
20220,1
20221,1
20222,0
20223,1
20224,1
20226,1
20227,1
20228,1
20229,1
20230,1
20231,1
20232,1
20233,1
20234,1
20236,0
20237,1
20238,1
20239,1
20240,1
20241,1
20244,1
20245,1
20246,0
20247,1
20248,1
20250,1
20251,1
20252,1
20253,1
20254,1
20255,1
20256,0
20257,1
20258,1
20259,1
20260,0
20261,0
20262,1
20263,1
20264,0
20266,1
20267,0
20268,1
20270,1
20271,1
20272,1
20273,1
20274,1
20275,1
20276,0
20277,1
20278,1
20279,1
20280,1
20281,1
20282,1
20283,0
20284,1
20285,1
20287,1
20288,1
20289,0
20290,0
20291,1
20292,1
20293,1
20294,1
20295,1
20296,0
20297,1
20301,1
20302,1
20303,1
20305,1
20307,1
20308,1
20309,1
20310,1
20311,1
20312,0
20313,1
20314,1
20315,1
20316,1
20319,1
20320,1
20322,1
20327,0
20329,1
20330,1
20332,1
20333,1
20334,1
20335,1
20337,0
20340,1
20341,1
20343,1
20345,1
20346,1
20347,1
20349,1
20350,1
20351,1
20353,1
20355,1
20356,1
20357,1
20358,0
20359,1
20362,0
20364,1
20365,1
20366,1
20367,1
20368,1
20370,1
20371,1
20372,1
20373,1
20374,1
20375,1
20376,1
20377,0
20378,1
20379,1
20380,1
20381,1
20382,1
20383,0
20385,1
20386,1
20388,1
20389,1
20390,1
20391,1
20392,1
20393,1
20394,1
20396,1
20398,0
20400,1
20401,1
20403,1
20406,1
20407,1
20408,1
20409,1
20410,1
20411,1
20412,1
20414,1
20415,1
20417,1
20418,1
20419,1
20420,1
20421,1
20422,1
20423,1
20425,1
20426,1
20428,1
20429,1
20430,1
20431,1
20432,1
20433,1
20434,1
20435,1
20437,1
20439,1
20440,1
20441,1
20442,1
20443,1
20444,1
20445,1
20446,1
20447,1
20448,1
20449,0
20450,1
20452,1
20453,1
20454,1
20457,1
20458,1
20459,1
20460,1
20461,1
20462,1
20463,1
20464,1
20466,1
20467,1
20469,1
20470,1
20471,1
20473,1
20474,1
20475,1
20476,1
20477,1
20478,1
20479,1
20480,1
20481,1
20483,1
20484,1
20486,0
20487,1
20490,0
20492,1
20493,1
20494,1
20495,1
20496,1
20497,1
20498,1
20500,1
20501,0
20502,1
20503,1
20504,1
20505,1
20506,1
20507,1
20508,1
20509,1
20511,0
20512,1
20513,1
20514,1
20515,1
20516,1
20517,1
20518,1
20519,1
20520,1
20521,1
20522,1
20523,1
20524,1
20525,1
20526,1
20527,1
20528,1
20529,1
20530,1
20533,1
20534,1
20535,1
20537,0
20538,1
20540,0
20541,1
20542,1
20543,0
20544,1
20546,0
20547,1
20550,1
20551,1
20552,1
20554,1
20555,1
20557,1
20558,1
20559,0
20560,0
20561,0
20562,1
20563,1
20564,1
20565,1
20566,1
20567,0
20568,1
20569,1
20573,1
20574,1
20575,1
20577,1
20579,1
20581,1
20582,1
20583,1
20584,1
20585,1
20587,1
20588,1
20589,1
20590,1
20591,1
20592,1
20593,1
20594,1
20595,1
20596,1
20599,1
20600,1
20601,1
20602,1
20603,1
20604,1
20608,0
20611,0
20615,1
20616,1
20617,1
20618,1
20620,1
20623,1
20625,1
20627,1
20628,1
20629,1
20630,1
20632,1
20633,1
20634,1
20636,1
20637,1
20638,1
20639,1
20641,1
20642,0
20643,1
20644,1
20645,1
20646,1
20647,0
20648,1
20649,1
20650,1
20652,1
20653,1
20657,1
20658,1
20660,1
20662,0
20663,1
20664,1
20665,1
20666,1
20667,1
20668,0
20669,1
20671,0
20674,1
20675,1
20676,0
20677,1
20678,1
20679,1
20681,1
20682,0
20683,1
20689,1
20690,1
20691,1
20693,1
20694,1
20695,1
20696,1
20698,1
20699,1
20700,1
20701,1
20702,1
20703,1
20704,1
20705,1
20706,1
20707,1
20709,1
20710,1
20711,1
20712,1
20713,1
20714,1
20715,1
20716,1
20717,1
20718,1
20719,1
20721,1
20722,1
20723,1
20724,1
20725,1
20726,1
20727,1
20728,1
20729,1
20730,1
20731,1
20733,1
20734,1
20735,1
20736,1
20739,1
20741,1
20742,1
20744,1
20746,1
20747,1
20749,1
20750,1
20752,1
20754,1
20755,1
20757,1
20759,0
20760,1
20762,1
20763,1
20764,1
20769,1
20774,1
20775,1
20778,1
20779,1
20780,1
20781,1
20783,0
20785,1
20787,1
20788,1
20789,1
20790,1
20792,0
20794,1
20795,1
20796,1
20797,1
20798,1
20799,1
20800,1
20804,1
20806,1
20807,1
20808,1
20809,1
20811,1
20814,1
20816,1
20818,0
20819,1
20820,1
20821,1
20822,1
20823,1
20824,1
20826,1
20827,1
20828,1
20829,1
20830,1
20833,1
20835,0
20836,1
20837,1
20839,1
20840,1
20841,1
20844,1
20845,1
20846,1
20847,1
20848,1
20850,1
20851,1
20852,1
20853,1
20854,1
20855,1
20856,1
20857,1
20858,1
20859,1
20860,1
20861,1
20862,1
20863,1
20864,1
20865,1
20866,0
20867,0
20868,1
20869,1
20870,1
20871,1
20872,1
20873,1
20874,1
20875,1
20876,0
20877,1
20878,1
20879,1
20880,1
20881,1
20882,1
20883,1
20884,1
20885,1
20886,1
20887,1
20890,0
20891,1
20892,1
20893,1
20894,1
20895,1
20896,0
20897,1
20898,1
20899,1
20900,1
20901,1
20902,1
20903,1
20904,1
20905,1
20906,1
20908,0
20909,1
20910,1
20911,0
20912,1
20913,0
20914,1
20915,1
20916,1
20917,1
20919,1
20920,1
20921,1
20923,1
20924,1
20925,1
20926,1
20927,1
20928,1
20929,1
20930,1
20931,1
20932,1
20933,1
20934,1
20935,1
20936,1
20937,1
20938,1
20939,1
20940,1
20941,1
20943,1
20944,1
20945,1
20946,1
20948,1
20949,1
20950,1
20951,1
20952,1
20953,1
20954,1
20955,1
20956,1
20958,1
20959,1
20961,1
20962,1
20964,1
20965,1
20966,1
20967,0
20968,1
20969,1
20970,1
20971,1
20972,1
20973,1
20974,1
20976,0
20978,1
20979,1
20980,1
20981,1
20983,1
20984,1
20986,1
20987,1
20988,1
20989,1
20991,1
20992,1
20993,1
20994,0
20995,1
20996,0
20997,1
20998,1
20999,1
21000,1
21001,1
21002,1
21003,1
21004,1
21005,1
21006,1
21007,1
21008,1
21009,1
21010,1
21011,1
21012,1
21014,1
21015,1
21016,1
21017,1
21018,1
21019,1
21020,1
21021,1
21023,1
21024,0
21025,0
21026,1
21027,1
21028,1
21029,1
21031,1
21033,1
21034,1
21035,1
21036,1
21037,1
21038,0
21039,1
21043,0
21044,0
21046,1
21047,1
21048,1
21049,1
21050,1
21051,1
21052,1
21053,1
21054,1
21055,1
21056,1
21057,1
21058,1
21059,1
21060,0
21061,1
21063,1
21064,1
21065,1
21066,1
21067,1
21068,1
21069,1
21070,1
21071,1
21072,1
21073,1
21074,1
21075,1
21076,1
21079,1
21081,1
21082,1
21083,0
21084,1
21086,1
21087,1
21088,1
21089,1
21090,1
21092,0
21093,1
21094,1
21096,0
21097,1
21099,1
21103,1
21104,1
21105,1
21106,1
21107,1
21108,1
21109,1
21111,0
21115,1
21116,1
21117,0
21118,1
21119,0
21120,0
21122,1
21123,1
21124,1
21125,1
21126,1
21127,1
21128,1
21129,1
21131,1
21132,1
21133,1
21134,1
21135,1
21139,1
21141,1
21142,0
21143,1
21144,1
21145,1
21146,1
21148,1
21149,1
21150,1
21151,1
21152,1
21153,1
21154,1
21155,1
21156,1
21157,1
21159,1
21160,1
21162,1
21163,1
21164,1
21165,1
21166,1
21168,1
21169,1
21171,1
21172,1
21173,1
21174,1
21176,1
21177,1
21178,1
21179,1
21180,1
21181,1
21186,1
21187,1
21188,1
21189,0
21190,1
21191,1
21192,1
21193,1
21194,1
21195,1
21196,0
21197,0
21198,1
21199,1
21200,1
21201,1
21205,0
21207,1
21208,1
21209,1
21210,1
21211,1
21212,0
21213,1
21214,1
21219,1
21221,1
21222,1
21223,0
21225,1
21226,1
21228,1
21229,1
21231,1
21232,1
21235,1
21236,1
21237,1
21238,1
21239,1
21240,1
21241,1
21242,1
21243,1
21244,1
21245,1
21246,1
21247,1
21248,1
21249,1
21250,1
21251,1
21252,1
21253,1
21254,1
21256,1
21257,0
21258,1
21259,1
21261,1
21262,1
21264,1
21265,1
21267,1
21268,1
21269,1
21270,1
21271,1
21272,0
21273,1
21274,1
21275,1
21276,1
21277,1
21281,1
21282,1
21283,1
21284,1
21285,1
21286,1
21287,1
21288,1
21291,1
21292,1
21293,1
21294,1
21295,0
21296,1
21297,1
21298,0
21300,1
21302,1
21303,1
21305,1
21306,1
21307,1
21308,1
21309,0
21310,1
21311,0
21312,0
21313,1
21314,0
21316,0
21317,1
21318,1
21319,1
21320,1
21321,1
21323,1
21324,1
21325,1
21327,1
21328,1
21329,1
21330,1
21331,1
21333,1
21334,1
21336,1
21337,1
21340,1
21341,0
21342,1
21343,1
21345,1
21346,1
21347,1
21348,1
21349,1
21350,1
21351,1
21352,1
21353,0
21354,0
21355,1
21357,1
21359,1
21360,1
21361,0
21362,1
21364,1
21365,1
21366,1
21367,1
21369,1
21370,1
21371,1
21372,1
21374,0
21375,1
21376,1
21377,1
21379,1
21380,1
21381,1
21383,0
21384,1
21385,1
21386,1
21388,1
21389,1
21390,0
21391,0
21393,1
21394,1
21398,1
21399,1
21400,1
21401,1
21402,1
21403,1
21404,1
21406,1
21407,0
21409,1
21410,1
21411,1
21412,1
21414,1
21415,1
21416,1
21417,1
21419,1
21420,1
21422,1
21423,1
21424,1
21425,1
21426,1
21427,1
21428,1
21429,1
21430,1
21431,1
21432,1
21433,1
21434,1
21435,1
21436,1
21437,1
21438,1
21439,1
21440,1
21441,1
21442,1
21444,1
21445,1
21446,1
21448,1
21449,1
21450,1
21451,1
21452,1
21453,0
21454,1
21455,1
21456,1
21457,1
21458,1
21459,0
21460,1
21462,1
21463,1
21464,1
21465,0
21466,1
21467,1
21468,1
21469,1
21470,1
21471,1
21472,0
21473,1
21474,1
21477,1
21478,1
21479,1
21480,1
21481,1
21482,1
21483,1
21484,1
21485,1
21486,1
21487,1
21488,0
21489,0
21490,1
21491,1
21492,1
21493,1
21494,1
21496,1
21497,1
21498,1
21499,1
21500,1
21501,1
21503,1
21505,1
21508,1
21509,1
21510,1
21511,1
21512,1
21513,0
21515,1
21516,1
21517,1
21518,1
21520,1
21522,1
21523,1
21524,1
21525,0
21526,1
21527,1
21528,1
21530,1
21531,1
21533,1
21534,1
21535,1
21536,1
21537,1
21539,1
21540,1
21541,1
21546,1
21550,1
21551,1
21552,1
21553,1
21555,1
21556,0
21557,1
21558,0
21559,0
21560,1
21562,1
21563,1
21564,1
21566,1
21567,1
21568,1
21569,1
21570,1
21571,1
21572,1
21573,0
21574,0
21575,1
21576,1
21577,1
21578,0
21584,1
21586,0
21587,1
21588,1
21589,1
21590,1
21591,0
21592,1
21594,0
21595,1
21596,1
21597,1
21599,1
21600,1
21601,1
21604,0
21605,1
21606,1
21608,0
21609,1
21610,1
21611,1
21614,1
21615,1
21616,1
21617,1
21618,0
21619,1
21620,1
21621,1
21622,1
21626,1
21627,1
21631,0
21632,0
21633,1
21634,1
21635,1
21637,1
21639,1
21641,1
21642,1
21643,1
21645,1
21646,1
21647,1
21648,1
21649,1
21650,1
21651,1
21653,1
21654,1
21655,1
21657,1
21658,1
21659,1
21660,1
21662,1
21663,1
21664,1
21665,1
21666,1
21667,1
21668,1
21669,1
21670,1
21671,1
21672,1
21673,1
21674,1
21675,1
21676,1
21678,1
21679,0
21680,1
21682,0
21683,1
21684,1
21685,1
21687,1
21688,1
21689,1
21690,1
21691,1
21692,1
21694,1
21695,1
21696,0
21697,1
21698,1
21699,1
21700,1
21701,1
21703,0
21704,1
21705,1
21706,1
21707,1
21708,1
21709,1
21710,1
21711,0
21712,1
21713,1
21714,1
21715,1
21716,1
21717,1
21719,1
21720,0
21721,1
21722,1
21724,1
21725,0
21726,1
21727,1
21729,1
21730,1
21731,1
21732,1
21733,0
21735,1
21736,1
21737,1
21739,1
21740,1
21742,1
21743,1
21744,1
21745,1
21746,1
21747,1
21748,1
21749,1
21750,0
21751,0
21752,1
21753,1
21754,1
21755,0
21756,1
21758,1
21759,1
21760,0
21761,1
21763,1
21765,1
21766,1
21767,1
21769,1
21770,1
21772,1
21773,1
21775,0
21776,1
21777,1
21778,1
21779,1
21780,1
21782,0
21783,1
21785,1
21786,1
21787,1
21788,1
21789,1
21791,0
21793,1
21795,1
21796,1
21797,1
21799,1
21800,1
21801,1
21802,1
21803,1
21804,1
21805,1
21806,1
21807,1
21808,1
21809,1
21810,1
21811,1
21812,1
21813,1
21814,1
21815,1
21816,1
21817,0
21818,1
21819,1
21820,1
21821,1
21822,1
21823,1
21824,1
21825,1
21826,1
21827,1
21828,1
21829,1
21830,1
21831,1
21835,1
21836,1
21837,1
21838,1
21839,1
21840,1
21841,1
21842,1
21843,0
21844,1
21845,1
21846,1
21848,1
21849,1
21850,1
21851,0
21852,1
21853,1
21854,1
21855,1
21856,1
21857,1
21858,1
21859,1
21860,1
21861,0
21863,1
21864,0
21866,1
21867,0
21868,1
21869,1
21871,1
21872,1
21873,1
21875,1
21876,1
21877,1
21879,1
21882,1
21883,1
21884,1
21885,1
21888,0
21891,0
21895,0
21896,1
21897,1
21898,1
21899,1
21900,1
21901,1
21902,1
21903,1
21906,0
21908,1
21909,1
21910,1
21911,1
21912,0
21913,1
21914,1
21915,1
21916,1
21917,1
21918,1
21919,1
21920,1
21921,1
21924,1
21926,1
21927,1
21928,1
21929,1
21930,1
21931,1
21932,0
21933,0
21934,0
21935,1
21936,1
21937,1
21938,1
21939,1
21941,1
21943,1
21944,1
21945,1
21946,1
21947,1
21948,1
21949,1
21950,1
21951,1
21953,1
21954,0
21955,1
21958,1
21959,1
21960,1
21961,1
21962,1
21964,1
21965,1
21966,1
21968,1
21969,1
21971,1
21972,1
21973,1
21975,1
21976,1
21977,1
21978,1
21981,1
21984,1
21985,1
21986,1
21987,1
21988,1
21991,1
21992,1
21994,1
21995,0
21996,1
21997,1
21999,1
22000,1
22001,1
22002,0
22003,1
22004,1
22005,0
22006,0
22007,0
22008,1
22009,1
22011,0
22012,1
22013,0
22015,0
22016,1
22017,1
22018,1
22019,1
22020,0
22021,1
22022,1
22023,1
22026,0
22027,1
22028,1
22029,1
22030,1
22031,1
22032,1
22033,1
22034,1
22036,1
22038,0
22039,1
22040,0
22044,1
22045,1
22046,1
22047,1
22048,1
22049,1
22050,0
22051,1
22052,1
22053,1
22054,1
22055,1
22056,1
22057,1
22058,0
22059,1
22060,1
22061,1
22062,1
22063,1
22064,1
22066,1
22067,1
22068,1
22069,0
22070,1
22071,1
22072,0
22073,1
22074,1
22075,1
22076,1
22077,1
22079,1
22080,1
22081,1
22082,0
22085,1
22087,0
22088,1
22089,0
22090,1
22092,1
22093,1
22094,1
22095,1
22097,1
22098,1
22099,1
22101,1
22102,1
22103,1
22104,1
22106,1
22107,1
22108,1
22109,1
22110,1
22111,0
22112,1
22113,1
22115,1
22116,1
22117,1
22118,1
22119,0
22120,0
22121,1
22122,1
22123,1
22124,1
22125,1
22126,1
22127,1
22128,1
22129,1
22130,1
22131,1
22132,1
22134,1
22135,1
22136,1
22137,1
22138,1
22139,1
22140,1
22141,1
22142,1
22143,1
22144,1
22145,1
22146,1
22147,1
22148,1
22149,1
22150,1
22151,1
22152,1
22153,0
22154,0
22155,1
22156,1
22157,0
22158,1
22159,1
22160,1
22161,1
22162,1
22164,1
22165,1
22171,1
22172,1
22175,1
22176,0
22177,1
22178,1
22180,1
22182,1
22184,1
22185,0
22187,1
22188,0
22189,1
22190,1
22191,1
22192,1
22193,1
22194,1
22195,1
22196,1
22197,1
22200,1
22201,1
22203,1
22204,1
22205,0
22206,1
22207,1
22208,1
22209,1
22211,0
22213,1
22214,1
22215,1
22216,0
22217,1
22218,1
22219,1
22221,1
22222,1
22223,0
22224,1
22225,1
22226,1
22227,1
22228,1
22229,1
22230,1
22231,1
22232,1
22233,1
22234,1
22235,1
22236,1
22237,1
22239,1
22240,1
22241,1
22242,1
22243,1
22244,1
22246,1
22247,1
22248,1
22249,0
22250,1
22251,1
22252,1
22253,1
22254,1
22255,0
22256,1
22257,1
22258,1
22259,1
22260,1
22261,1
22262,1
22263,1
22264,1
22265,1
22266,1
22267,1
22268,1
22269,1
22270,1
22271,1
22272,1
22273,1
22274,1
22275,1
22276,1
22278,1
22279,1
22282,1
22283,0
22284,1
22285,1
22287,1
22288,1
22289,0
22290,1
22291,0
22293,1
22295,1
22296,1
22297,1
22298,0
22299,1
22300,1
22301,1
22302,1
22303,1
22304,1
22305,1
22306,1
22307,1
22308,1
22309,1
22310,1
22311,1
22312,1
22313,1
22314,1
22315,0
22316,1
22317,0
22318,0
22319,1
22320,1
22321,0
22322,1
22323,0
22324,1
22325,1
22328,1
22329,1
22332,1
22333,1
22334,1
22335,1
22336,1
22337,1
22341,1
22342,1
22343,1
22344,1
22345,0
22346,1
22347,1
22348,1
22349,1
22351,1
22352,1
22353,1
22354,1
22357,1
22358,1
22359,1
22360,1
22361,0
22362,1
22363,1
22364,1
22365,0
22366,1
22367,1
22371,1
22372,1
22373,1
22374,1
22375,1
22376,1
22378,0
22379,1
22381,1
22382,1
22383,1
22384,0
22387,1
22389,0
22390,1
22391,0
22392,0
22393,1
22396,1
22397,1
22398,1
22401,1
22402,1
22403,1
22405,1
22407,1
22408,1
22409,1
22413,0
22414,0
22415,1
22417,1
22419,1
22420,1
22421,1
22422,0
22423,1
22424,1
22425,1
22427,1
22428,1
22430,0
22431,1
22432,1
22433,1
22435,1
22436,1
22437,1
22439,1
22441,1
22442,1
22443,1
22445,1
22446,1
22447,1
22448,1
22449,1
22450,1
22451,1
22453,1
22454,1
22455,1
22456,1
22457,1
22458,0
22459,1
22460,1
22461,1
22462,1
22463,1
22464,1
22465,1
22466,1
22467,1
22468,1
22470,1
22471,1
22475,1
22476,1
22477,1
22479,1
22480,1
22481,1
22482,1
22483,0
22484,1
22485,1
22486,1
22487,1
22488,1
22489,1
22490,1
22491,1
22492,1
22493,1
22494,1
22495,1
22496,1
22497,1
22498,1
22499,1
22500,0
22501,1
22503,1
22504,1
22505,1
22507,1
22508,1
22509,1
22510,1
22511,0
22512,1
22513,0
22514,1
22516,1
22517,1
22518,1
22519,1
22520,0
22521,1
22522,1
22523,1
22524,1
22527,1
22528,1
22529,1
22530,1
22531,1
22532,1
22534,1
22535,1
22536,1
22537,1
22539,1
22540,1
22541,1
22542,1
22543,1
22544,1
22545,1
22546,1
22547,1
22548,1
22549,1
22550,1
22551,1
22552,1
22553,1
22554,1
22555,1
22557,1
22558,0
22559,1
22560,1
22561,1
22563,1
22565,1
22566,1
22567,1
22568,1
22571,1
22572,1
22573,1
22574,1
22576,1
22577,1
22578,1
22579,1
22580,1
22582,1
22583,1
22584,1
22585,1
22586,0
22587,1
22588,1
22589,0
22591,1
22593,1
22594,1
22595,0
22596,1
22597,1
22598,1
22599,1
22600,1
22601,1
22602,1
22603,0
22604,1
22605,1
22606,1
22607,0
22608,1
22609,1
22610,0
22611,0
22612,0
22613,0
22614,1
22616,1
22617,1
22618,1
22619,1
22620,1
22621,1
22622,1
22623,1
22624,1
22625,1
22627,1
22629,0
22630,1
22631,1
22633,1
22634,1
22635,1
22636,1
22637,1
22638,1
22639,1
22640,1
22641,1
22642,1
22643,1
22645,1
22647,1
22648,1
22649,1
22650,1
22651,0
22652,1
22653,1
22654,1
22655,1
22656,1
22658,1
22659,1
22660,1
22661,1
22662,1
22663,0
22664,0
22665,1
22666,1
22667,1
22668,1
22670,1
22672,1
22674,1
22675,0
22676,1
22677,1
22678,1
22679,1
22680,1
22682,1
22683,1
22684,1
22685,1
22686,1
22687,1
22688,1
22689,1
22690,1
22691,0
22692,0
22693,1
22694,1
22695,1
22696,1
22697,1
22698,0
22700,1
22701,0
22703,1
22704,0
22705,1
22706,1
22709,1
22710,1
22711,1
22712,0
22715,1
22716,0
22717,0
22718,1
22719,1
22720,1
22721,1
22722,1
22723,1
22725,1
22726,1
22727,1
22728,0
22731,1
22733,1
22734,1
22735,1
22737,1
22738,1
22739,1
22740,0
22741,1
22742,1
22743,1
22744,0
22745,1
22746,0
22747,1
22748,1
22749,1
22750,1
22751,1
22752,0
22754,1
22755,0
22756,1
22757,1
22758,1
22759,0
22761,1
22762,1
22763,1
22764,1
22765,1
22766,1
22768,1
22772,1
22774,1
22775,1
22776,1
22780,1
22781,1
22782,0
22783,1
22784,1
22785,1
22786,1
22787,1
22788,0
22789,1
22790,1
22791,1
22792,0
22796,1
22800,1
22801,1
22804,1
22807,1
22809,1
22814,1
22816,1
22817,1
22819,1
22821,1
22822,1
22823,1
22825,1
22830,1
22831,0
22832,1
22834,1
22835,1
22838,1
22839,1
22840,1
22841,1
22842,1
22844,1
22846,1
22847,1
22848,1
22850,1
22851,1
22852,0
22853,1
22855,1
22856,1
22857,1
22862,1
22865,1
22866,1
22868,0
22869,1
22870,1
22871,1
22872,1
22874,1
22875,1
22876,1
22877,1
22878,1
22880,1
22881,0
22882,1
22883,1
22886,1
22890,0
22892,1
22893,1
22894,1
22896,1
22897,1
22898,1
22899,1
22900,1
22903,0
22904,1
22905,1
22906,1
22907,1
22908,1
22909,1
22910,1
22911,1
22912,1
22914,1
22916,1
22919,1
22920,1
22921,1
22922,1
22923,1
22924,0
22925,1
22926,1
22927,1
22928,1
22929,1
22930,1
22931,1
22933,1
22934,1
22935,1
22936,1
22938,1
22940,1
22941,1
22942,1
22943,1
22944,1
22945,1
22948,1
22950,1
22953,1
22955,1
22956,1
22957,1
22958,1
22959,1
22960,1
22961,1
22962,0
22963,1
22964,1
22965,0
22966,1
22967,1
22968,1
22969,1
22970,1
22971,1
22972,1
22975,1
22976,1
22978,1
22981,1
22982,1
22984,0
22985,1
22986,1
22987,1
22988,1
22989,1
22990,1
22991,1
22992,1
22993,1
22994,1
22995,1
22996,1
22998,1
23001,1
23002,0
23003,0
23004,1
23005,1
23006,1
23007,1
23008,1
23010,1
23012,1
23013,1
23016,1
23017,1
23018,0
23019,1
23020,1
23021,1
23023,1
23025,1
23027,1
23028,0
23029,1
23030,1
23031,0
23032,0
23033,0
23034,1
23035,0
23036,1
23037,1
23038,1
23040,1
23041,1
23042,1
23043,1
23044,1
23045,1
23046,1
23047,1
23048,1
23049,1
23050,1
23051,1
23052,1
23053,1
23054,1
23055,1
23058,1
23059,1
23060,1
23061,1
23062,1
23063,1
23064,1
23066,1
23067,1
23068,1
23070,1
23071,1
23072,1
23073,1
23074,1
23075,1
23077,1
23078,1
23079,1
23080,1
23081,1
23082,1
23083,1
23085,1
23087,0
23088,1
23089,1
23090,1
23091,1
23092,1
23093,1
23094,1
23095,1
23096,1
23097,1
23098,1
23099,1
23100,1
23101,1
23102,1
23103,1
23104,1
23105,1
23106,0
23107,1
23108,0
23109,1
23110,1
23112,1
23113,1
23115,1
23116,1
23117,1
23118,1
23119,1
23120,1
23123,1
23124,1
23126,1
23127,1
23128,0
23129,1
23130,1
23131,1
23132,1
23134,0
23135,1
23137,1
23139,1
23141,1
23142,1
23145,1
23146,1
23147,1
23148,1
23149,1
23150,1
23151,1
23152,1
23153,1
23154,1
23155,1
23157,1
23158,1
23160,1
23162,1
23163,1
23164,1
23166,1
23167,1
23168,1
23169,1
23170,1
23171,1
23172,0
23173,1
23175,0
23176,1
23177,1
23178,1
23180,1
23181,1
23182,1
23183,1
23185,1
23187,1
23188,1
23189,1
23190,1
23191,1
23192,0
23193,0
23194,1
23197,1
23199,1
23200,1
23201,1
23202,0
23204,1
23205,0
23206,1
23207,1
23209,0
23210,1
23212,1
23213,1
23214,1
23215,1
23216,1
23217,0
23219,0
23220,1
23221,1
23222,1
23223,1
23225,1
23226,1
23229,1
23231,0
23232,1
23233,1
23236,1
23237,1
23239,0
23240,0
23241,1
23243,1
23244,0
23246,1
23247,1
23248,0
23249,1
23250,1
23251,1
23252,1
23253,1
23254,1
23255,1
23256,1
23257,1
23258,1
23259,1
23260,1
23261,1
23262,1
23263,1
23264,1
23267,1
23268,1
23270,1
23271,1
23272,1
23273,1
23274,1
23275,1
23276,1
23277,1
23278,1
23279,1
23280,1
23281,1
23282,1
23283,1
23285,1
23286,1
23287,1
23288,0
23289,1
23291,1
23292,1
23293,1
23294,1
23295,1
23296,1
23297,1
23298,1
23299,1
23300,1
23301,1
23302,1
23303,1
23305,1
23308,1
23309,1
23310,1
23311,1
23312,1
23313,1
23314,1
23315,1
23316,1
23317,1
23318,1
23319,1
23320,1
23322,1
23323,1
23324,1
23325,1
23326,1
23327,0
23328,1
23329,1
23330,1
23332,0
23333,1
23334,1
23335,1
23339,1
23340,0
23341,1
23342,0
23343,1
23344,0
23345,1
23346,1
23347,1
23348,1
23349,1
23350,1
23351,1
23352,1
23354,1
23355,0
23356,1
23357,1
23359,1
23360,1
23361,1
23362,1
23363,1
23364,1
23366,0
23367,1
23368,1
23369,1
23371,1
23372,1
23374,0
23375,0
23377,1
23378,1
23379,1
23380,1
23381,1
23382,1
23383,1
23384,1
23385,0
23386,1
23387,1
23388,1
23389,1
23390,1
23391,0
23392,1
23393,1
23394,1
23395,0
23399,0
23401,1
23402,1
23403,1
23404,1
23405,1
23406,1
23407,1
23408,0
23409,1
23410,1
23411,1
23412,1
23413,1
23414,1
23415,1
23416,1
23419,1
23420,0
23421,1
23423,1
23424,1
23425,1
23426,0
23427,1
23429,1
23430,1
23431,1
23432,1
23433,1
23435,1
23436,1
23437,1
23438,1
23440,1
23441,1
23442,1
23443,1
23444,1
23445,1
23447,1
23448,1
23449,1
23450,1
23453,1
23456,1
23457,1
23458,1
23459,1
23460,1
23461,1
23462,1
23463,1
23464,1
23465,1
23466,1
23468,1
23469,1
23470,1
23471,1
23472,1
23474,1
23476,1
23479,1
23480,0
23482,1
23483,0
23484,1
23485,0
23486,0
23487,1
23489,1
23490,1
23491,0
23492,1
23493,0
23494,1
23496,1
23497,1
23498,1
23499,0
23500,0
23501,1
23502,0
23503,1
23506,1
23507,1
23510,1
23512,0
23513,0
23514,0
23515,1
23516,1
23517,1
23519,0
23520,1
23521,0
23523,0
23524,1
23525,1
23526,1
23527,1
23528,1
23529,1
23530,1
23531,1
23533,1
23534,1
23535,0
23536,1
23537,1
23539,1
23540,1
23541,1
23542,1
23545,1
23546,1
23549,1
23552,1
23553,1
23554,1
23555,0
23556,0
23557,1
23558,1
23559,0
23560,0
23561,1
23562,1
23564,0
23565,1
23566,0
23567,1
23568,1
23569,1
23570,1
23571,1
23572,1
23573,1
23574,1
23575,1
23576,1
23579,1
23581,1
23583,1
23587,1
23588,1
23589,1
23592,1
23594,1
23595,1
23597,1
23598,1
23599,1
23600,1
23603,1
23604,1
23606,1
23607,1
23609,1
23613,0
23616,1
23617,1
23618,1
23619,1
23620,1
23621,1
23622,1
23624,1
23625,1
23626,1
23627,1
23628,0
23630,1
23632,0
23633,1
23634,0
23635,0
23636,1
23637,1
23639,1
23640,1
23641,1
23642,1
23643,1
23644,1
23645,1
23646,0
23647,1
23648,1
23649,0
23650,1
23651,0
23652,1
23653,1
23654,1
23655,1
23656,1
23657,0
23658,1
23659,0
23660,0
23661,1
23662,1
23664,1
23665,1
23666,1
23667,1
23668,1
23669,0
23670,1
23671,1
23672,1
23673,1
23674,1
23676,1
23678,1
23679,1
23680,0
23681,1
23682,1
23686,1
23688,1
23690,1
23691,1
23692,0
23693,1
23694,1
23695,1
23696,1
23697,1
23698,0
23699,1
23700,0
23701,1
23702,1
23703,1
23704,1
23705,1
23707,1
23708,0
23709,1
23710,1
23711,1
23712,1
23713,1
23715,0
23716,1
23717,1
23718,1
23719,1
23721,1
23723,1
23725,1
23726,1
23727,1
23728,1
23729,1
23730,1
23731,1
23732,0
23733,1
23734,1
23735,1
23736,1
23737,1
23739,1
23740,1
23741,0
23742,1
23743,1
23744,1
23745,1
23746,1
23748,1
23749,1
23750,1
23751,1
23752,1
23753,1
23755,1
23756,0
23757,1
23758,1
23759,1
23760,1
23762,1
23763,1
23764,1
23765,1
23766,1
23768,0
23769,1
23770,1
23771,1
23773,1
23774,1
23775,1
23776,1
23777,1
23779,0
23780,1
23781,1
23782,1
23783,1
23784,1
23786,0
23787,1
23788,1
23790,1
23791,1
23792,1
23794,1
23795,0
23797,1
23798,1
23799,1
23800,1
23801,1
23802,0
23803,1
23805,1
23806,1
23807,1
23809,1
23810,1
23812,1
23813,1
23814,1
23815,1
23816,1
23817,1
23818,1
23819,1
23820,1
23821,1
23822,1
23823,1
23824,1
23825,1
23826,0
23827,1
23828,0
23829,1
23830,0
23831,1
23832,1
23833,1
23835,1
23836,1
23837,1
23838,1
23839,1
23840,1
23841,1
23842,1
23843,1
23844,1
23846,1
23847,1
23848,1
23849,1
23851,0
23852,0
23853,1
23854,1
23855,1
23856,1
23858,0
23859,1
23860,1
23861,1
23862,1
23864,0
23867,1
23868,1
23869,1
23870,0
23871,1
23873,1
23875,1
23877,1
23878,1
23879,1
23880,1
23882,0
23883,1
23884,1
23885,1
23886,1
23887,1
23888,1
23889,1
23890,1
23891,1
23892,1
23893,1
23895,1
23896,1
23897,1
23898,1
23901,1
23902,1
23903,0
23905,0
23908,1
23909,1
23910,1
23911,1
23912,1
23913,1
23914,1
23915,1
23916,1
23917,1
23919,1
23920,1
23921,1
23922,1
23923,1
23925,1
23926,1
23928,1
23929,1
23930,1
23932,1
23933,1
23934,1
23935,1
23936,1
23937,1
23938,1
23939,1
23940,1
23941,1
23943,1
23945,1
23946,1
23948,1
23949,1
23951,1
23952,1
23953,1
23954,1
23955,0
23956,1
23957,1
23958,1
23964,1
23965,1
23967,1
23968,1
23971,1
23976,1
23977,1
23978,1
23979,1
23980,1
23981,1
23982,1
23983,1
23984,1
23985,1
23986,1
23987,1
23988,1
23989,1
23990,1
23991,1
23992,1
23993,1
23994,1
23995,1
23997,1
23999,1
24000,0
24001,1
24002,1
24003,1
24004,1
24005,1
24006,1
24007,1
24008,1
24009,1
24010,1
24011,1
24012,1
24015,1
24016,1
24017,1
24018,1
24019,1
24020,1
24021,1
24022,1
24023,1
24024,1
24025,1
24026,0
24027,1
24028,1
24029,1
24030,1
24031,1
24032,1
24033,1
24034,1
24035,1
24037,1
24040,1
24042,1
24043,1
24044,0
24045,1
24047,1
24048,1
24049,0
24050,1
24051,1
24052,1
24053,1
24054,1
24055,1
24056,0
24057,1
24058,1
24059,1
24062,1
24063,1
24064,0
24066,1
24067,1
24068,1
24069,1
24070,1
24071,1
24072,1
24073,1
24075,1
24077,1
24078,1
24080,1
24082,1
24083,1
24085,0
24086,1
24087,1
24089,1
24090,1
24091,1
24092,1
24093,1
24096,1
24097,1
24099,1
24100,0
24101,1
24102,1
24103,1
24104,1
24105,1
24106,1
24107,1
24108,0
24109,1
24110,1
24111,1
24112,1
24113,1
24114,1
24115,1
24116,1
24117,1
24118,1
24119,1
24120,1
24121,1
24122,1
24123,1
24124,0
24125,1
24126,1
24127,1
24128,1
24129,1
24130,1
24131,1
24132,1
24133,1
24134,1
24136,1
24137,1
24138,1
24139,1
24140,0
24141,0
24142,1
24143,0
24144,1
24145,1
24146,0
24147,1
24148,0
24149,1
24150,1
24151,1
24152,1
24153,1
24154,1
24155,1
24156,1
24157,1
24158,1
24160,1
24161,0
24163,1
24164,1
24165,1
24168,1
24169,1
24170,1
24171,0
24173,1
24174,1
24175,1
24177,1
24178,1
24179,1
24180,1
24181,1
24182,1
24185,1
24186,1
24187,0
24188,1
24189,1
24190,1
24191,1
24192,1
24193,1
24195,1
24196,1
24197,1
24198,1
24199,1
24200,0
24201,0
24202,1
24203,1
24204,1
24206,1
24207,1
24208,1
24209,1
24210,1
24211,1
24212,1
24213,1
24214,1
24215,1
24216,1
24217,0
24218,1
24219,1
24221,1
24224,1
24225,1
24230,1
24231,1
24233,1
24236,1
24237,1
24238,1
24240,1
24241,0
24242,1
24243,1
24244,1
24245,1
24246,1
24247,1
24249,1
24250,1
24251,1
24252,1
24253,1
24254,1
24255,1
24256,1
24257,1
24258,1
24259,1
24260,1
24261,1
24265,1
24266,1
24267,1
24268,1
24269,1
24272,1
24273,1
24274,1
24275,1
24277,1
24278,0
24280,1
24281,1
24282,1
24283,1
24284,1
24285,1
24286,1
24287,1
24288,1
24289,1
24290,1
24291,1
24293,1
24295,1
24296,1
24297,1
24298,1
24299,1
24300,1
24301,1
24303,1
24304,1
24305,1
24306,1
24308,1
24309,1
24310,0
24312,1
24313,1
24317,0
24318,1
24319,0
24321,0
24322,1
24323,1
24324,1
24325,1
24326,1
24327,1
24328,1
24329,1
24330,1
24331,1
24333,1
24334,1
24335,1
24337,1
24338,1
24339,1
24343,1
24345,1
24346,1
24347,1
24349,1
24350,1
24351,1
24352,1
24353,1
24354,1
24355,1
24356,1
24357,1
24359,1
24360,1
24361,1
24362,1
24363,1
24366,1
24367,1
24368,1
24369,1
24370,1
24371,1
24372,1
24373,1
24374,1
24376,1
24377,0
24378,1
24379,1
24380,0
24381,1
24382,1
24383,1
24384,1
24385,1
24386,1
24387,1
24388,1
24389,1
24390,1
24391,1
24393,1
24394,1
24395,1
24396,1
24397,0
24398,1
24399,1
24400,1
24401,1
24402,1
24403,1
24404,0
24405,1
24408,0
24409,1
24410,1
24411,1
24412,1
24413,1
24414,1
24415,0
24416,1
24418,1
24419,1
24421,1
24422,1
24423,1
24424,1
24425,1
24426,1
24427,1
24428,1
24429,0
24430,0
24431,1
24432,0
24433,1
24434,1
24435,0
24437,1
24438,1
24439,1
24441,1
24442,0
24443,1
24445,1
24446,1
24447,1
24449,1
24452,1
24453,1
24454,1
24455,1
24457,1
24458,0
24460,1
24461,1
24462,0
24463,1
24464,1
24465,1
24466,0
24467,1
24468,1
24471,1
24474,1
24478,1
24479,1
24482,1
24485,1
24486,1
24487,1
24489,1
24490,1
24491,1
24492,1
24493,1
24494,1
24495,1
24496,1
24497,1
24498,1
24499,1
24500,1
24501,1
24503,1
24504,1
24505,0
24506,1
24507,0
24508,1
24509,1
24510,1
24511,1
24512,0
24513,1
24515,1
24516,1
24517,1
24518,0
24520,1
24521,1
24522,0
24523,1
24524,1
24526,1
24528,1
24529,1
24530,1
24533,1
24534,0
24535,1
24536,1
24537,1
24538,1
24539,1
24540,0
24541,1
24542,1
24543,1
24544,1
24545,1
24546,0
24547,1
24548,0
24549,1
24550,1
24551,0
24553,1
24555,1
24556,1
24557,1
24559,1
24560,1
24562,1
24563,1
24564,1
24565,1
24566,0
24567,1
24568,1
24569,0
24570,1
24571,0
24572,1
24574,1
24575,1
24576,1
24577,1
24578,1
24580,1
24581,1
24584,1
24585,1
24586,1
24588,1
24589,0
24591,0
24593,1
24594,1
24597,1
24598,1
24599,1
24601,1
24602,1
24603,1
24607,1
24608,1
24610,1
24611,1
24612,1
24613,1
24614,1
24615,0
24616,1
24617,0
24619,1
24620,1
24622,1
24623,1
24624,1
24625,1
24626,1
24627,1
24628,1
24629,1
24630,1
24634,1
24636,1
24637,1
24638,1
24641,1
24643,1
24644,1
24645,1
24646,1
24649,1
24650,1
24653,0
24654,1
24655,0
24656,1
24658,1
24659,1
24660,1
24661,1
24662,1
24663,1
24665,1
24666,1
24667,1
24668,1
24670,1
24671,1
24672,1
24673,1
24674,1
24675,0
24677,1
24678,1
24679,1
24682,1
24683,1
24685,1
24686,1
24690,1
24692,1
24694,0
24696,0
24698,1
24699,1
24700,1
24701,1
24702,1
24703,1
24704,1
24705,1
24706,1
24707,1
24708,1
24709,0
24710,1
24714,1
24716,1
24717,1
24718,1
24720,0
24721,1
24722,1
24724,1
24725,1
24726,1
24727,1
24728,1
24729,1
24730,1
24731,1
24732,1
24733,1
24734,1
24735,1
24736,1
24737,1
24738,1
24739,1
24740,1
24741,1
24742,1
24743,1
24744,1
24745,1
24746,0
24747,1
24748,1
24749,1
24750,1
24751,1
24752,0
24753,1
24755,1
24756,1
24757,1
24758,1
24759,1
24760,1
24761,1
24762,1
24763,1
24764,1
24765,1
24767,1
24768,1
24769,1
24770,1
24771,1
24772,1
24773,1
24774,1
24775,0
24776,0
24777,1
24778,1
24779,1
24780,1
24781,1
24782,1
24783,1
24784,1
24785,1
24786,1
24787,1
24790,1
24791,1
24792,1
24793,1
24794,1
24795,1
24797,0
24799,1
24800,1
24801,1
24802,1
24804,1
24805,0
24806,1
24807,1
24809,1
24810,1
24811,1
24812,1
24813,1
24814,1
24815,1
24816,1
24817,1
24818,1
24819,1
24820,0
24821,1
24822,1
24823,1
24824,1
24825,1
24826,1
24828,1
24829,1
24830,1
24831,1
24832,1
24833,1
24834,1
24835,1
24836,1
24837,1
24841,1
24842,1
24843,0
24847,1
24848,1
24850,1
24851,1
24852,1
24853,1
24854,1
24856,1
24857,1
24859,1
24862,0
24864,1
24865,1
24866,0
24871,0
24872,1
24873,1
24874,1
24876,1
24877,1
24878,1
24879,1
24880,1
24883,0
24884,1
24885,1
24886,1
24887,1
24888,0
24889,1
24891,1
24892,1
24893,1
24894,1
24896,1
24897,1
24898,1
24902,1
24903,0
24904,1
24905,1
24906,0
24910,1
24911,1
24913,1
24914,1
24915,1
24916,1
24917,1
24918,1
24919,1
24920,1
24921,1
24922,1
24923,1
24924,1
24927,1
24928,1
24929,0
24932,1
24933,1
24934,1
24935,1
24936,1
24937,1
24938,0
24940,1
24941,0
24942,0
24943,0
24945,1
24946,1
24948,1
24949,1
24950,1
24951,1
24952,1
24953,1
24954,1
24955,1
24959,1
24960,0
24961,1
24963,1
24964,1
24966,0
24967,1
24968,1
24969,1
24970,1
24973,1
24974,1
24975,1
24978,1
24979,1
24980,0
24981,0
24982,0
24983,1
24987,0
24988,1
24989,0
24990,1
24991,0
24992,1
24993,1
24994,1
24995,1
24996,1
24997,0
24998,1
24999,1
25002,1
25003,0
25004,1
25005,1
25006,1
25008,1
25009,1
25010,1
25011,1
25014,1
25015,1
25016,0
25017,1
25018,1
25020,1
25021,1
25022,1
25023,1
25024,1
25025,1
25026,1
25027,1
25029,1
25030,1
25031,0
25032,1
25033,0
25037,0
25041,0
25043,1
25044,0
25045,1
25046,1
25047,1
25048,1
25049,1
25050,1
25051,1
25052,1
25053,1
25055,0
25056,1
25057,1
25059,1
25063,1
25065,1
25066,1
25070,0
25071,1
25072,1
25073,1
25074,1
25075,1
25077,1
25078,1
25079,1
25080,1
25081,1
25083,1
25084,1
25085,0
25086,0
25087,1
25088,1
25089,1
25093,1
25095,1
25098,0
25099,1
25100,0
25102,1
25105,1
25107,1
25108,1
25109,1
25110,1
25112,1
25113,1
25114,1
25115,1
25116,1
25117,1
25118,1
25120,1
25121,1
25124,0
25125,1
25126,0
25127,0
25128,1
25129,1
25130,1
25131,1
25132,0
25134,1
25135,0
25136,1
25137,1
25138,1
25139,1
25140,1
25141,1
25143,1
25144,1
25145,1
25146,1
25147,0
25148,1
25149,1
25153,1
25154,0
25156,0
25159,1
25160,1
25162,1
25163,0
25164,0
25165,0
25166,1
25167,1
25168,1
25169,1
25170,1
25171,0
25173,0
25174,0
25175,1
25176,1
25177,1
25178,0
25179,1
25180,1
25183,0
25185,1
25186,1
25187,1
25188,1
25189,1
25190,1
25191,1
25192,1
25195,1
25196,1
25197,1
25199,1
25200,1
25202,1
25203,1
25205,1
25206,1
25207,1
25208,1
25209,1
25210,1
25211,1
25213,1
25214,1
25215,1
25216,0
25218,1
25219,1
25220,1
25223,0
25225,1
25227,0
25228,1
25229,1
25231,1
25235,1
25236,1
25238,1
25240,1
25241,1
25242,1
25243,1
25245,1
25250,1
25251,1
25252,1
25253,1
25254,1
25255,1
25256,0
25257,1
25258,1
25259,1
25260,1
25261,0
25262,0
25263,0
25264,1
25265,1
25266,1
25267,1
25268,0
25269,1
25270,1
25271,1
25272,1
25273,1
25274,1
25275,0
25276,0
25277,0
25278,0
25280,1
25281,1
25282,1
25283,1
25288,1
25290,1
25292,0
25293,0
25294,1
25298,1
25300,1
25301,1
25302,1
25303,1
25304,1
25305,1
25308,0
25309,1
25310,1
25311,1
25312,0
25313,1
25314,1
25315,1
25316,1
25317,1
25318,1
25319,1
25320,1
25321,1
25322,1
25323,1
25324,1
25325,1
25327,1
25328,1
25329,1
25330,1
25333,1
25334,1
25335,1
25336,1
25337,1
25338,1
25339,1
25340,1
25341,1
25342,1
25343,1
25344,1
25345,1
25346,1
25347,1
25349,1
25353,1
25354,1
25355,0
25356,1
25357,1
25358,1
25360,1
25362,1
25363,1
25364,1
25365,1
25366,0
25368,1
25369,1
25370,1
25371,1
25372,1
25374,1
25375,0
25376,1
25377,1
25378,1
25379,1
25380,1
25381,0
25382,1
25383,0
25384,1
25386,1
25387,1
25388,1
25389,1
25390,1
25392,1
25393,1
25394,0
25395,0
25396,1
25397,1
25398,1
25401,0
25402,1
25404,1
25405,1
25406,0
25409,1
25411,1
25412,1
25413,1
25414,1
25415,1
25416,1
25417,0
25418,0
25419,1
25421,1
25422,1
25424,1
25425,0
25427,1
25428,0
25433,1
25434,1
25435,1
25436,1
25438,1
25439,1
25440,1
25441,1
25443,1
25444,1
25445,1
25447,1
25449,1
25450,0
25451,1
25452,1
25456,1
25457,1
25460,1
25461,1
25464,1
25465,1
25466,1
25467,0
25468,1
25469,0
25471,1
25472,1
25473,1
25474,1
25475,1
25476,1
25477,1
25478,1
25479,1
25480,1
25481,1
25482,1
25483,1
25484,1
25486,1
25487,1
25488,1
25489,1
25490,1
25491,1
25492,1
25493,1
25496,0
25497,0
25498,0
25499,1
25500,1
25501,0
25503,1
25504,1
25505,1
25506,1
25507,1
25508,1
25509,1
25510,0
25511,1
25512,0
25513,0
25515,1
25516,1
25517,1
25518,1
25519,1
25521,1
25523,0
25524,1
25525,1
25529,1
25530,1
25533,1
25537,1
25538,0
25541,1
25542,1
25543,1
25546,1
25547,1
25548,1
25549,1
25550,1
25551,1
25553,1
25554,1
25557,1
25558,1
25559,0
25560,1
25561,1
25562,1
25566,1
25568,1
25569,1
25570,1
25571,1
25576,1
25577,1
25578,1
25579,1
25580,1
25581,1
25582,1
25583,0
25587,1
25588,1
25589,1
25590,0
25591,1
25592,1
25593,1
25594,1
25595,1
25596,1
25597,1
25598,1
25599,1
25600,1
25601,1
25602,1
25603,1
25604,1
25605,1
25606,1
25607,1
25608,1
25609,1
25610,1
25611,1
25612,1
25613,1
25614,1
25616,1
25617,1
25618,1
25619,1
25620,1
25622,1
25623,1
25624,0
25625,1
25626,0
25628,1
25629,0
25631,1
25632,1
25633,1
25634,1
25636,1
25637,1
25638,1
25644,1
25645,1
25646,1
25647,1
25648,1
25649,1
25650,1
25651,1
25653,1
25654,1
25655,1
25657,1
25658,1
25659,1
25660,1
25661,1
25663,1
25665,1
25666,1
25667,1
25668,1
25669,1
25670,1
25671,1
25672,1
25673,1
25674,1
25675,1
25676,1
25677,1
25678,1
25679,1
25680,1
25681,0
25682,1
25683,1
25684,1
25685,1
25686,1
25687,1
25688,1
25689,1
25690,1
25691,1
25692,1
25693,1
25694,1
25695,1
25696,1
25698,1
25699,1
25700,1
25702,1
25703,1
25704,1
25705,1
25706,1
25707,1
25710,1
25711,1
25714,1
25715,1
25716,1
25717,1
25718,1
25719,1
25720,1
25721,1
25723,1
25724,1
25725,1
25726,1
25727,1
25728,1
25729,1
25730,1
25733,1
25734,1
25735,0
25737,1
25738,0
25739,1
25740,1
25741,0
25742,1
25743,0
25744,1
25745,1
25746,1
25748,1
25749,1
25751,1
25752,1
25753,1
25754,1
25755,1
25756,1
25757,1
25758,1
25759,1
25760,1
25762,1
25763,1
25765,1
25766,0
25767,1
25768,1
25769,1
25771,1
25773,1
25774,1
25775,1
25777,1
25778,1
25779,1
25781,1
25782,1
25784,1
25789,1
25790,1
25791,1
25792,1
25793,1
25794,1
25795,1
25796,1
25800,0
25801,1
25802,1
25803,0
25804,1
25805,1
25806,1
25807,1
25808,1
25809,1
25810,1
25811,1
25812,0
25813,0
25815,1
25819,1
25820,1
25823,1
25824,0
25826,1
25827,1
25828,1
25832,1
25833,1
25834,1
25835,1
25836,1
25838,1
25839,1
25840,1
25841,1
25842,1
25843,1
25845,1
25846,1
25847,1
25848,1
25850,0
25851,1
25852,1
25854,1
25855,1
25856,1
25857,1
25858,1
25860,1
25861,1
25862,1
25863,1
25864,1
25865,1
25867,1
25868,1
25869,1
25870,1
25871,1
25873,0
25874,1
25875,1
25876,1
25877,1
25878,1
25879,1
25881,0
25882,1
25883,1
25884,1
25885,1
25887,1
25888,1
25889,1
25890,1
25891,0
25892,0
25893,1
25894,1
25895,1
25896,0
25897,0
25898,0
25899,0
25900,1
25901,1
25902,1
25903,1
25905,1
25909,1
25910,1
25911,1
25912,1
25913,1
25914,1
25915,1
25916,1
25917,1
25918,1
25919,1
25921,1
25922,1
25923,1
25924,1
25925,1
25926,1
25927,1
25928,1
25929,1
25930,1
25931,1
25932,1
25933,1
25934,1
25935,1
25939,1
25941,0
25942,1
25943,1
25944,1
25945,1
25946,1
25947,1
25948,1
25949,1
25950,1
25951,1
25953,1
25954,1
25955,1
25956,1
25957,1
25958,1
25959,0
25960,0
25961,1
25962,1
25963,1
25964,1
25965,1
25966,1
25967,1
25968,1
25969,1
25973,0
25974,1
25975,1
25976,1
25977,1
25978,1
25979,1
25980,1
25981,0
25982,1
25983,0
25984,1
25985,1
25987,1
25988,1
25989,1
25990,1
25991,1
25993,0
25994,1
25996,1
25997,1
25999,1
26000,1
26002,0
26003,1
26004,1
26005,1
26006,0
26007,0
26008,0
26009,1
26010,1
26011,1
26012,1
26014,0
26015,1
26016,1
26017,1
26018,1
26019,1
26020,1
26021,0
26022,0
26023,1
26024,0
26025,0
26026,0
26027,0
26028,0
26029,1
26030,1
26031,0
26032,1
26033,0
26035,0
26036,1
26038,0
26039,0
26041,1
26042,1
26044,0
26045,1
26046,0
26047,1
26048,1
26049,1
26050,1
26051,1
26052,0
26053,1
26054,1
26055,1
26057,0
26058,1
26060,1
26061,1
26062,1
26063,1
26064,1
26065,1
26066,1
26067,1
26068,1
26070,1
26071,1
26072,1
26073,1
26074,1
26076,1
26077,1
26078,1
26079,1
26080,1
26082,1
26083,1
26084,0
26085,1
26087,1
26089,1
26090,1
26092,1
26094,1
26095,1
26097,1
26098,1
26099,1
26100,1
26102,1
26103,1
26104,1
26105,1
26107,1
26109,1
26110,1
26111,1
26112,1
26113,1
26114,1
26115,1
26116,1
26117,1
26118,1
26119,1
26120,1
26121,1
26122,1
26123,1
26124,0
26125,0
26126,0
26127,1
26128,0
26129,1
26130,1
26131,0
26133,1
26134,0
26135,0
26137,1
26138,1
26139,1
26140,1
26142,1
26144,1
26145,0
26146,1
26147,1
26148,1
26149,1
26150,0
26151,1
26152,1
26153,1
26155,1
26156,1
26157,1
26160,1
26161,1
26162,1
26164,1
26166,1
26168,1
26169,0
26170,1
26171,1
26172,0
26173,0
26174,1
26175,1
26176,1
26177,0
26178,1
26179,1
26180,1
26181,1
26183,1
26184,1
26185,1
26186,0
26188,1
26189,1
26190,1
26191,1
26192,1
26194,1
26197,1
26198,1
26199,1
26200,1
26201,1
26203,0
26204,1
26205,1
26206,1
26207,1
26208,1
26209,1
26210,0
26211,1
26212,1
26213,1
26215,1
26216,0
26218,0
26219,0
26220,1
26221,1
26222,1
26223,1
26224,0
26225,0
26229,1
26230,1
26231,1
26232,1
26236,0
26237,1
26238,1
26239,0
26240,1
26243,1
26244,1
26245,1
26246,1
26247,0
26248,1
26251,1
26252,1
26254,1
26255,1
26260,1
26261,0
26264,1
26265,1
26266,1
26267,1
26268,0
26269,1
26270,1
26271,0
26272,1
26273,1
26274,1
26275,1
26276,0
26277,0
26278,1
26283,0
26285,1
26286,1
26287,1
26288,0
26289,0
26294,1
26298,1
26299,0
26301,1
26305,1
26306,1
26308,1
26309,0
26310,1
26311,1
26312,1
26313,1
26314,1
26315,1
26317,1
26318,1
26319,1
26321,1
26322,1
26324,1
26325,1
26326,1
26327,0
26328,1
26329,0
26330,0
26331,1
26334,1
26338,1
26339,0
26340,1
26344,1
26345,1
26346,1
26349,1
26351,1
26352,1
26353,0
26355,0
26356,1
26357,1
26358,1
26359,1
26361,0
26365,1
26366,1
26368,1
26373,1
26374,0
26378,1
26380,1
26381,1
26387,1
26389,1
26390,1
26393,1
26396,0
26398,1
26400,1
26402,1
26404,1
26409,0
26410,1
26413,1
26414,1
26415,1
26416,1
26417,1
26420,1
26422,1
26423,0
26424,1
26425,1
26427,1
26428,1
26429,1
26430,1
26431,1
26432,1
26433,1
26434,1
26435,1
26437,1
26439,1
26440,1
26441,1
26443,1
26448,0
26449,1
26455,1
26457,1
26460,1
26463,1
26465,0
26466,1
26467,0
26472,0
26473,1
26474,1
26476,1
26477,0
26478,1
26479,1
26480,1
26483,1
26484,1
26485,1
26490,1
26491,1
26492,0
26493,1
26494,1
26496,1
26497,1
26498,1
26500,0
26501,1
26502,0
26503,1
26504,1
26505,1
26506,0
26507,1
26508,1
26510,1
26512,1
26514,0
26515,1
26516,1
26517,1
26520,1
26521,1
26522,1
26523,1
26527,1
26528,0
26531,1
26532,1
26533,1
26534,1
26535,1
26536,1
26537,0
26538,1
26539,1
26540,1
26541,1
26542,0
26543,1
26544,1
26545,1
26546,1
26548,1
26549,0
26550,1
26553,0
26554,1
26555,1
26556,0
26557,0
26558,1
26559,1
26560,1
26561,1
26562,1
26563,1
26564,1
26565,1
26566,1
26569,1
26571,1
26572,1
26573,1
26574,1
26575,1
26577,1
26579,1
26580,1
26581,1
26583,1
26587,1
26588,1
26589,1
26590,1
26592,1
26593,1
26595,1
26596,1
26597,0
26598,1
26599,1
26600,1
26601,1
26605,1
26606,0
26607,1
26609,1
26610,1
26611,1
26612,1
26613,1
26614,1
26615,1
26617,1
26618,1
26619,1
26620,1
26621,1
26622,0
26624,1
26628,1
26630,1
26631,0
26632,1
26633,1
26634,0
26635,1
26636,1
26637,0
26638,0
26640,1
26641,1
26642,1
26643,1
26644,1
26646,1
26648,1
26649,1
26650,1
26652,1
26654,1
26655,1
26656,1
26659,1
26660,0
26662,1
26663,1
26665,1
26666,1
26667,0
26669,0
26672,1
26673,1
26674,1
26675,0
26676,1
26677,1
26678,1
26679,1
26680,1
26681,1
26682,0
26683,1
26684,1
26686,1
26687,1
26688,1
26690,1
26694,1
26695,1
26696,1
26697,1
26698,0
26699,1
26701,1
26702,0
26703,1
26705,1
26706,1
26707,1
26708,1
26709,1
26710,1
26711,1
26712,0
26713,1
26716,1
26717,1
26719,1
26722,1
26724,1
26725,1
26726,1
26728,1
26729,1
26730,1
26731,1
26732,1
26736,1
26737,1
26738,1
26739,1
26740,1
26741,1
26742,1
26743,0
26745,1
26747,1
26749,1
26750,0
26751,1
26752,1
26753,1
26755,1
26756,0
26759,1
26760,0
26761,1
26762,0
26763,1
26764,1
26765,1
26766,0
26767,1
26768,1
26769,1
26770,1
26771,1
26772,1
26773,1
26774,1
26776,1
26777,0
26779,1
26780,1
26781,1
26782,1
26783,1
26784,1
26785,1
26786,1
26787,1
26788,1
26789,1
26790,1
26791,1
26792,1
26794,1
26795,1
26799,1
26800,1
26801,1
26802,1
26803,1
26804,1
26805,1
26807,1
26808,1
26809,1
26810,0
26811,1
26813,0
26816,1
26817,1
26818,1
26819,1
26821,1
26826,1
26829,0
26830,1
26834,1
26835,1
26836,1
26837,1
26838,1
26839,1
26840,1
26841,1
26842,1
26843,1
26844,1
26845,1
26846,1
26847,1
26848,1
26850,1
26853,1
26854,1
26855,1
26859,0
26860,1
26861,1
26862,0
26863,1
26865,1
26870,1
26871,0
26872,1
26873,1
26874,0
26875,1
26876,1
26877,1
26879,1
26885,1
26886,1
26887,1
26889,1
26891,1
26894,1
26895,1
26896,1
26898,1
26899,1
26900,1
26901,1
26902,1
26903,0
26904,1
26905,1
26906,1
26907,1
26908,1
26909,1
26910,1
26911,1
26912,1
26913,1
26914,1
26915,1
26916,1
26917,1
26919,1
26920,0
26921,1
26922,1
26923,1
26924,1
26925,1
26927,1
26928,0
26930,1
26931,1
26933,0
26934,1
26935,1
26939,0
26940,1
26941,1
26942,1
26943,1
26945,1
26946,1
26948,1
26949,1
26950,0
26951,1
26952,1
26953,1
26954,1
26956,1
26958,1
26959,1
26960,1
26961,1
26962,1
26963,1
26964,0
26965,1
26966,1
26968,1
26969,1
26970,1
26971,1
26972,1
26973,1
26975,1
26976,1
26977,1
26978,1
26979,1
26981,1
26982,1
26983,1
26984,1
26985,1
26986,1
26987,1
26988,1
26989,1
26990,1
26991,1
26992,1
26993,1
26994,1
26995,1
26996,1
26997,1
26999,0
27000,1
27001,1
27002,1
27003,1
27004,1
27005,1
27006,1
27007,1
27008,1
27009,0
27010,0
27011,1
27012,1
27013,1
27014,0
27016,1
27017,0
27018,1
27019,1
27020,1
27022,1
27023,0
27024,1
27028,1
27029,1
27030,1
27031,0
27032,1
27035,1
27036,1
27037,1
27038,1
27039,1
27040,1
27045,0
27046,1
27047,0
27048,1
27049,1
27051,1
27052,0
27054,1
27056,1
27057,1
27058,1
27059,0
27060,0
27062,1
27063,1
27065,1
27066,1
27067,1
27068,0
27070,0
27072,1
27073,1
27075,1
27077,1
27080,1
27081,1
27082,1
27083,1
27084,1
27085,1
27086,1
27088,1
27089,0
27090,1
27091,0
27092,0
27093,1
27094,1
27095,1
27096,1
27097,1
27098,1
27099,1
27100,1
27102,1
27104,1
27105,1
27108,1
27109,1
27110,1
27111,1
27112,1
27113,1
27114,1
27115,1
27117,1
27118,1
27119,1
27122,1
27123,1
27124,1
27125,1
27126,1
27128,1
27129,0
27130,1
27131,1
27132,1
27133,1
27134,1
27136,1
27137,1
27138,1
27139,1
27140,1
27141,1
27142,1
27143,0
27145,1
27147,1
27148,1
27149,1
27150,1
27151,1
27153,1
27154,1
27155,1
27158,1
27159,0
27160,1
27161,0
27162,1
27163,1
27164,1
27167,1
27168,1
27169,1
27170,1
27171,1
27172,1
27175,1
27176,1
27177,1
27178,1
27180,1
27181,1
27182,1
27183,1
27184,1
27185,1
27186,1
27187,1
27188,1
27190,1
27191,1
27194,1
27195,1
27196,1
27197,1
27198,1
27199,1
27200,1
27201,1
27202,1
27203,1
27204,1
27205,1
27207,1
27209,1
27210,1
27211,1
27212,1
27214,1
27215,1
27216,1
27217,1
27218,1
27219,0
27220,1
27221,1
27222,1
27225,0
27226,1
27227,1
27229,1
27230,1
27231,0
27232,0
27233,0
27234,1
27235,0
27237,1
27238,1
27239,1
27240,1
27241,1
27243,1
27244,1
27245,1
27246,1
27247,0
27248,1
27250,1
27251,0
27252,1
27254,1
27255,1
27256,1
27257,1
27258,1
27261,1
27262,1
27263,1
27264,1
27265,1
27266,1
27267,1
27269,1
27270,1
27271,1
27273,1
27275,1
27276,1
27277,1
27278,1
27279,1
27280,1
27281,1
27282,1
27283,1
27284,1
27285,0
27286,1
27287,1
27288,1
27289,1
27290,0
27291,1
27292,1
27293,1
27294,1
27295,1
27296,1
27297,1
27298,1
27299,0
27301,1
27302,1
27303,1
27304,1
27305,1
27307,1
27308,1
27311,1
27312,0
27313,1
27314,0
27315,0
27316,1
27317,0
27319,0
27320,1
27321,1
27322,1
27323,0
27324,0
27325,1
27326,1
27327,0
27328,0
27329,0
27330,0
27331,1
27332,1
27333,1
27336,1
27337,1
27338,1
27339,1
27342,1
27343,1
27344,1
27345,1
27347,1
27349,1
27354,1
27355,1
27356,1
27359,1
27361,1
27363,1
27364,1
27365,1
27366,1
27367,1
27368,1
27370,1
27371,1
27372,1
27373,1
27374,1
27375,1
27376,1
27377,1
27378,1
27379,1
27380,1
27381,1
27382,1
27383,1
27384,1
27385,1
27386,1
27387,1
27392,1
27395,1
27396,1
27397,1
27398,1
27399,0
27402,1
27404,1
27405,0
27406,1
27407,0
27408,1
27409,1
27410,1
27411,1
27413,1
27414,1
27415,1
27416,1
27417,1
27418,1
27419,1
27420,0
27421,1
27422,1
27423,1
27424,1
27425,1
27426,1
27427,1
27428,1
27429,0
27430,1
27431,1
27432,1
27433,1
27434,1
27435,1
27436,1
27437,1
27438,1
27439,1
27440,1
27441,1
27442,1
27443,1
27445,1
27447,1
27448,1
27449,1
27450,1
27451,0
27452,1
27453,1
27455,1
27456,1
27457,1
27458,1
27459,1
27460,1
27461,1
27462,1
27463,1
27464,0
27465,1
27466,1
27467,1
27468,1
27469,1
27472,1
27475,1
27476,1
27477,1
27479,1
27480,1
27481,1
27482,1
27483,1
27484,1
27485,1
27488,1
27491,1
27492,1
27494,0
27495,1
27496,1
27497,1
27498,1
27499,1
27500,1
27501,1
27502,1
27503,1
27504,1
27505,1
27508,1
27509,1
27510,1
27511,1
27512,1
27513,1
27514,1
27515,1
27516,1
27517,1
27518,1
27519,1
27520,0
27521,0
27522,1
27523,0
27524,1
27525,1
27528,1
27530,0
27532,1
27533,0
27534,0
27535,1
27540,1
27541,1
27544,1
27545,1
27550,0
27551,0
27552,1
27553,1
27556,1
27557,0
27558,0
27559,1
27560,1
27561,1
27562,1
27563,1
27565,1
27566,1
27567,1
27568,1
27569,1
27570,1
27571,1
27572,1
27573,1
27574,1
27575,0
27577,1
27578,1
27579,1
27580,1
27581,1
27582,1
27583,1
27584,1
27586,1
27588,1
27590,1
27591,1
27593,1
27594,0
27595,1
27596,1
27597,1
27598,1
27599,1
27600,1
27602,0
27604,1
27606,1
27607,1
27608,1
27609,1
27610,1
27611,1
27612,1
27614,1
27615,1
27618,1
27619,1
27620,1
27621,1
27622,1
27625,1
27629,0
27630,0
27631,0
27632,1
27633,0
27634,1
27635,1
27636,1
27637,0
27641,1
27645,1
27646,1
27647,1
27648,1
27649,1
27650,1
27651,1
27652,1
27653,1
27654,1
27657,1
27658,1
27661,1
27663,1
27665,1
27667,1
27668,1
27669,1
27670,1
27672,1
27673,1
27674,1
27675,1
27676,0
27677,1
27678,1
27679,0
27680,1
27681,1
27683,1
27684,0
27685,1
27686,1
27687,1
27688,1
27689,0
27690,1
27691,1
27692,1
27693,1
27694,1
27695,1
27696,1
27697,1
27698,1
27699,1
27700,1
27701,0
27702,1
27703,1
27704,1
27705,0
27706,0
27710,1
27711,1
27712,1
27713,1
27714,1
27716,1
27717,1
27718,1
27719,1
27720,1
27721,1
27722,1
27723,1
27726,1
27727,1
27729,1
27731,0
27732,0
27733,1
27734,1
27735,0
27736,0
27739,1
27740,0
27742,1
27743,0
27744,1
27746,0
27747,1
27748,1
27749,1
27750,1
27751,1
27753,1
27754,1
27755,1
27756,1
27758,1
27759,1
27761,0
27762,1
27763,1
27767,0
27768,1
27769,1
27770,1
27771,1
27773,1
27774,1
27775,1
27778,1
27779,1
27781,1
27783,1
27786,0
27787,0
27788,1
27789,1
27790,1
27793,1
27795,1
27797,0
27798,0
27799,0
27800,0
27801,1
27802,1
27803,1
27804,0
27805,1
27806,1
27807,1
27808,1
27809,1
27810,1
27811,1
27812,1
27813,1
27817,1
27818,1
27819,1
27820,1
27821,1
27823,1
27824,1
27825,0
27826,0
27830,1
27831,1
27832,1
27833,1
27834,1
27835,0
27837,0
27839,0
27841,0
27844,1
27846,1
27852,1
27853,1
27854,1
27855,0
27856,0
27857,1
27858,1
27859,1
27860,1
27861,0
27862,0
27863,1
27864,1
27865,1
27866,1
27867,1
27868,1
27869,1
27871,1
27874,1
27875,1
27877,1
27878,1
27879,0
27880,0
27881,1
27882,1
27883,1
27887,0
27888,1
27889,1
27892,1
27893,1
27894,1
27897,1
27898,1
27899,1
27900,1
27909,0
27910,1
27911,1
27912,1
27913,1
27914,1
27915,1
27916,1
27917,1
27918,1
27919,1
27920,1
27921,1
27922,0
27924,1
27926,1
27927,0
27928,1
27930,0
27931,1
27932,1
27933,1
27936,1
27937,1
27938,1
27939,1
27940,1
27941,1
27942,1
27943,1
27944,1
27945,1
27946,1
27947,1
27948,1
27949,1
27951,1
27952,1
27953,0
27954,0
27955,1
27956,0
27958,0
27959,1
27961,1
27962,1
27964,1
27965,1
27966,1
27967,1
27968,1
27969,1
27970,1
27971,1
27972,1
27974,0
27975,1
27976,1
27977,1
27979,1
27981,1
27982,1
27983,0
27984,1
27989,1
27991,0
27992,1
27993,1
27994,1
27995,0
27996,0
27997,0
27998,0
27999,1
28000,1
28001,0
28002,1
28003,1
28006,0
28008,0
28010,1
28011,1
28015,1
28017,1
28018,1
28021,1
28022,1
28023,1
28025,1
28027,1
28028,1
28029,0
28032,1
28035,1
28036,1
28040,1
28041,1
28042,1
28043,1
28044,1
28047,1
28048,1
28050,1
28051,1
28057,1
28058,1
28059,1
28062,1
28063,1
28066,0
28067,1
28068,1
28070,0
28071,1
28072,1
28074,1
28078,1
28079,1
28080,1
28082,1
28083,1
28085,1
28086,1
28087,1
28088,1
28089,1
28090,1
28091,1
28098,1
28101,1
28103,1
28104,1
28105,1
28108,1
28109,0
28110,0
28111,0
28112,0
28113,0
28114,0
28116,0
28117,1
28118,1
28119,1
28120,1
28123,0
28124,1
28125,0
28128,1
28129,0
28130,0
28132,1
28133,0
28134,1
28137,1
28138,1
28140,1
28141,1
28142,1
28143,1
28145,0
28147,0
28148,1
28149,1
28150,1
28151,1
28154,1
28155,1
28156,1
28157,1
28158,1
28159,1
28160,0
28161,0
28163,1
28164,1
28165,1
28166,0
28167,1
28168,1
28169,1
28172,1
28173,1
28175,1
28177,1
28178,1
28182,1
28183,1
28184,1
28185,1
28188,1
28189,1
28192,1
28194,1
28196,1
28197,1
28199,1
28202,1
28203,1
28204,1
28206,0
28207,1
28208,1
28212,0
28220,1
28221,1
28222,1
28223,1
28224,1
28225,1
28226,1
28228,0
28229,0
28231,1
28232,1
28233,1
28234,1
28235,1
28236,0
28237,1
28238,1
28239,1
28240,0
28241,1
28242,0
28243,0
28244,1
28245,1
28246,1
28247,1
28248,1
28250,1
28251,1
28252,1
28253,1
28255,1
28257,1
28258,0
28259,0
28260,1
28261,1
28263,1
28264,1
28265,0
28266,1
28267,1
28268,1
28269,0
28270,1
28273,1
28274,1
28275,1
28276,1
28278,1
28279,1
28280,1
28281,1
28282,1
28284,1
28285,1
28286,1
28287,1
28288,0
28291,1
28292,1
28293,1
28296,1
28297,1
28298,1
28299,1
28300,1
28301,1
28302,1
28306,1
28307,1
28308,1
28309,0
28311,0
28312,1
28313,1
28314,1
28315,1
28316,1
28317,0
28318,1
28319,1
28320,1
28321,1
28322,1
28323,1
28327,1
28328,0
28330,0
28331,1
28332,1
28333,1
28334,1
28336,1
28338,1
28339,1
28340,1
28341,1
28342,1
28343,1
28344,1
28345,0
28346,1
28348,1
28349,1
28350,1
28351,1
28352,1
28356,1
28357,0
28358,1
28359,1
28360,1
28361,1
28362,1
28364,1
28365,1
28366,1
28368,1
28369,1
28370,1
28371,1
28372,1
28373,1
28374,1
28375,1
28376,1
28378,0
28379,0
28380,0
28381,1
28383,1
28384,1
28386,0
28387,1
28389,1
28390,1
28392,1
28393,1
28394,1
28396,1
28398,1
28399,1
28401,1
28402,1
28403,1
28404,1
28405,1
28406,1
28407,1
28409,1
28410,1
28411,1
28412,1
28413,1
28414,1
28415,1
28416,1
28417,1
28418,1
28419,1
28420,1
28424,1
28425,1
28426,0
28427,0
28428,1
28429,0
28432,1
28433,0
28435,1
28436,1
28437,1
28438,1
28439,1
28440,1
28444,1
28445,1
28446,1
28449,1
28450,1
28451,1
28452,1
28454,1
28455,1
28456,1
28457,1
28458,1
28459,1
28460,1
28461,1
28462,1
28463,1
28464,1
28465,0
28466,1
28467,1
28469,1
28470,1
28471,1
28472,1
28473,1
28474,1
28475,1
28476,1
28478,1
28480,1
28482,1
28484,1
28485,0
28487,1
28489,0
28490,1
28491,1
28492,1
28493,1
28494,1
28495,1
28496,1
28500,0
28501,0
28502,0
28504,0
28505,1
28506,0
28507,0
28510,1
28513,1
28514,1
28516,1
28517,1
28520,1
28522,1
28523,1
28524,0
28525,1
28526,1
28528,1
28529,1
28531,1
28533,1
28534,1
28535,1
28539,1
28541,1
28542,1
28545,1
28546,0
28553,1
28557,1
28559,1
28561,1
28562,1
28566,1
28568,1
28570,1
28571,1
28572,1
28573,1
28579,1
28580,1
28581,1
28582,1
28585,1
28588,1
28589,1
28591,1
28592,1
28594,1
28595,1
28596,1
28597,1
28598,1
28599,1
28601,1
28605,1
28610,1
28611,1
28613,0
28614,1
28618,1
28619,1
28620,1
28621,1
28622,1
28624,1
28625,0
28626,1
28629,1
28630,0
28633,1
28634,1
28635,1
28636,1
28637,1
28639,0
28640,1
28643,1
28644,1
28645,1
28647,1
28650,0
28651,1
28653,1
28654,1
28655,1
28656,1
28658,0
28659,1
28660,1
28661,0
28662,1
28663,1
28667,1
28668,1
28669,1
28670,1
28671,1
28672,1
28673,1
28674,1
28676,1
28677,1
28678,0
28680,1
28681,1
28682,1
28683,1
28684,1
28688,1
28692,1
28693,0
28695,1
28696,1
28699,1
28702,1
28707,0
28708,1
28709,1
28710,1
28711,1
28712,1
28714,1
28715,1
28716,1
28717,1
28718,1
28720,1
28721,1
28722,1
28724,1
28725,1
28726,1
28727,1
28728,1
28729,1
28733,1
28734,1
28737,1
28738,1
28739,0
28740,1
28742,1
28743,1
28745,1
28746,1
28747,1
28748,1
28752,1
28753,1
28754,1
28757,0
28758,1
28759,1
28760,1
28761,1
28762,1
28763,1
28764,0
28765,0
28766,1
28767,1
28768,1
28769,1
28770,0
28771,1
28772,0
28773,1
28774,0
28775,1
28776,0
28777,0
28778,0
28779,0
28780,0
28781,0
28782,0
28784,0
28785,0
28788,0
28789,0
28790,0
28791,0
28792,0
28793,1
28794,0
28795,0
28796,0
28797,0
28798,1
28799,0
28800,0
28802,0
28803,0
28804,0
28805,0
28806,0
28807,0
28809,0
28810,0
28811,0
28812,0
28813,0
28814,0
28815,0
28816,1
28817,0
28818,0
28819,0
28820,0
28821,0
28822,0
28823,0
28825,0
28826,0
28827,0
28828,0
28829,0
28830,0
28831,0
28833,0
28835,0
28836,0
28837,0
28838,0
28840,0
28841,0
28842,0
28843,0
28844,1
28845,0
28847,1
28848,1
28849,0
28850,1
28851,0
28852,1
28853,0
28854,1
28855,1
28856,0
28857,1
28858,0
28859,1
28860,1
28862,0
28863,0
28864,0
28865,0
28866,0
28867,0
28868,1
28869,0
28870,0
28871,0
28872,0
28873,1
28874,0
28875,0
28877,0
28878,0
28879,0
28880,0
28881,1
28882,0
28883,0
28884,0
28885,0
28886,0
28887,0
28888,0
28889,0
28890,1
28891,0
28892,1
28893,1
28894,1
28895,1
28896,0
28897,0
28898,0
28899,1
28900,1
28901,0
28902,1
28903,0
28904,0
28905,1
28906,0
28907,0
28908,0
28909,0
28910,0
28911,0
28912,1
28913,1
28914,0
28915,0
28917,0
28920,0
28921,0
28922,0
28923,1
28924,0
28925,0
28926,0
28927,0
28928,0
28929,1
28930,0
28931,0
28932,1
28933,0
28934,0
28935,0
28936,0
28937,1
28938,0
28939,0
28940,0
28941,1
28942,1
28943,0
28944,0
28945,0
28946,0
28947,1
28948,1
28949,0
28950,0
28952,0
28953,0
28954,0
28955,0
28956,0
28957,0
28958,1
28959,0
28960,0
28961,0
28962,0
28963,0
28964,0
28965,1
28966,1
28967,1
28968,0
28969,1
28972,0
28974,0
28975,0
28976,0
28977,0
28978,0
28979,0
28980,1
28981,0
28982,1
28983,0
28984,0
28985,0
28986,0
28987,0
28988,0
28989,0
28990,0
28991,0
28992,0
28993,1
28994,1
28995,0
28996,0
28997,1
28999,0
29000,0
29001,0
29002,0
29003,1
29004,0
29006,0
29007,0
29008,0
29009,0
29010,0
29011,0
29012,0
29013,0
29014,0
29016,1
29017,0
29018,0
29019,0
29020,1
29021,1
29022,0
29026,0
29027,1
29029,1
29030,0
29031,0
29032,1
29033,0
29034,0
29036,1
29037,0
29038,0
29040,1
29041,0
29042,1
29044,0
29045,0
29046,0
29047,0
29048,0
29049,0
29050,0
29051,0
29052,1
29053,1
29054,1
29056,1
29057,0
29058,1
29059,0
29060,0
29063,0
29064,0
29065,0
29066,0
29068,0
29070,0
29071,0
29072,1
29075,0
29076,0
29077,0
29078,0
29079,0
29080,1
29083,0
29084,1
29085,1
29088,0
29090,0
29091,0
29092,0
29093,1
29094,0
29095,1
29096,0
29097,0
29098,0
29099,0
29100,0
29101,0
29102,0
29103,1
29104,0
29105,0
29106,0
29107,0
29108,0
29110,1
29111,0
29112,0
29113,0
29114,1
29115,1
29116,0
29117,0
29118,1
29120,1
29121,1
29122,0
29123,0
29125,0
29126,1
29127,0
29128,0
29130,0
29131,0
29132,0
29133,0
29134,0
29135,1
29136,1
29137,1
29138,0
29139,0
29140,0
29141,0
29142,1
29143,1
29144,0
29145,0
29146,1
29148,0
29149,0
29150,1
29151,1
29152,0
29153,0
29154,0
29155,0
29156,0
29157,1
29158,0
29159,0
29160,0
29162,0
29163,0
29164,1
29165,0
29166,0
29167,0
29169,1
29171,0
29172,0
29173,0
29174,0
29175,0
29176,0
29177,0
29178,1
29179,0
29180,1
29181,1
29182,0
29183,1
29184,0
29185,1
29186,0
29187,0
29188,0
29191,1
29192,0
29195,1
29196,1
29198,1
29199,0
29200,0
29202,0
29206,0
29207,0
29208,1
29210,1
29211,0
29212,0
29213,0
29214,0
29215,0
29216,0
29217,0
29218,1
29219,1
29220,1
29221,1
29222,0
29224,0
29226,0
29227,1
29228,1
29229,0
29230,0
29231,0
29232,0
29233,1
29234,1
29235,0
29236,0
29237,1
29238,1
29239,1
29240,1
29241,0
29242,0
29243,0
29244,0
29246,0
29247,0
29248,0
29249,0
29250,0
29251,0
29252,0
29255,0
29256,0
29259,1
29261,1
29262,0
29263,0
29265,1
29266,0
29267,0
29268,0
29269,1
29274,0
29275,0
29276,0
29277,1
29278,1
29279,0
29281,0
29282,1
29283,0
29284,0
29285,0
29286,0
29288,0
29289,0
29290,0
29291,1
29292,0
29293,1
29294,1
29295,0
29296,0
29297,1
29298,0
29299,1
29301,0
29303,0
29304,1
29305,0
29306,0
29308,0
29310,1
29312,0
29313,0
29314,0
29315,0
29317,0
29318,0
29319,0
29321,1
29322,0
29323,0
29324,0
29325,1
29326,0
29327,0
29328,0
29330,0
29331,0
29332,0
29333,1
29334,0
29335,0
29338,1
29339,0
29340,0
29341,0
29342,0
29343,0
29344,1
29345,0
29346,0
29347,0
29348,0
29349,1
29350,1
29351,1
29354,0
29355,0
29356,1
29357,1
29358,0
29359,0
29361,1
29362,1
29363,0
29364,1
29365,0
29366,1
29367,0
29368,0
29369,0
29370,1
29371,0
29372,0
29373,1
29374,0
29375,0
29376,0
29377,1
29378,1
29379,0
29380,0
29381,0
29382,0
29383,1
29384,0
29385,1
29386,0
29387,0
29388,1
29389,1
29391,0
29392,0
29394,1
29395,0
29396,1
29397,0
29398,1
29400,1
29401,0
29402,0
29403,0
29404,0
29405,1
29406,0
29407,0
29408,0
29409,1
29410,1
29411,0
29412,1
29413,0
29414,1
29415,1
29416,1
29417,1
29419,1
29420,1
29421,1
29423,1
29424,0
29425,1
29426,0
29428,0
29429,0
29430,0
29431,0
29432,0
29433,1
29434,1
29435,0
29436,0
29437,1
29438,0
29439,0
29440,1
29441,1
29442,1
29443,1
29444,0
29445,0
29447,0
29448,0
29449,0
29451,1
29452,0
29453,0
29454,0
29455,0
29456,0
29457,0
29459,1
29460,0
29461,1
29462,1
29463,0
29464,0
29466,0
29467,0
29469,0
29470,0
29471,0
29472,0
29475,1
29476,0
29477,0
29478,0
29479,1
29480,0
29481,1
29483,0
29484,0
29485,0
29486,0
29488,0
29490,0
29491,0
29492,1
29494,0
29495,0
29496,1
29497,0
29498,1
29500,0
29501,0
29502,0
29503,1
29504,1
29505,1
29506,1
29507,0
29508,0
29509,0
29510,1
29512,1
29513,0
29514,1
29516,1
29519,1
29521,1
29522,0
29524,1
29525,0
29526,0
29531,0
29532,0
29533,0
29534,1
29535,0
29537,0
29538,0
29540,1
29541,0
29542,0
29543,0
29544,1
29545,0
29546,1
29547,0
29548,0
29549,0
29550,0
29551,0
29552,0
29553,0
29554,0
29557,1
29558,1
29559,0
29560,0
29561,1
29562,1
29563,0
29564,0
29565,1
29566,0
29567,0
29568,1
29569,0
29570,1
29571,0
29572,0
29573,0
29574,0
29575,0
29576,0
29577,0
29578,0
29579,0
29581,0
29582,0
29583,0
29584,1
29585,0
29587,1
29588,1
29589,0
29590,1
29591,0
29592,0
29593,0
29595,1
29596,1
29597,0
29598,0
29599,1
29600,1
29603,1
29604,1
29605,1
29606,0
29607,0
29608,1
29609,1
29610,0
29611,0
29612,0
29613,1
29614,1
29615,1
29616,0
29617,0
29618,0
29620,0
29621,1
29622,0
29623,1
29625,0
29627,1
29628,0
29629,0
29631,0
29632,1
29634,0
29635,0
29636,0
29638,0
29639,0
29641,0
29642,0
29643,0
29644,0
29645,0
29646,1
29647,1
29649,1
29650,0
29651,1
29652,1
29657,1
29658,1
29660,0
29661,0
29662,0
29663,0
29664,1
29665,0
29666,0
29667,0
29668,0
29669,0
29670,0
29671,0
29672,1
29673,0
29674,1
29675,0
29676,0
29677,0
29678,1
29679,0
29680,0
29681,0
29682,0
29683,0
29684,0
29685,0
29687,0
29688,0
29689,0
29691,0
29692,0
29693,0
29694,1
29695,0
29696,0
29697,1
29698,0
29699,0
29700,0
29701,0
29702,1
29703,0
29705,0
29706,1
29707,0
29708,1
29710,1
29711,0
29712,0
29713,0
29714,0
29715,0
29716,0
29717,0
29718,0
29719,0
29720,0
29721,0
29722,1
29723,0
29725,0
29726,0
29727,0
29728,1
29729,1
29730,0
29731,0
29732,0
29733,0
29734,0
29735,0
29736,1
29737,0
29738,0
29739,0
29741,0
29742,0
29743,0
29745,1
29746,1
29747,0
29748,0
29749,0
29750,0
29751,0
29753,1
29754,0
29755,0
29756,1
29757,0
29758,0
29759,1
29760,1
29761,1
29762,0
29763,0
29765,0
29766,0
29767,1
29768,1
29769,1
29770,1
29771,0
29772,1
29773,1
29774,0
29775,1
29776,0
29777,0
29778,0
29779,1
29780,0
29781,0
29782,1
29783,1
29784,1
29785,0
29786,0
29788,1
29790,1
29791,0
29792,0
29793,0
29794,0
29795,1
29796,0
29797,1
29798,1
29799,0
29800,0
29801,1
29802,0
29804,1
29805,0
29806,0
29810,0
29811,1
29812,1
29814,0
29815,0
29818,1
29820,0
29822,0
29825,1
29826,0
29829,1
29830,0
29831,1
29832,1
29833,1
29834,1
29835,1
29836,1
29838,1
29839,1
29841,0
29845,0
29846,1
29848,1
29849,0
29851,1
29853,0
29854,0
29855,0
29856,1
29857,1
29858,0
29859,1
29860,0
29861,1
29863,0
29864,1
29865,1
29866,1
29867,1
29868,0
29869,1
29870,0
29871,0
29872,1
29873,0
29874,1
29876,1
29879,0
29880,0
29881,0
29882,0
29883,0
29884,1
29885,0
29886,1
29890,1
29892,1
29895,1
29899,0
29900,0
29901,0
29902,0
29903,0
29904,0
29906,1
29907,0
29908,0
29910,1
29911,0
29912,1
29915,0
29916,1
29917,1
29918,1
29919,1
29921,0
29922,0
29923,1
29925,0
29926,0
29927,0
29928,1
29937,0
29938,1
29939,1
29941,1
29942,1
29943,1
29944,0
29945,0
29946,1
29947,1
29948,0
29949,1
29950,0
29951,1
29952,1
29953,1
29955,0
29957,1
29959,1
29960,0
29961,1
29962,1
29965,0
29966,0
29967,1
29968,1
29971,1
29972,0
29973,0
29974,0
29978,0
29979,0
29980,0
29981,1
29982,1
29984,0
29986,1
29989,0
29990,0
29991,0
29992,0
29994,0
29996,1
29997,1
29998,1
29999,1
30002,1
30003,1
30004,1
30005,0
30006,1
30007,1
30008,0
30010,1
30011,1
30012,0
30014,1
30016,1
30017,0
30018,1
30020,1
30021,1
30023,1
30024,1
30025,0
30027,1
30028,0
30029,1
30030,1
30031,1
30032,1
30033,1
30034,0
30035,0
30036,1
30038,1
30039,0
30040,0
30041,0
30042,0
30043,0
30044,0
30045,1
30046,1
30047,1
30048,0
30049,0
30050,1
30051,1
30053,1
30054,0
30055,0
30056,0
30057,1
30058,1
30059,0
30060,1
30061,1
30062,1
30063,1
30064,1
30065,1
30066,0
30068,0
30069,1
30071,0
30072,1
30073,0
30074,1
30075,0
30076,0
30077,0
30078,0
30079,0
30080,1
30081,0
30083,1
30084,0
30087,1
30088,1
30092,0
30093,0
30094,0
30096,0
30097,0
30098,1
30099,1
30100,0
30101,1
30102,0
30103,1
30104,0
30106,0
30107,1
30108,1
30109,0
30111,1
30112,1
30113,0
30116,0
30118,0
30119,0
30121,0
30122,0
30123,1
30124,0
30125,1
30126,1
30127,0
30128,1
30129,0
30130,1
30132,1
30134,1
30135,1
30137,1
30138,1
30139,1
30141,1
30142,0
30143,0
30145,1
30146,1
30147,1
30150,0
30152,1
30153,1
30155,0
30156,1
30159,1
30160,1
30165,1
30166,1
30167,1
30168,1
30170,0
30171,0
30172,0
30173,1
30174,1
30175,0
30176,0
30177,0
30179,0
30180,0
30181,0
30182,1
30183,0
30184,0
30185,1
30186,1
30187,1
30188,0
30189,0
30192,0
30193,0
30194,1
30195,1
30196,0
30197,1
30198,1
30199,1
30200,0
30201,0
30202,0
30203,0
30204,0
30205,1
30206,1
30207,1
30209,0
30210,1
30211,0
30212,0
30213,0
30214,0
30215,0
30216,0
30217,0
30218,0
30219,0
30221,0
30222,1
30223,1
30226,1
30227,0
30228,1
30229,0
30230,0
30231,0
30232,1
30233,0
30234,1
30240,1
30241,1
30242,0
30243,1
30244,1
30245,0
30246,1
30247,0
30248,0
30249,0
30251,1
30252,1
30255,1
30256,1
30257,1
30258,0
30260,1
30261,0
30262,1
30263,0
30264,1
30265,0
30267,1
30268,0
30271,1
30272,0
30273,0
30274,1
30275,1
30276,1
30280,1
30281,1
30282,1
30283,0
30284,0
30285,1
30286,0
30288,1
30289,0
30291,1
30292,0
30293,1
30294,0
30296,0
30297,1
30298,1
30299,0
30300,0
30302,0
30303,0
30304,1
30305,1
30306,0
30307,0
30308,1
30310,0
30311,0
30313,1
30315,0
30316,0
30317,0
30318,0
30319,0
30320,0
30321,1
30322,1
30323,1
30324,0
30325,0
30326,1
30327,0
30328,1
30329,1
30330,0
30331,1
30332,1
30333,1
30335,0
30336,0
30337,0
30338,1
30339,0
30342,1
30344,1
30346,1
30348,1
30349,1
30350,0
30351,1
30352,1
30353,1
30354,1
30355,0
30356,0
30357,0
30359,0
30360,1
30361,0
30362,1
30363,1
30364,1
30365,0
30366,1
30367,1
30368,0
30371,0
30372,1
30373,1
30374,0
30375,1
30377,0
30378,0
30379,0
30381,0
30382,0
30383,0
30384,0
30385,0
30390,0
30391,0
30392,0
30393,0
30394,0
30397,1
30398,1
30399,0
30400,0
30401,0
30402,0
30403,1
30404,0
30405,1
30406,0
30407,1
30408,0
30409,0
30410,1
30411,0
30412,1
30413,0
30414,0
30415,1
30416,1
30417,0
30418,0
30419,0
30420,0
30421,0
30423,1
30424,0
30425,0
30426,0
30427,1
30428,0
30429,1
30430,0
30432,1
30433,0
30434,0
30435,0
30436,0
30437,0
30438,0
30439,0
30441,0
30442,0
30443,1
30446,0
30448,0
30450,1
30451,1
30452,1
30453,1
30455,1
30456,0
30457,0
30458,0
30459,1
30460,0
30461,0
30462,1
30463,0
30465,0
30466,1
30467,0
30468,1
30469,1
30470,0
30471,1
30472,1
30475,1
30476,1
30478,0
30479,1
30480,1
30481,1
30483,1
30484,1
30485,1
30486,0
30487,1
30488,1
30489,1
30491,0
30492,1
30493,1
30494,0
30496,0
30497,0
30498,1
30501,1
30502,1
30503,0
30504,0
30505,0
30506,0
30507,0
30508,0
30509,0
30510,0
30512,0
30513,0
30514,0
30516,0
30517,0
30519,1
30520,1
30522,0
30524,0
30525,1
30526,0
30527,1
30528,0
30537,0
30538,0
30540,0
30541,0
30542,0
30543,0
30544,0
30545,1
30546,0
30549,0
30554,1
30555,1
30556,1
30557,1
30558,1
30559,1
30560,0
30561,1
30562,0
30563,0
30565,1
30566,1
30567,1
30568,0
30570,0
30571,0
30572,0
30573,0
30574,0
30575,0
30577,0
30579,0
30580,0
30581,1
30582,0
30583,1
30584,1
30585,0
30586,0
30587,1
30588,0
30589,1
30590,1
30591,0
30592,1
30595,1
30596,0
30597,0
30598,1
30599,0
30600,0
30601,0
30602,0
30603,0
30604,1
30605,1
30606,0
30607,0
30608,1
30609,0
30610,0
30611,1
30612,0
30613,1
30614,1
30615,1
30618,0
30619,0
30620,0
30621,0
30622,0
30623,0
30624,1
30625,0
30626,0
30627,0
30628,0
30629,0
30630,0
30632,0
30633,0
30635,0
30638,1
30639,1
30640,1
30641,0
30642,1
30643,0
30644,1
30645,0
30646,1
30648,0
30649,0
30650,0
30651,0
30652,0
30653,0
30654,0
30655,1
30656,1
30657,0
30658,0
30659,1
30663,1
30664,1
30666,0
30667,0
30668,0
30670,1
30671,0
30672,1
30673,0
30674,1
30675,1
30676,1
30677,0
30678,0
30679,0
30680,1
30681,0
30682,0
30683,0
30684,1
30685,0
30686,0
30687,0
30689,0
30690,0
30692,0
30693,0
30694,0
30695,1
30696,1
30697,1
30698,0
30699,1
30702,1
30703,1
30704,0
30706,0
30707,0
30708,1
30709,1
30710,1
30712,0
30713,0
30714,0
30715,1
30716,0
30717,0
30718,0
30719,1
30720,0
30721,0
30722,0
30723,0
30724,1
30725,1
30726,1
30727,1
30728,0
30729,1
30730,1
30733,0
30734,1
30735,1
30736,1
30737,0
30738,0
30740,0
30741,0
30742,1
30744,1
30745,1
30746,1
30747,1
30748,1
30749,1
30750,1
30751,1
30753,1
30756,0
30757,1
30760,0
30762,0
30763,1
30764,0
30765,0
30766,0
30767,0
30769,0
30770,1
30771,0
30773,0
30774,1
30775,1
30776,1
30777,1
30778,0
30779,1
30780,1
30781,0
30782,1
30783,1
30784,1
30785,0
30786,1
30787,1
30788,0
30789,1
30791,0
30792,1
30793,1
30794,0
30795,0
30797,0
30798,0
30799,1
30802,0
30803,1
30806,0
30807,0
30808,0
30809,0
30811,0
30812,0
30813,0
30814,1
30815,1
30816,0
30817,1
30818,0
30819,0
30820,0
30822,1
30823,0
30824,0
30825,1
30826,0
30827,0
30829,0
30830,1
30831,0
30832,0
30833,0
30834,0
30835,0
30836,0
30837,0
30838,0
30839,0
30840,0
30841,0
30842,0
30843,0
30844,0
30845,0
30846,0
30848,0
30849,0
30850,1
30851,0
30852,0
30853,0
30854,0
30855,1
30856,0
30857,0
30858,1
30859,0
30860,0
30861,0
30862,0
30863,1
30864,0
30865,0
30866,0
30867,0
30868,0
30869,1
30870,0
30871,0
30872,1
30873,0
30874,1
30876,0
30877,1
30879,1
30880,1
30882,0
30883,0
30884,0
30885,0
30886,0
30887,0
30888,0
30889,0
30890,1
30891,1
30893,0
30894,0
30895,0
30896,0
30897,0
30898,1
30899,0
30900,1
30901,0
30902,0
30903,0
30904,0
30905,0
30906,0
30907,0
30908,0
30909,0
30910,1
30911,1
30912,1
30913,1
30914,1
30915,1
30917,1
30918,1
30919,1
30922,0
30923,1
30926,1
30927,0
30928,0
30929,0
30930,0
30931,0
30932,1
30933,0
30934,1
30936,0
30937,1
30938,0
30939,1
30941,1
30942,1
30943,0
30944,0
30945,1
30946,1
30947,1
30948,0
30949,1
30950,0
30951,1
30952,0
30953,1
30954,0
30955,1
30956,1
30957,1
30958,0
30959,1
30961,1
30962,0
30963,0
30964,0
30965,0
30966,0
30967,0
30968,1
30969,1
30970,0
30972,1
30974,1
30977,0
30978,1
30979,0
30980,0
30981,1
30982,1
30984,1
30986,1
30987,1
30988,0
30989,1
30990,1
30991,1
30993,0
30995,0
30996,0
30997,1
30998,1
31000,0
31001,1
31003,0
31004,0
31005,0
31006,1
31007,0
31008,1
31009,1
31010,0
31011,0
31012,0
31013,0
31014,0
31015,0
31016,0
31017,0
31018,1
31019,0
31024,1
31025,1
31026,1
31027,1
31028,0
31029,0
31030,1
31031,1
31032,0
31033,0
31034,0
31035,0
31039,0
31040,0
31041,0
31042,0
31044,0
31045,1
31046,0
31047,1
31048,1
31049,1
31051,1
31053,0
31054,0
31055,0
31057,1
31058,0
31059,0
31060,0
31061,0
31062,0
31063,0
31064,0
31066,0
31067,1
31068,1
31069,0
31071,1
31072,0
31073,0
31074,0
31075,0
31076,0
31077,0
31078,1
31079,0
31081,1
31082,0
31083,0
31084,1
31086,1
31087,1
31088,0
31089,1
31090,0
31091,0
31093,1
31094,0
31095,1
31097,0
31098,0
31099,0
31100,0
31102,0
31103,0
31104,0
31105,0
31106,0
31107,0
31108,0
31109,0
31110,1
31111,0
31112,0
31113,0
31114,0
31115,0
31116,0
31117,0
31118,1
31119,0
31122,0
31125,0
31126,0
31127,1
31128,1
31129,0
31130,0
31134,1
31135,0
31138,1
31139,0
31141,1
31142,0
31143,0
31144,1
31145,1
31146,0
31147,0
31148,1
31150,1
31151,0
31152,1
31153,1
31154,0
31155,1
31156,1
31157,0
31158,0
31159,0
31160,0
31165,0
31167,1
31168,1
31169,0
31170,0
31171,1
31173,1
31174,1
31175,1
31176,1
31177,1
31178,0
31179,1
31180,0
31181,1
31182,0
31183,1
31184,1
31185,0
31186,0
31187,1
31189,1
31190,0
31193,0
31194,1
31196,1
31197,0
31198,0
31199,1
31200,1
31201,0
31202,1
31203,1
31204,0
31205,0
31207,0
31208,1
31209,0
31212,0
31213,1
31214,0
31216,0
31217,0
31219,0
31220,0
31222,1
31223,0
31224,1
31226,1
31227,0
31228,0
31229,1
31230,1
31231,1
31232,1
31233,0
31234,0
31235,0
31237,1
31238,0
31239,0
31240,0
31241,0
31242,1
31243,0
31244,0
31245,0
31246,1
31247,0
31248,0
31249,0
31250,0
31251,0
31252,0
31253,0
31254,0
31255,0
31257,1
31258,0
31259,0
31260,0
31261,0
31262,0
31263,1
31264,0
31265,0
31267,1
31268,0
31269,0
31270,0
31271,0
31272,0
31273,0
31275,0
31277,0
31278,0
31279,0
31281,0
31282,1
31283,0
31284,0
31285,0
31286,0
31287,0
31288,1
31290,0
31291,0
31292,0
31294,0
31295,0
31296,0
31297,0
31298,0
31299,1
31300,0
31302,0
31303,0
31307,1
31308,0
31309,0
31310,0
31311,0
31312,0
31313,1
31314,1
31315,1
31316,0
31317,1
31318,0
31319,0
31320,0
31321,0
31322,0
31323,0
31324,1
31325,0
31326,1
31327,0
31328,0
31329,0
31330,0
31332,0
31333,0
31336,0
31337,1
31338,0
31339,0
31340,0
31342,1
31344,0
31345,1
31347,0
31348,0
31349,0
31350,1
31351,1
31352,0
31356,1
31359,1
31360,0
31361,0
31362,1
31364,1
31365,1
31366,0
31368,1
31369,1
31372,1
31373,0
31375,1
31376,1
31379,0
31381,1
31382,1
31383,1
31384,1
31385,1
31388,0
31389,0
31391,0
31392,1
31393,0
31394,0
31396,0
31397,0
31398,0
31399,1
31400,0
31402,0
31403,0
31404,0
31405,0
31406,0
31407,1
31408,1
31411,0
31412,0
31413,0
31414,0
31415,1
31416,1
31418,0
31419,1
31420,1
31421,1
31422,0
31423,0
31424,1
31426,0
31427,1
31428,1
31429,1
31430,0
31431,0
31432,0
31433,1
31434,1
31435,0
31436,0
31437,0
31439,0
31440,0
31441,0
31442,0
31443,0
31444,1
31445,0
31446,1
31447,0
31448,1
31449,0
31450,1
31451,0
31452,0
31453,0
31454,1
31455,0
31457,1
31458,1
31459,1
31460,1
31461,0
31462,1
31463,1
31464,0
31465,0
31466,1
31469,1
31470,1
31471,0
31472,0
31474,0
31475,0
31476,0
31477,0
31478,0
31479,0
31480,0
31481,0
31482,1
31483,1
31484,0
31485,1
31486,0
31487,1
31489,0
31490,0
31491,0
31492,1
31496,0
31497,0
31498,0
31499,0
31500,0
31501,1
31502,0
31503,1
31504,0
31505,1
31506,0
31507,0
31508,0
31510,0
31511,1
31512,1
31513,0
31514,1
31515,1
31516,0
31517,0
31518,0
31519,0
31520,1
31521,0
31522,0
31523,0
31524,0
31526,0
31527,0
31528,0
31529,0
31530,0
31531,0
31532,1
31534,1
31535,0
31536,0
31538,1
31539,0
31540,0
31541,0
31542,0
31543,1
31545,0
31546,0
31547,1
31548,0
31549,1
31550,0
31551,1
31552,0
31553,0
31554,0
31555,0
31556,0
31557,0
31558,0
31560,0
31562,1
31563,1
31564,1
31565,0
31566,0
31567,0
31568,1
31569,1
31570,0
31571,0
31572,0
31573,0
31574,0
31575,1
31576,0
31577,0
31578,1
31579,1
31580,0
31581,1
31582,0
31583,0
31584,0
31585,1
31586,0
31587,1
31588,1
31589,1
31590,0
31591,0
31592,0
31593,0
31594,0
31595,0
31596,0
31597,0
31598,0
31599,0
31600,0
31601,1
31602,1
31603,1
31604,0
31605,0
31606,0
31607,0
31608,0
31609,0
31610,0
31612,1
31613,1
31614,1
31615,0
31616,0
31617,1
31618,0
31619,0
31620,1
31621,1
31622,1
31623,1
31624,1
31625,1
31626,1
31627,1
31628,1
31629,1
31632,0
31633,0
31634,1
31635,1
31637,1
31638,1
31639,1
31640,0
31641,1
31642,1
31643,0
31644,0
31645,0
31646,1
31647,0
31648,1
31649,0
31650,0
31651,1
31652,0
31653,1
31654,0
31655,0
31656,1
31657,0
31658,0
31659,0
31660,0
31661,0
31662,1
31663,1
31664,1
31665,1
31666,1
31667,1
31668,0
31669,1
31670,1
31671,0
31672,0
31673,0
31674,1
31675,0
31676,1
31677,1
31678,1
31679,1
31680,1
31681,0
31682,0
31683,0
31684,1
31685,0
31686,1
31687,0
31688,0
31689,0
31690,0
31691,0
31692,0
31693,0
31694,1
31695,1
31696,1
31697,1
31698,1
31699,1
31700,1
31702,1
31703,0
31704,0
31705,0
31706,0
31707,0
31708,1
31709,0
31710,1
31711,1
31712,0
31713,0
31714,1
31715,0
31716,0
31717,0
31718,1
31719,1
31720,1
31721,0
31722,1
31723,1
31724,1
31725,1
31726,1
31727,1
31728,1
31729,1
31730,0
31731,1
31732,0
31733,0
31734,0
31735,0
31736,0
31737,0
31738,0
31739,0
31740,0
31741,0
31742,1
31743,1
31744,1
31745,0
31746,0
31747,1
31748,0
31749,1
31750,1
31754,1
31755,0
31756,1
31757,1
31758,1
31759,0
31760,1
31761,0
31762,0
31763,1
31764,1
31765,0
31766,1
31767,0
31768,1
31769,1
31770,1
31771,1
31772,0
31773,0
31774,0
31775,1
31776,1
31778,1
31779,1
31780,1
31781,0
31782,0
31783,0
31784,1
31785,0
31786,0
31787,0
31788,1
31789,0
31790,1
31791,1
31792,1
31793,1
31794,1
31795,0
31796,1
31797,0
31798,1
31801,1
31802,1
31803,0
31804,0
31805,0
31806,1
31807,0
31808,0
31809,0
31810,0
31811,1
31812,1
31813,0
31814,0
31815,1
31816,1
31817,1
31818,1
31819,1
31820,1
31821,0
31822,1
31823,1
31824,0
31825,1
31826,0
31827,0
31828,0
31830,1
31831,1
31832,1
31833,1
31834,1
31835,1
31836,0
31837,0
31839,0
31840,0
31841,0
31842,1
31843,0
31844,0
31845,0
31846,1
31847,1
31848,0
31850,1
31851,1
31853,1
31854,1
31855,1
31856,1
31857,0
31858,1
31859,0
31860,1
31861,1
31862,1
31863,0
31864,1
31865,1
31866,1
31867,1
31868,0
31869,0
31870,0
31871,0
31872,0
31873,1
31874,1
31879,0
31880,1
31881,1
31882,1
31883,1
31884,1
31885,0
31886,1
31887,1
31888,0
31890,0
31891,0
31892,1
31893,0
31894,0
31895,0
31896,1
31897,1
31898,1
31899,0
31900,1
31901,0
31902,0
31903,1
31904,0
31905,0
31906,0
31907,1
31908,1
31909,0
31910,0
31911,0
31912,0
31913,0
31914,1
31915,0
31916,0
31917,0
31918,0
31919,1
31920,1
31921,1
31922,0
31923,0
31924,1
31925,1
31926,1
31927,0
31928,0
31929,0
31930,1
31931,1
31932,1
31933,1
31934,1
31935,0
31936,0
31937,0
31938,0
31939,0
31940,1
31941,1
31942,1
31943,1
31944,0
31945,0
31946,0
31947,1
31948,1
31949,1
31950,1
31951,1
31952,1
31953,0
31954,0
31955,0
31956,0
31957,0
31958,1
31959,1
31960,1
31961,1
31962,1
31963,1
31964,0
31965,0
31966,0
31967,0
31968,0
31969,1
31970,1
31971,0
31972,0
31973,0
31974,0
31975,0
31976,1
31977,0
31978,0
31979,1
31980,1
31981,1
31982,0
31983,1
31984,1
31985,0
31986,1
31987,1
31988,1
31989,1
31990,1
31992,1
31993,1
31994,0
31995,0
31996,1
31997,1
31998,0
31999,0
32000,0
32001,0
32002,1
32003,1
32004,1
32005,1
32006,0
32008,1
32009,1
32010,1
32011,1
32012,1
32013,1
32014,1
32015,0
32016,0
32017,0
32018,0
32019,0
32020,0
32021,0
32022,1
32023,0
32024,1
32025,1
32026,0
32027,0
32028,1
32029,1
32030,1
32031,0
32032,1
32033,1
32034,1
32035,0
32036,0
32037,0
32038,1
32039,1
32040,1
32041,0
32042,0
32043,0
32044,0
32045,0
32046,1
32047,1
32048,1
32049,1
32050,0
32051,0
32053,0
32054,0
32055,1
32056,1
32057,0
32058,0
32059,0
32060,0
32061,0
32062,0
32063,1
32064,1
32065,1
32066,1
32067,1
32068,1
32069,1
32070,1
32071,1
32072,1
32073,1
32074,1
32075,1
32076,1
32077,1
32079,0
32080,0
32081,0
32082,0
32083,0
32084,0
32085,0
32086,1
32087,0
32088,1
32089,0
32090,0
32091,0
32092,1
32093,1
32094,1
32095,0
32096,1
32097,1
32098,1
32100,0
32101,1
32102,1
32103,1
32104,1
32105,1
32106,1
32107,1
32108,0
32109,0
32110,1
32111,1
32112,1
32113,0
32114,0
32115,0
32116,0
32117,0
32118,0
32119,0
32120,0
32121,1
32122,1
32123,0
32124,0
32125,0
32127,1
32128,0
32129,1
32131,1
32132,1
32133,1
32134,1
32135,1
32136,1
32137,1
32138,1
32139,1
32140,0
32141,1
32142,1
32143,1
32144,1
32145,0
32146,0
32147,1
32148,0
32149,1
32150,1
32151,1
32152,1
32153,1
32154,1
32155,1
32156,1
32157,1
32158,1
32159,1
32160,0
32161,0
32162,1
32163,1
32164,0
32165,0
32166,1
32167,1
32168,0
32169,0
32170,0
32171,1
32172,1
32173,0
32175,0
32176,1
32179,1
32180,0
32181,1
32182,1
32183,0
32184,1
32185,1
32186,0
32187,0
32188,1
32189,1
32190,0
32191,0
32192,1
32193,0
32194,0
32195,1
32196,1
32197,0
32198,0
32199,0
32200,0
32201,0
32202,1
32203,1
32204,1
32205,0
32206,1
32207,0
32208,1
32209,1
32210,1
32211,1
32212,1
32213,1
32214,1
32215,1
32216,1
32217,0
32218,0
32219,1
32220,1
32221,1
32222,1
32223,1
32224,1
32225,1
32226,0
32227,0
32228,1
32229,1
32230,1
32231,1
32232,1
32233,1
32234,1
32235,0
32236,1
32237,1
32238,0
32239,1
32240,1
32241,1
32242,1
32243,0
32244,0
32245,1
32246,1
32247,1
32248,0
32249,0
32250,1
32251,1
32252,0
32253,1
32254,0
32255,1
32256,1
32257,0
32258,1
32259,0
32260,0
32261,0
32262,0
32263,0
32264,0
32265,0
32266,0
32267,0
32268,0
32269,0
32270,1
32271,0
32272,1
32273,0
32274,0
32275,0
32276,1
32277,1
32278,1
32279,0
32280,0
32281,0
32282,1
32283,0
32284,0
32285,0
32286,1
32287,1
32288,0
32289,1
32290,0
32291,1
32292,1
32293,1
32294,1
32295,1
32296,1
32297,1
32299,1
32300,1
32301,1
32302,1
32303,0
32304,0
32305,1
32306,0
32307,0
32308,0
32309,0
32310,0
32311,1
32312,1
32313,1
32314,0
32315,1
32316,0
32317,0
32318,1
32319,0
32320,1
32321,1
32322,1
32323,1
32324,1
32325,1
32326,1
32327,1
32328,1
32329,0
32330,0
32331,1
32332,0
32333,0
32334,0
32335,1
32336,0
32337,1
32338,1
32339,1
32340,1
32341,1
32342,0
32343,0
32344,0
32345,0
32346,1
32347,1
32348,0
32349,1
32350,1
32351,1
32352,0
32353,0
32354,0
32355,0
32356,1
32357,1
32358,0
32359,1
32360,0
32361,0
32362,1
32363,1
32364,1
32365,1
32366,0
32367,0
32368,0
32369,1
32370,1
32371,1
32373,1
32374,1
32375,1
32376,1
32377,1
32378,1
32379,1
32380,0
32381,0
32382,0
32383,1
32384,1
32385,1
32386,1
32387,0
32388,1
32389,1
32390,1
32391,1
32392,1
32393,1
32394,0
32395,0
32396,0
32397,0
32398,1
32399,1
32400,1
32401,1
32402,1
32403,0
32404,1
32405,1
32406,0
32407,1
32408,1
32409,0
32410,1
32411,1
32412,0
32413,1
32414,1
32415,0
32416,0
32417,0
32418,0
32419,0
32420,1
32421,1
32422,0
32423,1
32424,1
32425,0
32426,0
32427,1
32428,0
32429,0
32430,0
32431,1
32432,1
32433,1
32434,1
32435,1
32436,1
32437,1
32438,1
32439,1
32440,1
32441,1
32442,1
32443,1
32444,1
32445,1
32446,0
32447,0
32449,1
32450,1
32451,1
32452,1
32453,0
32454,1
32455,0
32456,1
32457,1
32458,1
32459,1
32460,1
32461,0
32462,1
32463,0
32464,1
32465,0
32466,1
32467,0
32468,0
32469,0
32470,0
32471,0
32472,0
32473,0
32474,1
32475,1
32476,0
32477,0
32478,0
32479,1
32480,1
32481,1
32482,1
32483,1
32484,0
32485,1
32486,1
32487,1
32488,1
32489,1
32490,0
32491,0
32492,0
32493,0
32494,0
32495,0
32496,1
32497,0
32499,1
32500,1
32501,1
32502,1
32503,0
32504,0
32506,0
32507,1
32508,0
32509,1
32511,0
32512,1
32513,0
32514,0
32515,1
32516,1
32517,0
32518,1
32519,0
32520,0
32521,1
32522,1
32523,1
32524,1
32525,1
32526,0
32527,1
32528,0
32529,0
32530,1
32531,0
32532,0
32533,1
32534,0
32535,0
32536,0
32537,1
32538,1
32539,0
32540,1
32541,0
32542,0
32543,0
32544,1
32545,0
32546,1
32547,1
32548,0
32549,0
32550,1
32551,0
32552,1
32553,0
32554,0
32555,0
32556,1
32557,1
32558,1
32559,1
32560,0
32561,1
32562,1
32563,1
32564,0
32565,0
32566,0
32567,0
32568,1
32569,0
32570,0
32571,0
32572,0
32573,0
32574,1
32575,1
32576,1
32577,1
32578,1
32579,1
32580,0
32581,0
32582,0
32583,1
32584,0
32585,0
32586,0
32587,0
32588,0
32589,0
32590,0
32591,0
32592,0
32593,1
32594,0
32595,1
32596,0
32597,0
32598,1
32599,0
32600,1
32601,1
32602,1
32603,1
32604,1
32605,1
32606,1
32607,1
32608,1
32609,1
32610,0
32611,0
32612,1
32613,0
32614,0
32615,1
32616,1
32617,1
32618,0
32619,0
32620,0
32621,0
32622,0
32623,1
32625,1
32626,1
32627,1
32628,1
32629,0
32630,1
32631,1
32632,1
32633,1
32634,1
32635,1
32636,1
32637,0
32638,0
32639,0
32640,0
32641,1
32642,1
32643,0
32644,0
32645,0
32646,0
32647,0
32648,1
32649,0
32650,0
32651,0
32652,0
32653,0
32654,1
32655,1
32656,1
32657,0
32658,0
32659,1
32660,1
32661,1
32662,0
32663,0
32664,0
32665,1
32666,0
32667,0
32668,0
32669,1
32670,1
32671,0
32672,0
32673,1
32674,1
32675,0
32676,1
32677,0
32678,0
32679,1
32680,0
32681,0
32682,1
32683,1
32684,0
32685,0
32686,1
32687,0
32688,0
32689,0
32690,0
32691,1
32692,1
32693,0
32694,1
32695,0
32696,1
32697,1
32698,0
32699,0
32700,0
32701,1
32702,1
32703,1
32704,1
32705,1
32706,0
32707,1
32708,1
32709,0
32710,1
32711,1
32712,1
32713,1
32714,1
32715,1
32716,1
32717,1
32718,1
32719,1
32720,1
32721,1
32722,1
32723,0
32724,0
32725,1
32726,0
32727,0
32728,0
32729,0
32730,0
32731,1
32732,0
32733,1
32734,1
32735,1
32736,0
32737,0
32738,0
32739,1
32740,1
32741,0
32742,1
32743,0
32744,0
32745,0
32746,1
32747,1
32748,1
32749,1
32750,0
32751,1
32755,0
32756,1
32757,0
32758,1
32759,1
32760,1
32761,0
32762,1
32763,1
32764,0
32765,1
32766,1
32767,0
32768,0
32769,0
32770,1
32771,0
32772,0
32773,1
32774,0
32776,1
32777,1
32778,0
32779,0
32780,0
32781,0
32782,1
32783,0
32784,0
32785,0
32786,0
32787,0
32788,0
32789,0
32790,0
32791,1
32792,1
32793,0
32794,1
32795,1
32796,1
32797,1
32798,0
32799,0
32800,1
32801,0
32802,1
32803,1
32804,0
32805,0
32806,1
32807,1
32808,1
32809,1
32810,1
32811,1
32812,0
32813,1
32814,1
32815,0
32816,0
32817,1
32818,0
32819,0
32820,0
32821,1
32822,0
32823,1
32824,1
32825,1
32826,1
32827,0
32828,0
32829,1
32830,1
32831,1
32832,1
32833,0
32834,0
32835,0
32836,0
32838,0
32839,1
32840,0
32841,1
32842,1
32843,1
32844,1
32845,0
32846,1
32847,1
32848,0
32849,1
32850,1
32851,0
32852,0
32853,0
32854,1
32855,1
32856,0
32857,1
32858,1
32859,1
32860,1
32861,0
32862,1
32863,1
32864,1
32865,1
32866,1
32867,0
32868,0
32869,0
32870,1
32871,0
32872,1
32873,1
32874,1
32875,1
32876,1
32877,1
32878,1
32879,0
32880,0
32881,0
32882,0
32883,0
32884,0
32885,1
32886,0
32887,1
32888,0
32889,1
32890,0
32891,0
32892,1
32893,0
32894,0
32895,0
32896,1
32897,1
32898,1
32899,1
32900,1
32901,1
32903,1
32904,1
32905,1
32906,1
32907,1
32908,1
32909,1
32910,1
32911,1
32912,1
32913,0
32914,0
32915,1
32916,1
32917,1
32918,1
32919,1
32920,0
32921,0
32922,1
32923,1
32924,1
32925,0
32926,1
32927,1
32928,1
32929,1
32930,1
32931,0
32932,0
32933,0
32934,1
32935,1
32936,1
32937,1
32938,0
32939,0
32940,0
32941,0
32942,0
32943,0
32944,0
32945,0
32946,0
32947,1
32948,0
32949,1
32950,1
32951,1
32952,1
32953,0
32954,1
32955,0
32956,1
32957,1
32958,1
32959,0
32960,1
32961,0
32962,1
32963,1
32964,0
32965,1
32966,1
32967,0
32968,0
32969,1
32970,1
32971,1
32972,1
32973,1
32974,0
32975,0
32976,0
32977,0
32978,1
32979,0
32980,0
32981,0
32982,0
32983,0
32984,0
32985,0
32986,1
32987,0
32988,0
32989,0
32990,0
32991,0
32992,1
32993,0
32994,0
32995,0
32996,1
32997,1
32998,1
32999,1
33000,0
33001,1
33002,1
33003,1
33004,1
33005,0
33006,0
33007,1
33008,1
33009,0
33010,1
33011,1
33012,0
33013,0
33014,0
33015,1
33016,1
33017,0
33018,0
33019,0
33020,0
33021,1
33022,1
33023,1
33024,1
33025,1
33026,1
33027,1
33028,1
33029,0
33030,0
33031,0
33032,0
33033,1
33034,1
33035,1
33037,1
33038,0
33039,0
33040,1
33041,1
33042,1
33043,1
33044,1
33045,1
33046,0
33047,1
33048,1
33049,0
33050,1
33051,0
33052,1
33053,0
33054,0
33055,1
33056,1
33057,0
33058,1
33059,0
33060,0
33061,0
33062,0
33063,1
33064,1
33065,0
33066,1
33067,0
33068,1
33069,0
33070,1
33071,0
33072,1
33073,1
33074,0
33075,0
33076,0
33077,0
33078,0
33079,1
33080,0
33081,0
33082,0
33083,1
33084,0
33085,1
33086,1
33087,0
33088,0
33089,0
33090,0
33091,1
33092,1
33093,1
33094,0
33095,0
33096,0
33097,0
33098,0
33099,0
33100,1
33101,1
33102,1
33103,0
33104,0
33105,1
33106,1
33107,0
33108,1
33109,1
33110,0
33111,0
33112,0
33113,1
33114,0
33115,1
33116,0
33117,0
33118,1
33119,1
33120,0
33121,1
33122,1
33123,1
33124,1
33125,1
33126,1
33127,0
33128,1
33129,0
33130,0
33131,1
33132,1
33133,1
33134,1
33135,1
33136,1
33137,1
33138,1
33139,0
33140,0
33141,0
33142,0
33143,1
33144,0
33145,0
33146,0
33147,1
33148,1
33149,0
33150,1
33151,1
33152,1
33153,0
33154,0
33155,1
33156,1
33157,1
33158,1
33159,0
33160,1
33161,0
33162,1
33163,1
33164,0
33165,0
33166,1
33167,0
33168,0
33169,0
33170,1
33171,0
33172,1
33173,1
33174,1
33175,1
33176,1
33177,0
33178,0
33179,1
33180,0
33181,0
33182,0
33183,1
33184,1
33185,0
33186,0
33187,0
33188,0
33189,1
33190,1
33191,1
33193,0
33194,1
33195,1
33196,1
33197,1
33198,1
33199,1
33200,1
33201,1
33202,1
33203,1
33204,1
33205,1
33206,0
33207,1
33208,0
33209,0
33210,0
33211,1
33212,0
33213,0
33214,0
33215,0
33216,1
33217,0
33218,1
33219,0
33220,0
33221,1
33222,0
33223,1
33224,1
33225,1
33226,1
33227,1
33228,1
33229,0
33230,1
33231,1
33232,1
33233,1
33234,1
33235,0
33236,1
33237,1
33238,1
33239,0
33240,1
33241,1
33242,1
33243,1
33244,1
33245,0
33246,1
33247,1
33248,1
33249,1
33250,1
33251,1
33252,0
33253,1
33254,0
33255,0
33256,0
33257,0
33258,0
33259,1
33260,1
33261,1
33262,1
33263,1
33264,1
33265,1
33266,1
33267,0
33268,0
33269,0
33270,1
33271,0
33272,0
33273,0
33274,1
33275,1
33276,0
33277,1
33278,0
33279,0
33280,0
33281,0
33282,0
33283,0
33284,0
33285,1
33286,0
33287,0
33288,0
33289,0
33290,0
33291,0
33292,1
33293,1
33294,1
33295,0
33296,1
33297,1
33298,0
33299,1
33300,1
33301,1
33302,1
33303,0
33304,0
33305,1
33306,1
33307,1
33308,1
33309,0
33310,0
33311,1
33312,0
33313,1
33314,0
33315,0
33316,0
33317,0
33318,1
33319,1
33320,0
33321,0
33322,0
33323,0
33324,1
33325,0
33326,1
33327,1
33328,1
33329,0
33330,1
33332,1
33333,1
33334,1
33335,1
33336,1
33337,1
33338,0
33339,0
33340,0
33341,1
33342,1
33343,1
33344,1
33345,1
33346,1
33347,1
33348,1
33349,0
33350,0
33351,1
33352,0
33353,0
33354,0
33355,0
33356,0
33357,1
33358,1
33359,1
33360,0
33361,0
33362,1
33363,0
33364,1
33365,0
33366,1
33367,0
33368,1
33369,1
33370,1
33371,0
33372,0
33373,1
33374,1
33375,1
33376,1
33377,1
33378,1
33379,1
33380,1
33381,0
33382,0
33383,1
33384,0
33385,1
33386,1
33387,1
33388,1
33389,0
33390,1
33391,0
33392,1
33394,1
33395,1
33396,1
33397,1
33398,1
33399,1
33400,1
33402,1
33403,1
33404,0
33405,1
33406,0
33407,0
33408,1
33409,0
33410,0
33411,0
33412,0
33413,0
33414,1
33415,0
33416,0
33417,0
33418,0
33419,0
33420,1
33421,1
33422,1
33423,1
33424,1
33425,1
33426,1
33427,1
33428,1
33429,1
33430,1
33431,1
33432,1
33433,1
33434,0
33435,0
33436,0
33437,0
33438,0
33439,0
33440,1
33441,0
33442,1
33443,0
33444,0
33445,1
33446,1
33447,1
33448,0
33450,1
33451,1
33452,1
33453,1
33454,0
33455,0
33456,1
33457,1
33458,1
33459,1
33460,1
33461,1
33462,0
33463,0
33464,0
33465,0
33466,1
33467,0
33468,0
33469,1
33470,1
33471,1
33472,1
33473,0
33474,1
33475,1
33476,1
33477,1
33478,1
33479,1
33480,0
33481,0
33482,0
33483,0
33484,0
33485,0
33486,0
33487,0
33488,0
33489,0
33490,0
33491,1
33492,0
33493,0
33494,1
33495,0
33496,1
33497,1
33498,0
33499,0
33500,0
33501,0
33502,0
33503,0
33504,0
33505,1
33506,1
33507,1
33508,1
33510,1
33511,0
33512,0
33513,1
33514,0
33515,1
33516,1
33517,1
33518,1
33519,1
33520,1
33521,1
33522,0
33523,1
33524,1
33525,0
33526,1
33527,0
33528,0
33529,0
33530,0
33531,0
33532,1
33533,1
33534,0
33535,1
33536,1
33537,0
33538,1
33539,1
33540,0
33541,0
33542,0
33543,1
33544,0
33545,1
33546,0
33547,0
33548,1
33549,0
33550,0
33551,1
33552,0
33553,0
33554,1
33555,1
33556,1
33557,1
33558,1
33559,1
33560,1
33561,1
33562,1
33563,0
33564,1
33566,1
33567,1
33568,1
33569,0
33570,0
33571,0
33572,1
33574,1
33575,1
33576,0
33577,0
33578,1
33579,0
33580,0
33581,0
33582,0
33583,0
33584,0
33585,0
33586,0
33587,1
33588,1
33589,0
33590,0
33591,0
33592,1
33593,1
33594,0
33595,0
33596,0
33597,0
33598,1
33599,0
33600,1
33601,1
33602,0
33604,1
33605,0
33606,1
33608,0
33609,0
33610,0
33611,0
33612,0
33613,0
33614,0
33615,0
33616,1
33617,0
33618,0
33619,1
33620,0
33621,1
33622,1
33623,0
33624,1
33625,0
33626,1
33627,1
33628,1
33629,1
33630,1
33631,1
33632,1
33633,1
33634,0
33635,0
33636,1
33637,0
33638,1
33639,1
33640,0
33641,0
33642,0
33643,1
33644,1
33645,0
33646,1
33647,0
33648,0
33649,0
33650,1
33651,1
33652,1
33653,1
33654,1
33655,1
33656,1
33657,1
33658,0
33659,0
33660,1
33661,0
33662,1
33663,0
33664,0
33665,0
33666,0
33667,1
33668,1
33669,0
33670,1
33671,1
33672,0
33673,0
33674,0
33675,0
33676,1
33677,0
33678,0
33679,1
33680,0
33681,1
33682,1
33683,1
33684,1
33685,0
33686,0
33687,0
33688,0
33689,1
33690,0
33691,1
33692,1
33693,0
33694,0
33695,0
33696,1
33697,0
33698,0
33699,0
33700,1
33701,0
33702,1
33703,1
33704,1
33705,1
33706,1
33707,0
33708,0
33709,0
33710,0
33711,1
33712,1
33713,1
33714,1
33715,0
33716,1
33717,1
33718,1
33719,1
33720,1
33721,1
33722,1
33723,1
33724,1
33725,1
33726,0
33727,0
33728,0
33729,1
33730,1
33731,0
33732,0
33733,1
33734,0
33735,0
33736,1
33737,0
33738,0
33739,0
33740,1
33741,1
33742,0
33743,0
33744,0
33746,0
33747,0
33748,0
33749,0
33750,0
33751,0
33752,1
33753,0
33754,1
33755,1
33756,1
33757,1
33759,0
33760,0
33761,0
33762,0
33763,0
33764,1
33765,1
33766,0
33767,0
33768,0
33769,1
33770,1
33771,0
33772,0
33773,0
33774,0
33775,0
33776,0
33777,0
33778,0
33779,0
33780,1
33781,1
33782,1
33783,1
33784,0
33785,0
33786,1
33787,1
33788,0
33789,0
33790,0
33791,0
33792,0
33793,1
33794,1
33795,1
33796,1
33797,0
33798,0
33799,1
33800,1
33801,1
33802,1
33803,0
33804,1
33805,0
33806,0
33807,0
33808,1
33809,0
33810,1
33811,1
33812,0
33813,0
33814,1
33815,0
33816,1
33817,0
33818,1
33819,1
33820,0
33821,1
33822,0
33823,0
33824,1
33825,0
33826,1
33827,1
33828,0
33829,0
33830,0
33831,1
33832,1
33833,1
33834,0
33835,1
33836,1
33837,1
33838,1
33839,1
33840,1
33841,1
33842,1
33843,0
33844,1
33845,0
33846,1
33847,1
33848,0
33849,0
33850,1
33851,1
33852,1
33853,0
33854,0
33855,1
33856,1
33857,1
33858,0
33859,0
33860,0
33861,1
33862,0
33863,0
33864,0
33865,1
33866,1
33867,0
33868,1
33869,0
33870,1
33871,1
33872,0
33873,1
33874,1
33875,1
33876,1
33877,1
33878,1
33879,1
33880,1
33881,1
33882,1
33883,0
33884,1
33885,1
33886,0
33887,0
33888,1
33889,0
33890,0
33892,1
33893,0
33894,0
33895,0
33896,0
33897,1
33898,0
33899,1
33900,0
33901,1
33902,1
33903,1
33904,0
33905,1
33906,1
33907,0
33908,0
33909,1
33910,0
33911,1
33912,0
33913,0
33914,1
33915,0
33916,1
33917,0
33918,0
33919,1
33920,1
33921,1
33922,1
33923,1
33924,1
33925,1
33926,1
33927,1
33928,1
33929,0
33930,1
33931,0
33932,0
33933,0
33934,0
33935,0
33936,0
33937,1
33938,1
33939,1
33940,1
33941,0
33942,1
33943,1
33944,0
33945,1
33946,1
33947,1
33948,1
33949,1
33950,1
33953,1
33954,1
33955,1
33956,1
33958,1
33959,1
33960,1
33961,1
33962,1
33963,1
33964,1
33965,1
33966,1
33967,1
33968,0
33969,1
33970,0
33971,0
33972,0
33973,0
33974,1
33975,0
33976,0
33977,0
33978,1
33979,1
33980,1
33981,1
33982,0
33983,1
33984,1
33985,0
33986,0
33987,0
33988,1
33989,0
33990,0
33991,1
33992,1
33993,1
33994,0
33995,0
33996,1
33997,0
33998,0
33999,0
34000,0
34001,0
34002,0
34003,1
34004,1
34005,0
34006,0
34007,0
34008,1
34009,0
34010,1
34011,0
34012,0
34013,1
34014,0
34015,0
34016,0
34017,1
34018,0
34019,1
34020,0
34021,1
34022,1
34023,0
34024,0
34025,1
34026,0
34027,0
34028,0
34029,1
34030,0
34031,1
34032,1
34033,0
34034,0
34036,1
34037,0
34038,1
34039,0
34040,0
34041,0
34042,0
34043,1
34044,1
34045,1
34046,0
34047,1
34048,1
34049,1
34050,1
34051,1
34052,0
34053,1
34054,0
34055,0
34056,1
34057,1
34058,1
34059,0
34060,0
34061,0
34062,1
34063,1
34064,1
34065,0
34066,0
34067,0
34068,0
34069,1
34070,1
34071,1
34072,0
34073,0
34074,1
34075,1
34076,0
34078,1
34079,1
34080,1
34081,1
34082,0
34083,0
34084,1
34085,0
34086,1
34087,1
34088,1
34089,0
34090,0
34091,0
34092,0
34093,1
34094,0
34095,0
34096,0
34097,1
34098,1
34099,0
34100,0
34101,0
34102,1
34103,1
34104,0
34105,0
34106,0
34107,0
34108,1
34109,0
34110,1
34111,1
34112,1
34113,0
34114,1
34115,1
34116,0
34117,1
34118,1
34119,1
34120,1
34121,1
34122,1
34123,1
34124,0
34125,1
34126,0
34127,1
34128,1
34129,1
34130,0
34131,0
34132,1
34133,1
34134,0
34135,0
34136,1
34137,0
34138,0
34139,0
34140,1
34141,1
34142,0
34143,1
34144,0
34145,1
34146,1
34147,1
34148,0
34149,1
34150,0
34151,1
34152,0
34153,0
34154,1
34155,1
34156,0
34157,1
34158,1
34159,1
34160,1
34161,1
34162,0
34163,0
34164,1
34165,1
34166,0
34167,0
34168,0
34169,1
34170,1
34171,1
34172,1
34173,1
34174,0
34175,1
34176,0
34177,0
34178,0
34179,0
34180,0
34181,0
34182,0
34183,0
34184,1
34185,1
34186,1
34187,0
34188,0
34189,0
34190,0
34191,0
34192,0
34193,0
34194,1
34195,1
34196,1
34197,0
34198,0
34199,1
34200,1
34202,1
34203,0
34204,1
34206,0
34207,1
34208,1
34209,1
34210,0
34211,1
34212,0
34213,0
34214,1
34216,1
34217,1
34218,1
34219,0
34220,0
34221,0
34222,0
34223,0
34224,0
34225,1
34226,0
34227,0
34228,0
34229,0
34230,1
34231,1
34232,1
34233,0
34234,1
34235,0
34236,1
34238,1
34239,0
34240,1
34241,1
34242,1
34243,0
34244,1
34245,1
34246,1
34247,1
34248,1
34249,1
34250,0
34251,0
34252,1
34253,0
34254,1
34255,0
34256,1
34257,0
34258,1
34259,0
34260,0
34261,1
34262,0
34263,1
34264,1
34265,0
34266,0
34267,0
34268,0
34269,0
34270,0
34271,0
34272,0
34273,1
34274,0
34275,0
34276,0
34277,0
34278,0
34279,0
34280,1
34281,1
34282,1
34283,1
34284,1
34285,0
34286,1
34287,0
34288,1
34289,1
34290,1
34291,1
34292,0
34293,0
34294,0
34295,0
34296,0
34297,1
34298,0
34299,1
34300,0
34301,0
34302,0
34303,1
34304,1
34305,0
34306,1
34307,1
34308,1
34309,0
34310,1
34311,0
34312,1
34313,1
34314,1
34315,0
34316,0
34317,0
34318,0
34319,0
34320,0
34321,1
34322,1
34323,1
34324,0
34325,1
34326,0
34327,0
34328,1
34329,1
34330,1
34331,0
34332,1
34333,0
34334,0
34335,0
34336,1
34337,1
34338,1
34339,0
34340,1
34341,1
34342,1
34343,1
34344,1
34345,1
34346,1
34347,1
34348,1
34349,0
34350,1
34351,0
34352,1
34353,0
34354,0
34355,1
34356,1
34357,1
34358,0
34359,0
34360,0
34361,1
34362,0
34363,0
34364,0
34365,0
34366,1
34367,1
34368,0
34370,1
34371,0
34372,0
34373,1
34374,1
34376,1
34377,1
34378,1
34379,1
34380,1
34381,1
34382,1
34383,1
34384,1
34385,1
34386,1
34387,0
34388,0
34389,1
34390,1
34391,0
34392,0
34393,1
34394,1
34395,0
34396,0
34397,0
34398,0
34399,1
34400,1
34401,1
34402,1
34403,1
34404,0
34405,1
34406,0
34407,1
34408,1
34409,1
34410,1
34411,1
34412,1
34413,0
34414,0
34415,0
34416,0
34417,0
34418,0
34419,0
34420,0
34421,0
34422,0
34423,0
34424,1
34425,0
34426,0
34427,1
34428,0
34429,0
34430,0
34431,1
34432,1
34433,1
34434,1
34435,1
34436,1
34437,1
34438,1
34439,1
34440,1
34441,1
34442,0
34443,0
34444,0
34445,0
34446,1
34447,1
34448,1
34449,1
34450,1
34451,0
34452,1
34453,1
34454,0
34455,0
34456,0
34457,0
34458,0
34459,1
34460,0
34461,1
34462,0
34463,0
34464,0
34465,0
34466,0
34467,1
34468,1
34469,1
34470,0
34471,0
34472,0
34473,1
34474,0
34475,0
34476,0
34477,0
34478,0
34479,1
34480,1
34481,1
34482,1
34483,1
34484,0
34485,1
34486,0
34487,0
34488,0
34489,0
34490,1
34491,1
34492,1
34493,0
34494,1
34495,1
34496,1
34497,0
34498,1
34499,1
34500,1
34501,1
34502,1
34503,1
34504,0
34505,0
34506,1
34507,1
34508,0
34509,0
34510,1
34511,1
34512,0
34513,0
34514,0
34515,1
34516,0
34517,1
34518,1
34520,0
34521,1
34522,0
34523,1
34524,1
34525,0
34526,0
34527,0
34528,0
34529,0
34530,0
34531,0
34532,0
34533,0
34534,1
34535,1
34536,0
34537,1
34538,0
34539,1
34540,0
34541,1
34542,1
34543,0
34544,0
34545,0
34546,1
34547,1
34548,0
34549,0
34550,0
34551,1
34552,1
34553,0
34554,1
34555,1
34556,1
34557,1
34558,0
34559,1
34560,1
34561,1
34562,1
34563,0
34564,0
34565,0
34566,1
34567,0
34568,1
34569,1
34570,0
34571,1
34572,0
34573,1
34574,0
34575,1
34576,0
34577,0
34578,1
34579,1
34580,1
34581,1
34582,1
34583,0
34584,0
34585,0
34586,1
34587,0
34588,0
34589,0
34590,0
34591,0
34592,0
34593,1
34594,1
34595,0
34596,1
34597,0
34598,0
34599,1
34600,1
34601,1
34603,1
34604,1
34605,1
34606,1
34607,1
34608,1
34609,1
34610,0
34611,0
34612,1
34613,1
34614,1
34615,0
34616,0
34617,1
34618,1
34619,0
34620,1
34621,0
34622,1
34623,1
34624,0
34625,1
34626,1
34627,1
34629,1
34630,1
34631,0
34632,1
34633,0
34634,0
34635,1
34636,0
34637,0
34638,0
34639,1
34640,0
34641,1
34642,0
34643,1
34644,0
34645,1
34646,0
34647,0
34648,0
34649,0
34650,0
34651,0
34652,1
34653,1
34654,1
34655,1
34656,1
34657,0
34658,0
34659,0
34660,1
34661,0
34662,0
34663,0
34664,1
34665,1
34666,1
34667,1
34668,1
34669,1
34670,0
34671,0
34672,0
34673,0
34674,1
34675,0
34676,0
34677,1
34678,1
34679,0
34680,1
34681,0
34682,1
34683,1
34684,1
34685,0
34686,1
34687,0
34688,0
34689,0
34690,0
34691,0
34692,0
34693,1
34694,0
34695,0
34696,0
34697,1
34698,1
34699,1
34700,0
34701,1
34702,0
34703,1
34704,1
34705,1
34706,0
34707,1
34708,0
34709,1
34710,0
34711,0
34712,0
34713,0
34714,0
34715,1
34716,1
34717,0
34718,0
34719,0
34720,1
34721,1
34722,1
34723,1
34724,1
34725,1
34726,0
34727,0
34728,0
34729,0
34730,0
34731,0
34732,1
34733,0
34734,1
34735,1
34736,1
34737,0
34738,1
34739,1
34740,1
34741,0
34742,0
34743,0
34744,0
34745,1
34746,0
34747,1
34748,1
34749,0
34750,0
34751,1
34752,0
34753,1
34754,1
34755,1
34756,0
34757,1
34758,0
34759,1
34760,0
34761,1
34762,1
34763,1
34764,1
34765,1
34766,0
34767,1
34769,1
34770,0
34771,1
34772,1
34773,1
34774,1
34775,1
34776,1
34777,1
34778,1
34779,1
34780,1
34781,1
34782,1
34783,1
34784,1
34785,0
34786,1
34787,0
34788,0
34789,0
34790,0
34791,1
34792,0
34793,0
34794,0
34795,0
34796,1
34797,0
34798,0
34799,0
34800,1
34801,0
34802,0
34803,0
34804,0
34805,0
34806,0
34807,0
34808,0
34809,0
34810,0
34811,0
34812,1
34813,1
34814,1
34815,1
34816,0
34817,1
34818,1
34819,1
34820,1
34821,1
34822,1
34823,1
34825,1
34826,1
34827,1
34828,1
34829,1
34830,1
34831,0
34832,0
34833,1
34834,0
34835,0
34836,1
34837,1
34838,1
34839,1
34840,0
34841,1
34842,0
34843,1
34844,1
34845,1
34846,1
34847,1
34848,0
34849,1
34850,0
34851,0
34852,0
34853,1
34854,0
34855,0
34856,0
34857,0
34858,1
34859,0
34860,0
34861,1
34862,0
34863,0
34864,0
34865,0
34866,1
34867,0
34868,1
34869,1
34870,1
34871,0
34873,0
34874,1
34875,0
34876,1
34877,0
34878,1
34879,1
34880,0
34881,1
34882,1
34883,1
34884,0
34885,0
34886,1
34887,1
34888,1
34889,1
34890,1
34891,1
34892,1
34893,0
34894,0
34895,1
34896,1
34897,0
34898,0
34899,1
34900,1
34901,1
34902,1
34903,1
34904,1
34905,0
34906,0
34907,1
34908,1
34909,0
34910,1
34911,1
34912,1
34913,0
34914,1
34915,1
34916,1
34917,1
34918,1
34919,0
34920,1
34921,0
34922,0
34923,0
34924,0
34925,0
34926,0
34927,0
34928,1
34929,0
34930,0
34931,1
34932,0
34933,0
34934,0
34935,0
34936,1
34937,1
34938,1
34939,1
34940,1
34941,1
34942,1
34943,1
34944,0
34945,1
34946,0
34947,0
34948,1
34949,1
34950,0
34951,1
34952,1
34953,1
34954,0
34955,0
34956,0
34957,0
34958,1
34959,0
34960,0
34961,0
34962,0
34963,0
34964,1
34965,1
34966,0
34967,1
34968,1
34969,1
34970,0
34971,1
34972,0
34973,1
34974,1
34975,0
34976,1
34977,0
34978,0
34979,0
34980,0
34981,0
34982,0
34983,0
34984,0
34985,0
34986,0
34987,0
34988,0
34989,1
34990,0
34991,1
34992,0
34993,0
34994,0
34995,0
34996,1
34997,1
34998,0
34999,0
35000,1
35001,0
35002,1
35003,1
35004,0
35005,0
35006,1
35007,1
35008,0
35009,1
35010,0
35011,0
35012,0
35013,0
35014,1
35015,1
35016,1
35017,1
35018,0
35019,0
35020,1
35021,0
35022,1
35023,1
35024,1
35025,1
35026,0
35027,0
35028,0
35029,1
35030,0
35031,0
35032,1
35033,1
35034,1
35035,0
35036,0
35037,0
35038,0
35039,0
35040,1
35041,1
35042,0
35043,0
35044,0
35045,0
35046,0
35047,0
35048,0
35049,1
35050,1
35051,1
35052,1
35053,0
35054,1
35055,1
35056,1
35057,0
35058,0
35059,0
35060,1
35061,1
35062,1
35063,0
35064,0
35065,0
35066,1
35067,0
35068,0
35069,1
35070,1
35071,0
35072,0
35073,1
35074,1
35075,1
35076,0
35077,1
35078,0
35079,0
35080,1
35081,0
35082,0
35083,0
35084,0
35085,1
35086,0
35087,0
35088,0
35089,1
35090,0
35091,1
35092,1
35093,0
35094,0
35095,1
35096,0
35097,1
35098,0
35099,1
35100,1
35101,1
35102,0
35103,1
35104,1
35105,1
35106,1
35107,1
35108,1
35109,1
35110,1
35111,1
35112,1
35113,1
35114,0
35115,0
35116,1
35117,0
35118,0
35119,0
35120,1
35121,0
35122,0
35123,0
35124,0
35125,0
35126,0
35127,0
35128,0
35129,1
35130,0
35131,1
35132,0
35133,0
35134,0
35136,1
35137,1
35138,1
35139,1
35140,0
35141,0
35142,1
35143,0
35144,0
35145,0
35146,1
35147,1
35148,1
35149,1
35150,0
35151,0
35152,0
35153,1
35154,1
35155,1
35156,0
35157,0
35158,1
35159,1
35160,1
35161,1
35162,1
35163,1
35164,1
35165,0
35166,1
35167,0
35168,0
35169,1
35170,1
35171,1
35172,1
35173,1
35174,1
35175,1
35176,0
35177,0
35178,0
35179,0
35180,0
35181,0
35182,0
35183,0
35184,0
35185,0
35186,1
35187,1
35188,1
35189,1
35190,1
35191,1
35192,0
35193,1
35194,0
35195,0
35196,0
35197,1
35198,0
35199,1
35200,1
35201,0
35202,0
35203,1
35204,1
35205,1
35206,1
35207,0
35208,0
35209,0
35210,1
35211,1
35212,1
35213,0
35214,1
35215,1
35216,0
35217,1
35218,1
35219,0
35220,0
35221,0
35222,1
35223,1
35224,0
35225,1
35226,0
35227,1
35228,1
35229,1
35230,1
35231,0
35232,0
35233,0
35234,1
35235,1
35236,0
35237,1
35238,0
35239,1
35240,1
35241,1
35242,1
35243,1
35244,1
35245,1
35246,1
35247,1
35248,1
35249,1
35250,1
35251,1
35252,1
35253,1
35254,1
35255,1
35256,1
35257,1
35258,1
35259,1
35260,1
35261,1
35262,0
35263,0
35264,0
35265,0
35266,1
35267,0
35268,0
35269,0
35270,1
35271,0
35272,0
35273,0
35274,0
35275,1
35276,1
35277,0
35278,1
35279,1
35280,1
35281,1
35282,0
35283,1
35284,0
35285,0
35286,1
35287,1
35288,0
35289,0
35290,0
35291,0
35292,0
35293,0
35294,1
35295,1
35296,1
35297,1
35298,0
35299,1
35300,0
35301,0
35302,0
35303,1
35304,1
35305,0
35306,1
35307,0
35308,0
35309,0
35310,0
35311,0
35312,1
35313,0
35314,1
35315,1
35316,1
35317,1
35318,1
35319,1
35320,1
35321,0
35322,1
35323,0
35324,1
35325,0
35326,0
35327,1
35328,1
35329,0
35330,1
35331,1
35332,1
35333,0
35334,0
35335,0
35336,1
35337,0
35338,1
35339,0
35340,0
35341,1
35342,0
35343,0
35344,0
35345,1
35347,1
35348,1
35349,1
35350,0
35351,1
35352,0
35353,1
35354,1
35355,1
35356,1
35357,0
35358,0
35359,0
35360,0
35361,1
35362,0
35363,0
35364,0
35365,0
35366,1
35367,1
35368,0
35369,1
35370,0
35371,1
35372,0
35373,0
35374,1
35375,0
35376,0
35377,1
35378,0
35379,1
35380,0
35381,1
35382,1
35383,1
35384,0
35385,0
35386,0
35387,0
35388,0
35389,1
35390,0
35391,0
35392,1
35393,1
35394,0
35395,1
35396,1
35397,0
35398,0
35399,0
35400,1
35401,1
35402,1
35403,0
35404,0
35405,1
35406,0
35407,0
35408,1
35409,1
35410,1
35411,0
35412,0
35413,1
35414,0
35415,1
35416,1
35417,0
35418,1
35419,0
35420,1
35421,0
35422,0
35423,0
35424,1
35425,1
35426,1
35427,1
35428,1
35429,1
35430,0
35431,0
35432,0
35433,0
35434,0
35435,1
35436,0
35437,0
35438,1
35439,1
35440,0
35441,0
35442,0
35443,0
35444,0
35445,1
35446,0
35447,1
35448,1
35449,0
35450,0
35451,0
35452,1
35453,1
35454,1
35455,1
35456,1
35458,1
35459,1
35461,1
35462,1
35463,0
35464,1
35465,0
35466,1
35467,0
35468,0
35469,0
35470,1
35471,1
35472,1
35473,0
35474,1
35475,1
35476,1
35477,0
35478,0
35479,0
35480,1
35481,1
35482,0
35483,0
35484,0
35485,0
35486,0
35487,0
35488,1
35489,1
35490,0
35491,0
35492,0
35493,0
35494,0
35495,0
35496,0
35497,1
35498,1
35499,0
35500,1
35501,1
35502,1
35504,1
35505,1
35506,1
35507,1
35508,0
35509,0
35510,1
35511,0
35512,0
35513,0
35514,0
35515,0
35516,1
35517,1
35518,0
35519,0
35520,1
35521,0
35522,0
35523,1
35524,0
35525,0
35526,0
35527,1
35528,0
35529,1
35530,0
35531,1
35532,1
35533,1
35534,1
35535,0
35536,1
35537,1
35538,1
35539,1
35540,1
35541,0
35542,1
35543,1
35544,1
35545,1
35546,1
35547,0
35548,1
35549,0
35550,0
35551,1
35552,1
35553,1
35554,0
35555,0
35556,0
35557,0
35558,0
35559,0
35560,0
35561,1
35562,1
35563,0
35564,1
35565,0
35566,1
35568,0
35569,0
35570,1
35571,1
35572,1
35573,1
35574,1
35575,1
35576,1
35577,1
35578,0
35580,1
35581,1
35582,1
35583,0
35584,1
35585,0
35586,1
35587,1
35588,1
35589,1
35590,1
35591,0
35592,1
35593,0
35594,1
35595,0
35597,1
35598,1
35599,1
35600,0
35601,0
35602,0
35603,0
35604,0
35605,0
35606,1
35607,1
35608,1
35609,1
35610,1
35611,0
35612,0
35613,1
35614,0
35615,1
35616,1
35617,0
35618,1
35619,1
35620,1
35621,1
35622,1
35623,1
35624,1
35625,1
35626,1
35627,1
35628,1
35629,0
35630,0
35631,1
35632,1
35633,0
35634,0
35635,0
35636,0
35637,1
35638,1
35639,1
35640,1
35641,0
35642,0
35643,1
35644,0
35645,1
35646,1
35647,1
35648,0
35649,1
35650,0
35651,0
35652,0
35653,0
35654,1
35655,0
35656,1
35657,0
35658,1
35659,0
35660,1
35661,1
35662,1
35663,1
35664,0
35665,1
35666,0
35667,1
35668,1
35669,1
35670,0
35671,1
35672,1
35673,0
35674,0
35675,0
35676,0
35677,0
35678,0
35679,0
35680,1
35681,0
35682,0
35683,0
35684,0
35685,1
35686,1
35687,1
35688,1
35689,1
35690,1
35691,1
35692,1
35693,1
35694,1
35695,1
35696,0
35697,1
35698,1
35699,1
35700,1
35701,0
35702,1
35703,0
35704,1
35705,1
35706,1
35707,1
35708,1
35709,1
35710,1
35711,0
35712,0
35713,1
35714,0
35715,1
35716,0
35717,1
35718,0
35719,0
35720,0
35721,0
35722,0
35723,0
35724,0
35725,0
35726,0
35727,0
35728,1
35729,0
35730,0
35731,0
35732,1
35733,1
35734,0
35736,1
35737,1
35738,1
35739,0
35740,1
35741,1
35742,1
35743,0
35744,1
35745,1
35746,1
35747,1
35748,1
35749,1
35750,1
35751,0
35752,0
35753,0
35754,0
35755,0
35756,0
35757,0
35758,0
35759,0
35760,0
35762,1
35763,1
35764,1
35765,1
35766,1
35767,0
35768,1
35769,0
35770,0
35771,1
35772,0
35773,0
35774,1
35775,1
35776,0
35777,1
35778,0
35779,0
35780,1
35781,0
35782,1
35783,1
35784,0
35785,1
35786,0
35787,0
35788,1
35789,0
35790,1
35791,0
35792,0
35793,0
35794,1
35795,1
35796,1
35797,1
35798,1
35799,0
35800,0
35801,0
35802,1
35804,1
35805,1
35806,1
35807,1
35808,0
35809,0
35810,1
35811,0
35812,1
35813,1
35814,0
35815,1
35816,1
35817,0
35818,0
35819,0
35821,0
35822,0
35823,0
35824,0
35825,0
35826,0
35827,1
35828,0
35829,0
35830,0
35831,0
35832,0
35833,0
35834,0
35835,0
35836,1
35837,1
35838,1
35839,1
35840,0
35841,0
35842,0
35844,0
35845,1
35846,0
35847,0
35848,0
35849,1
35850,1
35851,1
35852,0
35853,0
35854,0
35855,1
35856,0
35857,0
35858,0
35859,0
35860,1
35861,1
35862,0
35863,0
35864,0
35865,0
35866,0
35867,0
35868,0
35869,0
35870,0
35871,1
35872,0
35873,0
35874,0
35875,1
35876,0
35877,0
35878,1
35879,0
35880,1
35881,0
35882,1
35883,1
35884,1
35885,0
35886,1
35887,0
35888,1
35889,0
35890,0
35891,1
35892,1
35893,1
35894,0
35895,0
35896,0
35897,1
35898,0
35899,1
35900,0
35901,1
35902,1
35903,1
35904,0
35905,1
35906,0
35907,0
35908,0
35909,1
35910,0
35911,0
35912,1
35913,1
35914,1
35915,1
35916,1
35917,0
35918,1
35919,0
35920,1
35921,0
35922,1
35924,0
35925,1
35926,1
35927,0
35928,1
35929,1
35930,0
35931,1
35932,1
35933,0
35934,1
35935,1
35936,0
35937,1
35938,1
35939,1
35940,1
35941,1
35942,0
35943,1
35944,0
35945,0
35946,1
35947,0
35948,1
35949,0
35950,1
35951,1
35952,0
35953,1
35954,1
35955,0
35956,0
35957,0
35958,0
35959,0
35960,1
35961,1
35962,1
35963,1
35964,1
35965,1
35966,1
35967,0
35968,1
35969,1
35970,1
35971,1
35972,1
35973,1
35974,1
35975,1
35976,1
35977,0
35978,0
35979,0
35980,0
35981,0
35982,0
35983,0
35984,0
35985,0
35986,0
35987,0
35988,0
35989,1
35990,0
35991,0
35992,0
35993,0
35994,0
35995,1
35996,0
35998,1
35999,1
36000,1
36001,1
36002,1
36003,1
36004,1
36005,1
36006,0
36007,1
36008,0
36009,1
36010,1
36011,1
36012,1
36013,1
36014,0
36015,1
36016,1
36017,1
36018,0
36019,0
36020,1
36021,1
36022,0
36024,0
36025,0
36026,1
36027,0
36028,1
36029,1
36030,1
36031,1
36032,0
36033,0
36034,0
36035,1
36036,0
36038,0
36039,0
36040,0
36041,0
36042,1
36043,1
36044,1
36045,1
36046,0
36047,0
36048,0
36049,0
36050,0
36051,1
36052,1
36053,1
36054,0
36055,0
36056,0
36057,1
36058,1
36059,1
36060,1
36061,1
36062,0
36063,0
36064,0
36065,1
36066,1
36067,0
36068,0
36069,0
36070,0
36071,0
36072,1
36073,0
36074,1
36075,0
36076,1
36077,1
36078,0
36079,1
36080,1
36081,1
36082,1
36083,1
36084,0
36085,0
36086,0
36087,1
36088,1
36089,0
36090,0
36091,0
36092,0
36093,0
36094,0
36095,0
36096,0
36097,0
36098,1
36099,1
36100,0
36101,1
36102,0
36103,0
36104,1
36105,0
36106,0
36107,1
36108,0
36109,0
36110,1
36111,1
36112,1
36113,1
36114,1
36115,1
36116,1
36117,1
36118,1
36119,1
36120,1
36121,1
36122,1
36123,1
36124,1
36125,1
36126,1
36127,0
36128,0
36129,0
36130,0
36131,0
36132,0
36133,0
36134,0
36135,0
36136,0
36137,1
36138,1
36139,0
36140,0
36141,0
36142,1
36143,1
36144,1
36145,1
36146,1
36147,1
36148,1
36149,1
36150,1
36151,1
36152,1
36153,1
36154,1
36155,1
36156,1
36157,1
36158,1
36159,1
36160,1
36161,1
36162,1
36163,0
36164,0
36165,0
36166,0
36167,1
36168,0
36169,1
36170,1
36171,0
36172,0
36173,1
36174,1
36175,1
36176,0
36177,1
36178,1
36179,1
36180,1
36181,0
36182,0
36183,1
36184,0
36185,1
36186,1
36187,0
36188,0
36189,1
36190,0
36191,0
36192,0
36193,0
36194,0
36195,0
36196,0
36197,0
36198,0
36199,0
36200,1
36201,1
36202,0
36203,1
36205,1
36206,1
36207,1
36208,1
36209,1
36210,0
36211,0
36212,1
36213,0
36214,0
36215,1
36216,1
36217,1
36218,1
36219,0
36220,1
36221,0
36222,1
36223,0
36224,0
36225,1
36226,1
36227,0
36228,0
36229,0
36230,0
36231,1
36232,0
36233,1
36234,0
36235,0
36236,1
36237,1
36238,1
36239,1
36240,1
36241,0
36242,1
36243,0
36244,1
36245,1
36246,1
36247,0
36248,1
36249,1
36250,1
36251,0
36252,1
36253,1
36254,0
36255,0
36256,1
36257,0
36258,0
36259,1
36260,0
36261,0
36262,0
36263,0
36264,0
36265,0
36266,0
36267,0
36268,0
36269,1
36270,0
36271,0
36272,1
36273,0
36274,1
36275,0
36276,0
36277,0
36278,0
36279,0
36280,1
36281,0
36282,0
36283,0
36284,1
36285,0
36286,0
36287,0
36288,0
36289,1
36290,1
36291,0
36292,0
36293,0
36294,1
36295,1
36296,1
36297,1
36298,0
36299,1
36300,0
36301,1
36302,1
36303,1
36304,0
36305,0
36306,0
36307,0
36308,0
36309,0
36310,1
36311,1
36312,1
36313,0
36314,1
36315,0
36316,1
36317,1
36318,0
36319,0
36320,0
36321,0
36322,1
36323,1
36324,0
36325,1
36326,0
36327,0
36328,0
36329,0
36330,0
36331,0
36332,1
36333,1
36334,1
36335,0
36336,0
36337,0
36338,0
36339,0
36340,1
36341,0
36342,0
36343,1
36344,1
36346,1
36347,1
36348,0
36349,1
36350,1
36351,1
36352,1
36353,1
36354,0
36355,0
36356,1
36357,0
36358,1
36359,0
36360,0
36361,0
36362,1
36363,1
36364,1
36365,1
36366,1
36367,0
36368,1
36369,0
36370,0
36372,1
36373,1
36374,1
36375,0
36376,1
36377,1
36378,1
36379,1
36380,1
36381,1
36382,1
36383,1
36384,0
36385,1
36386,0
36387,1
36388,1
36389,0
36390,1
36391,0
36392,1
36393,0
36394,0
36395,0
36396,0
36397,0
36398,0
36399,1
36400,1
36401,0
36402,0
36403,1
36404,0
36405,1
36406,1
36407,0
36408,1
36409,1
36410,1
36411,1
36412,1
36413,1
36414,0
36415,0
36416,1
36417,0
36418,1
36419,1
36420,0
36421,0
36422,0
36423,0
36424,0
36425,1
36426,1
36427,1
36428,0
36429,1
36430,1
36431,1
36432,1
36433,1
36434,1
36435,1
36436,1
36437,0
36438,0
36439,0
36440,0
36441,0
36442,1
36443,1
36444,0
36445,0
36446,0
36447,0
36448,0
36449,0
36450,1
36451,1
36452,0
36453,0
36454,0
36455,0
36456,0
36457,1
36458,0
36459,1
36460,0
36461,0
36462,1
36463,1
36464,1
36465,1
36466,0
36467,0
36468,0
36469,0
36470,0
36471,1
36472,0
36473,0
36474,0
36475,0
36476,0
36477,1
36478,1
36479,1
36480,1
36481,1
36482,0
36483,1
36484,0
36485,1
36486,0
36487,1
36488,0
36489,1
36490,0
36491,0
36492,0
36493,1
36494,1
36495,0
36496,0
36497,1
36498,1
36499,0
36500,0
36501,1
36502,0
36503,1
36504,1
36505,1
36506,0
36507,1
36508,1
36509,0
36510,0
36511,0
36512,0
36513,0
36514,0
36515,1
36517,1
36518,1
36519,1
36520,1
36521,1
36522,1
36523,1
36524,1
36525,1
36526,1
36527,1
36528,1
36529,1
36530,1
36531,1
36532,1
36533,1
36534,0
36535,1
36536,0
36537,0
36538,0
36539,0
36540,1
36541,1
36542,1
36543,1
36544,1
36545,1
36546,1
36547,1
36548,0
36549,0
36550,0
36551,1
36552,1
36553,1
36554,0
36555,1
36556,1
36557,0
36558,1
36560,1
36561,1
36562,1
36564,1
36565,0
36566,1
36567,1
36568,0
36569,0
36570,0
36571,1
36572,0
36573,0
36574,0
36575,0
36576,0
36577,1
36578,0
36579,1
36580,1
36581,1
36582,1
36583,1
36584,1
36585,1
36586,0
36587,1
36588,0
36589,0
36590,0
36591,0
36592,0
36593,0
36594,0
36595,1
36596,1
36597,0
36599,0
36600,0
36601,0
36603,1
36604,1
36605,0
36606,1
36607,1
36608,0
36609,1
36610,1
36611,0
36612,1
36613,0
36614,1
36615,1
36616,1
36617,1
36618,1
36619,0
36621,1
36622,0
36623,0
36624,1
36625,0
36626,1
36627,0
36628,0
36629,1
36630,1
36631,1
36632,1
36633,0
36634,1
36635,1
36636,1
36637,0
36638,1
36639,0
36640,1
36641,1
36642,0
36643,0
36644,1
36645,0
36646,1
36647,0
36648,0
36649,1
36650,1
36651,1
36652,0
36653,0
36654,1
36655,0
36656,1
36657,1
36658,0
36659,0
36660,1
36661,0
36662,1
36663,0
36664,0
36665,0
36666,0
36667,1
36668,1
36669,1
36670,0
36671,1
36672,1
36673,1
36674,1
36675,1
36676,1
36677,1
36678,0
36679,0
36680,0
36681,0
36682,0
36683,0
36684,1
36685,1
36686,0
36687,0
36688,1
36689,0
36690,0
36691,1
36692,0
36693,1
36694,0
36695,0
36696,0
36697,0
36698,0
36699,0
36700,1
36701,1
36702,1
36703,1
36704,0
36705,0
36706,1
36707,1
36708,1
36709,1
36710,1
36711,0
36712,1
36713,0
36714,1
36715,0
36716,1
36717,1
36718,1
36719,1
36720,0
36721,0
36722,1
36723,0
36724,1
36725,0
36726,1
36727,1
36728,1
36729,1
36730,0
36731,1
36732,1
36733,1
36734,1
36735,1
36736,1
36737,1
36738,1
36739,0
36740,0
36741,0
36742,1
36743,1
36744,1
36745,0
36746,0
36747,0
36748,1
36749,0
36750,1
36751,0
36753,0
36756,1
36757,1
36758,1
36759,1
36760,1
36761,1
36762,1
36763,1
36764,0
36765,0
36766,0
36767,0
36768,1
36769,1
36770,0
36771,0
36772,0
36773,0
36774,0
36775,0
36776,0
36777,0
36778,1
36779,1
36780,1
36781,1
36782,1
36783,1
36784,0
36785,1
36786,1
36787,1
36788,1
36789,1
36790,1
36791,1
36792,1
36793,1
36794,1
36795,0
36796,0
36797,0
36798,1
36799,1
36800,0
36801,0
36802,0
36803,0
36804,1
36805,1
36807,1
36808,1
36809,1
36810,1
36811,1
36812,1
36813,0
36814,0
36815,1
36816,0
36817,1
36818,1
36819,0
36820,0
36821,1
36822,1
36823,1
36824,0
36825,1
36826,1
36827,0
36828,1
36829,1
36830,0
36831,0
36832,1
36833,0
36834,1
36835,1
36836,1
36837,1
36838,1
36839,1
36840,1
36841,1
36843,0
36844,1
36845,1
36846,0
36847,1
36848,0
36849,1
36850,0
36851,0
36852,1
36853,1
36854,0
36855,0
36856,0
36857,1
36858,1
36859,0
36860,0
36861,1
36862,1
36863,1
36864,1
36865,1
36866,0
36868,1
36869,0
36870,0
36871,0
36872,0
36873,1
36874,1
36875,1
36876,0
36877,1
36878,0
36879,0
36880,1
36881,1
36882,1
36883,1
36884,1
36885,0
36886,1
36887,1
36888,0
36889,0
36890,1
36891,1
36892,0
36893,0
36894,0
36895,0
36896,0
36897,0
36898,0
36899,0
36900,1
36901,1
36902,0
36903,0
36904,0
36905,1
36906,1
36908,0
36909,0
36910,1
36911,1
36912,1
36913,1
36914,1
36915,1
36916,1
36917,1
36918,1
36919,0
36920,1
36921,1
36923,1
36924,1
36925,1
36926,1
36927,1
36928,0
36929,1
36930,0
36931,0
36932,1
36933,1
36934,1
36935,1
36936,1
36937,0
36938,0
36939,0
36940,0
36941,0
36942,0
36943,1
36944,1
36945,0
36946,0
36947,0
36948,0
36949,0
36950,1
36951,0
36952,1
36953,1
36954,1
36955,0
36956,0
36957,0
36958,0
36959,1
36960,1
36961,0
36962,1
36963,0
36964,1
36965,0
36967,1
36968,0
36969,0
36970,0
36971,1
36972,1
36973,1
36974,1
36975,1
36976,0
36977,0
36978,0
36979,0
36980,1
36981,1
36982,0
36983,0
36984,0
36985,0
36986,1
36987,1
36988,1
36989,1
36990,1
36991,0
36992,1
36993,1
36994,1
36995,1
36996,1
36997,1
36998,0
36999,0
37000,0
37001,0
37002,1
37003,1
37004,0
37005,0
37006,1
37007,1
37008,1
37009,1
37010,0
37011,1
37012,1
37013,0
37014,1
37015,1
37016,1
37017,0
37018,1
37019,0
37020,0
37021,0
37022,0
37023,0
37024,1
37025,1
37026,1
37027,1
37028,1
37029,1
37030,0
37031,1
37032,1
37033,1
37034,0
37035,0
37036,1
37037,1
37038,1
37039,1
37040,1
37041,0
37042,1
37044,1
37045,1
37046,1
37047,1
37048,0
37049,1
37050,1
37051,0
37052,0
37053,0
37054,0
37055,0
37056,1
37057,0
37058,0
37059,1
37060,1
37061,1
37062,0
37063,1
37064,1
37065,1
37066,1
37067,1
37068,1
37069,1
37070,1
37071,0
37072,1
37073,1
37074,1
37075,0
37076,1
37077,0
37078,1
37079,0
37080,1
37081,1
37082,0
37083,1
37084,1
37085,1
37086,0
37087,0
37088,1
37089,0
37090,1
37091,1
37092,1
37093,0
37094,1
37095,1
37096,1
37097,1
37098,1
37099,1
37100,1
37101,0
37102,0
37103,0
37104,0
37105,0
37106,1
37107,0
37108,0
37109,0
37110,0
37111,1
37112,1
37113,0
37114,0
37115,1
37116,1
37117,1
37118,1
37119,1
37120,1
37121,1
37122,1
37123,1
37124,1
37125,1
37126,1
37127,1
37128,0
37129,1
37130,1
37131,1
37132,0
37133,1
37134,0
37135,1
37136,0
37137,1
37138,1
37139,0
37140,0
37141,0
37142,1
37143,1
37144,0
37145,1
37146,0
37147,0
37148,1
37149,1
37150,1
37151,0
37152,1
37153,1
37155,1
37156,1
37157,1
37158,1
37159,1
37160,1
37161,1
37162,0
37163,0
37164,0
37165,0
37166,1
37167,0
37168,0
37169,0
37170,1
37171,1
37172,1
37173,1
37174,1
37175,1
37176,0
37177,1
37178,1
37179,1
37180,1
37181,1
37182,1
37183,0
37184,1
37185,1
37186,1
37187,1
37188,1
37189,0
37190,0
37191,0
37192,0
37193,1
37194,0
37195,0
37196,1
37197,1
37198,1
37199,1
37200,1
37201,0
37203,1
37204,0
37205,1
37206,0
37207,1
37208,0
37209,0
37210,1
37211,0
37212,1
37213,1
37214,0
37215,0
37216,1
37217,0
37218,1
37219,1
37220,0
37221,0
37222,0
37223,0
37224,0
37225,0
37226,0
37227,1
37228,1
37229,0
37230,0
37231,1
37232,1
37233,1
37234,0
37235,1
37236,1
37237,1
37238,0
37239,1
37240,0
37241,1
37242,0
37243,0
37244,0
37245,1
37246,1
37247,1
37248,1
37249,1
37250,1
37251,1
37252,0
37253,0
37254,0
37255,1
37256,1
37257,0
37258,0
37259,0
37260,1
37261,1
37262,1
37263,0
37264,1
37265,0
37266,1
37267,0
37268,0
37269,0
37270,0
37271,0
37272,1
37273,0
37274,0
37275,0
37276,1
37277,0
37278,0
37279,0
37280,1
37281,1
37282,1
37283,0
37284,0
37285,1
37286,1
37287,0
37288,0
37289,0
37290,0
37291,0
37292,0
37293,1
37294,1
37295,1
37296,1
37297,1
37298,0
37299,1
37300,0
37301,0
37302,1
37303,1
37304,1
37305,1
37306,0
37307,0
37308,0
37309,1
37310,0
37311,0
37312,0
37313,0
37314,0
37315,0
37316,0
37317,0
37318,1
37319,0
37320,1
37321,1
37325,1
37326,1
37327,1
37328,1
37329,1
37330,1
37331,0
37332,1
37334,0
37335,0
37336,0
37337,1
37338,1
37339,1
37340,1
37341,1
37342,0
37343,1
37344,1
37345,0
37346,1
37347,1
37348,0
37349,1
37350,0
37351,0
37352,0
37353,1
37354,0
37355,1
37356,0
37357,0
37358,1
37359,0
37360,0
37361,0
37362,1
37363,0
37364,0
37365,0
37366,1
37367,1
37368,0
37369,1
37370,1
37371,0
37372,1
37373,0
37374,0
37375,0
37376,1
37377,0
37378,0
37379,1
37380,1
37381,1
37382,0
37383,0
37384,0
37385,0
37386,1
37387,0
37388,1
37389,0
37390,1
37391,1
37392,1
37393,1
37394,1
37395,1
37396,0
37397,1
37398,1
37399,1
37400,1
37401,1
37402,1
37403,1
37404,0
37405,0
37406,1
37407,1
37408,1
37409,1
37410,0
37411,0
37412,1
37413,1
37414,0
37415,1
37416,1
37417,0
37418,0
37419,0
37420,0
37421,0
37422,0
37423,1
37424,1
37425,1
37426,0
37427,1
37428,1
37429,0
37430,1
37431,1
37432,1
37433,1
37434,1
37435,0
37436,1
37437,0
37438,0
37439,1
37440,1
37441,1
37442,0
37443,0
37444,0
37445,0
37446,0
37447,0
37448,1
37449,0
37450,0
37451,0
37452,0
37453,1
37454,1
37455,1
37456,0
37457,0
37458,0
37459,1
37460,0
37461,0
37462,0
37463,0
37464,0
37465,0
37466,0
37467,1
37468,1
37469,0
37470,0
37471,0
37472,1
37473,1
37474,0
37475,1
37476,0
37477,0
37478,0
37480,1
37482,1
37483,1
37484,0
37485,0
37486,1
37487,0
37488,1
37489,0
37490,0
37491,0
37492,1
37493,0
37495,1
37496,1
37497,1
37498,0
37499,0
37500,1
37501,1
37503,1
37504,1
37505,1
37506,1
37507,1
37508,1
37509,1
37510,1
37511,0
37512,1
37513,1
37514,1
37515,0
37516,0
37517,1
37518,0
37519,1
37520,1
37521,1
37522,1
37523,1
37524,1
37525,1
37526,1
37527,0
37528,1
37529,1
37530,1
37533,1
37534,1
37535,1
37536,1
37537,1
37538,1
37539,1
37540,1
37541,1
37542,1
37543,0
37544,0
37545,0
37546,1
37547,1
37548,1
37549,0
37550,1
37551,0
37552,0
37553,1
37554,1
37555,0
37556,0
37557,1
37558,0
37559,0
37560,0
37561,0
37562,1
37563,1
37564,0
37565,0
37566,0
37567,0
37568,0
37569,0
37570,0
37571,0
37572,1
37573,0
37574,1
37575,1
37576,1
37577,0
37578,1
37579,1
37580,0
37581,1
37582,0
37583,1
37584,1
37585,1
37586,0
37587,0
37588,1
37589,0
37590,0
37591,0
37592,0
37593,0
37594,0
37595,0
37596,0
37597,1
37598,0
37599,0
37601,0
37602,0
37603,1
37604,0
37605,1
37606,0
37607,1
37608,0
37609,1
37610,0
37611,1
37612,0
37613,1
37614,0
37615,0
37616,1
37617,0
37619,1
37620,0
37621,0
37622,0
37623,0
37624,0
37625,1
37626,1
37627,1
37628,1
37629,1
37630,1
37631,1
37632,0
37634,0
37635,0
37636,0
37637,0
37638,0
37639,0
37640,0
37641,0
37642,0
37643,1
37644,1
37648,1
37649,1
37650,0
37651,1
37652,0
37653,1
37654,0
37655,1
37656,1
37657,1
37658,1
37659,0
37661,0
37662,0
37663,0
37665,0
37666,1
37667,1
37668,1
37669,1
37670,1
37671,0
37672,1
37673,1
37674,1
37675,1
37676,0
37677,0
37678,0
37679,0
37680,0
37681,0
37682,0
37683,0
37684,0
37685,0
37686,0
37687,0
37688,0
37689,1
37690,1
37691,1
37693,0
37694,0
37695,0
37696,0
37697,1
37698,1
37699,1
37701,0
37702,1
37703,1
37704,0
37705,1
37706,0
37707,1
37708,0
37709,0
37710,0
37711,0
37712,0
37713,0
37714,1
37715,1
37716,0
37717,0
37718,0
37720,1
37721,0
37722,0
37723,0
37724,0
37725,0
37726,0
37727,1
37729,1
37730,1
37731,1
37732,1
37733,1
37734,1
37735,1
37736,0
37737,1
37738,0
37739,0
37740,1
37741,0
37742,0
37744,1
37745,1
37746,0
37747,0
37748,0
37749,1
37750,1
37751,0
37752,1
37753,0
37754,1
37755,0
37756,0
37757,0
37758,0
37759,0
37760,0
37761,0
37762,1
37763,1
37764,0
37766,1
37767,0
37768,0
37769,1
37770,0
37771,0
37772,1
37773,1
37774,0
37775,1
37776,1
37777,1
37778,0
37779,0
37780,0
37781,1
37782,0
37783,0
37784,1
37785,1
37786,0
37787,1
37788,1
37789,0
37790,0
37792,1
37793,1
37794,1
37795,1
37796,0
37797,0
37798,0
37799,1
37800,1
37801,1
37802,1
37803,0
37804,1
37805,1
37806,1
37807,1
37808,0
37809,0
37810,0
37811,0
37812,0
37813,0
37814,1
37815,1
37816,1
37817,1
37818,1
37819,1
37820,1
37821,1
37822,1
37823,1
37824,1
37825,1
37826,1
37827,0
37828,1
37829,1
37833,1
37834,1
37835,1
37836,1
37837,0
37838,0
37839,1
37840,0
37841,0
37842,0
37843,0
37844,0
37845,0
37846,0
37847,0
37848,1
37849,1
37850,0
37851,1
37852,0
37853,0
37854,0
37856,1
37857,0
37858,0
37859,0
37860,0
37861,0
37862,0
37863,1
37864,0
37865,0
37866,0
37867,1
37868,1
37869,0
37870,0
37871,1
37872,0
37873,0
37874,1
37875,0
37876,0
37877,0
37878,0
37879,1
37880,0
37881,0
37882,0
37883,0
37884,0
37885,0
37886,0
37887,1
37888,1
37889,0
37890,0
37891,0
37892,0
37893,1
37894,1
37897,0
37898,0
37899,0
37900,0
37901,0
37902,0
37903,0
37904,0
37905,0
37906,1
37907,1
37908,0
37909,0
37910,0
37911,0
37912,0
37913,0
37914,0
37915,1
37916,0
37917,1
37918,1
37919,0
37920,0
37921,0
37922,0
37923,0
37925,1
37926,1
37927,0
37928,0
37929,0
37930,0
37931,0
37932,0
37933,0
37935,0
37936,0
37937,1
37938,1
37939,0
37940,1
37941,0
37942,1
37943,1
37944,0
37945,0
37946,0
37947,0
37948,0
37949,0
37950,0
37951,0
37952,1
37953,0
37954,0
37955,0
37956,1
37957,0
37958,0
37959,0
37960,0
37961,1
37962,1
37963,1
37964,0
37965,1
37966,0
37967,1
37968,1
37969,1
37970,1
37971,1
37972,1
37973,1
37974,1
37975,1
37976,1
37977,1
37978,1
37979,1
37980,1
37981,1
37982,0
37983,1
37984,1
37985,0
37986,0
37987,0
37988,0
37989,0
37990,0
37991,0
37992,0
37993,0
37994,0
37995,0
37996,0
37997,0
37998,0
37999,1
38000,0
38001,0
38002,0
38003,0
38004,0
38005,0
38006,0
38007,0
38008,0
38009,0
38010,0
38011,0
38012,1
38013,1
38014,0
38015,0
38016,0
38017,0
38018,0
38019,0
38020,0
38021,0
38022,0
38023,0
38025,1
38026,0
38027,1
38028,1
38029,1
38030,1
38031,1
38032,0
38033,0
38034,0
38035,0
38036,1
38037,1
38038,1
38039,0
38040,0
38041,1
38042,0
38043,1
38044,0
38045,0
38046,0
38047,0
38048,1
38049,1
38050,1
38051,1
38052,0
38053,0
38054,0
38055,1
38056,1
38057,0
38058,0
38059,0
38060,0
38061,1
38062,0
38063,0
38064,1
38065,0
38066,0
38067,1
38068,1
38069,0
38070,1
38071,1
38072,1
38073,0
38074,1
38075,0
38076,1
38077,1
38078,0
38079,1
38080,0
38081,0
38082,0
38083,0
38084,0
38085,0
38087,1
38088,1
38089,1
38090,1
38091,1
38092,0
38093,0
38094,0
38095,0
38097,1
38098,1
38099,0
38100,0
38101,0
38102,1
38103,0
38104,1
38106,1
38107,0
38108,1
38109,1
38110,0
38111,1
38112,1
38113,1
38114,0
38115,0
38116,0
38117,0
38118,0
38119,0
38120,0
38121,0
38122,0
38124,0
38125,0
38126,0
38127,0
38128,0
38129,1
38130,1
38131,1
38132,1
38133,1
38134,0
38135,0
38136,0
38137,1
38138,1
38139,1
38140,1
38141,0
38142,0
38143,0
38144,1
38145,1
38146,1
38148,0
38149,1
38150,1
38151,1
38152,1
38153,0
38154,0
38155,0
38156,1
38157,0
38158,1
38159,0
38160,0
38161,1
38163,0
38164,1
38165,0
38166,1
38167,1
38168,0
38170,0
38171,0
38172,0
38173,0
38174,0
38175,0
38176,0
38177,0
38178,0
38179,1
38181,1
38182,0
38183,0
38184,0
38185,0
38186,0
38187,1
38188,1
38189,0
38190,1
38191,1
38192,0
38193,0
38194,0
38195,0
38196,0
38197,0
38199,0
38200,0
38201,0
38202,1
38203,0
38204,0
38205,0
38206,0
38207,0
38208,0
38209,0
38210,0
38211,0
38212,1
38213,1
38214,0
38215,0
38216,0
38217,0
38218,0
38219,0
38220,0
38222,0
38223,0
38224,0
38225,0
38226,0
38227,0
38228,0
38229,1
38230,0
38231,1
38232,0
38233,1
38234,1
38235,0
38236,1
38237,0
38238,0
38239,0
38240,1
38241,1
38242,1
38243,1
38244,0
38245,0
38246,0
38247,0
38248,0
38249,1
38250,1
38251,1
38252,1
38253,1
38254,0
38255,0
38256,1
38257,1
38258,0
38259,1
38260,1
38261,1
38262,1
38263,1
38264,1
38265,1
38266,0
38269,0
38270,1
38271,0
38272,1
38273,1
38274,1
38275,0
38276,0
38277,1
38278,1
38279,1
38280,1
38281,1
38282,0
38283,0
38284,0
38285,0
38286,1
38287,0
38288,0
38289,1
38290,0
38291,0
38292,0
38293,0
38294,0
38295,0
38296,0
38297,0
38298,0
38299,1
38300,1
38301,0
38302,1
38303,1
38304,1
38305,1
38306,1
38307,1
38308,1
38309,1
38310,1
38311,0
38312,0
38313,0
38314,0
38315,0
38316,0
38317,0
38318,1
38319,0
38320,0
38321,0
38322,0
38323,0
38324,1
38325,0
38326,0
38327,0
38328,0
38329,0
38330,0
38331,0
38332,0
38333,1
38334,1
38335,0
38336,1
38338,0
38339,0
38340,0
38341,0
38342,0
38343,0
38344,0
38345,0
38346,0
38347,0
38348,0
38349,0
38350,0
38351,0
38352,1
38353,1
38354,1
38355,0
38356,1
38357,0
38358,1
38359,0
38360,1
38361,1
38362,1
38363,0
38364,1
38365,1
38366,0
38367,0
38368,0
38369,1
38370,0
38371,0
38372,0
38373,1
38374,1
38375,1
38376,1
38377,0
38378,1
38379,0
38380,1
38381,0
38382,1
38383,1
38384,1
38385,0
38386,0
38387,0
38388,0
38389,0
38390,0
38391,0
38392,0
38393,1
38394,0
38395,1
38396,0
38397,0
38398,1
38399,1
38400,1
38401,1
38402,0
38403,0
38404,0
38405,1
38406,0
38407,0
38408,0
38409,1
38410,0
38411,0
38413,0
38414,0
38415,1
38416,1
38417,1
38418,0
38419,1
38420,0
38421,0
38422,1
38423,0
38424,1
38425,1
38426,0
38427,1
38428,0
38429,1
38430,1
38431,1
38432,1
38433,1
38434,1
38435,1
38436,1
38437,1
38438,0
38439,0
38440,0
38441,1
38442,1
38443,0
38444,0
38445,1
38446,0
38447,0
38448,0
38449,1
38450,1
38451,1
38452,1
38453,0
38454,0
38455,0
38456,0
38457,0
38458,0
38459,1
38460,0
38461,0
38462,0
38463,0
38464,0
38465,1
38466,1
38467,1
38468,1
38469,0
38470,0
38471,0
38472,0
38473,0
38474,0
38475,0
38476,0
38477,0
38478,0
38479,0
38480,0
38481,0
38483,0
38484,0
38485,0
38486,0
38487,1
38488,0
38489,0
38490,1
38491,1
38492,0
38493,0
38494,1
38495,0
38496,1
38497,0
38498,0
38499,1
38500,1
38501,0
38502,0
38503,0
38504,0
38505,0
38506,1
38507,0
38508,1
38509,1
38510,1
38511,0
38512,0
38513,0
38514,0
38515,0
38516,0
38517,1
38518,1
38519,0
38520,0
38521,0
38522,0
38523,0
38524,0
38525,0
38526,1
38527,1
38528,0
38529,0
38530,0
38531,1
38532,1
38534,1
38535,1
38536,0
38537,1
38538,0
38539,0
38540,0
38541,1
38542,1
38543,0
38544,0
38545,0
38546,0
38547,1
38548,0
38549,1
38550,1
38551,0
38552,1
38553,0
38554,0
38555,0
38556,0
38557,0
38558,0
38559,0
38560,1
38561,1
38562,1
38563,1
38564,1
38565,1
38566,1
38567,1
38568,1
38569,0
38570,0
38571,0
38572,1
38573,0
38574,1
38575,1
38576,1
38577,1
38578,0
38579,0
38580,0
38581,0
38582,0
38583,0
38584,0
38585,0
38586,0
38587,0
38588,0
38589,1
38590,0
38591,0
38592,0
38593,1
38594,1
38595,0
38596,0
38597,0
38598,0
38599,0
38600,1
38601,0
38602,0
38603,1
38604,1
38605,0
38606,0
38607,1
38608,0
38609,0
38610,0
38611,0
38612,0
38613,1
38614,0
38615,1
38616,0
38617,0
38618,0
38619,0
38620,0
38621,0
38622,0
38623,0
38624,0
38625,0
38626,0
38627,0
38628,0
38629,0
38630,0
38631,1
38633,1
38634,0
38636,0
38637,0
38638,0
38640,1
38641,1
38642,0
38643,0
38644,0
38645,0
38646,0
38647,0
38648,0
38650,0
38651,1
38652,0
38653,0
38654,1
38655,0
38656,1
38657,1
38658,0
38659,0
38660,0
38661,1
38662,0
38663,0
38664,1
38665,1
38666,0
38667,0
38668,0
38669,0
38670,1
38671,0
38672,1
38673,1
38674,1
38675,0
38676,1
38677,1
38678,0
38679,0
38680,0
38681,0
38682,0
38683,0
38684,1
38685,0
38686,0
38687,0
38688,1
38689,0
38690,0
38691,0
38692,1
38693,1
38694,1
38695,0
38696,1
38697,1
38698,1
38699,1
38700,1
38701,1
38702,1
38703,1
38704,1
38705,1
38706,0
38707,1
38708,1
38709,1
38710,1
38711,1
38712,1
38713,1
38714,1
38715,1
38716,1
38717,1
38718,0
38719,0
38720,1
38721,0
38722,1
38723,0
38724,0
38725,0
38726,0
38727,0
38728,0
38729,0
38730,0
38731,1
38732,0
38733,0
38734,0
38735,0
38736,1
38737,0
38738,0
38739,0
38740,1
38741,0
38742,0
38743,1
38744,0
38745,0
38746,0
38747,0
38748,0
38749,0
38750,0
38751,0
38752,0
38753,1
38754,0
38755,1
38756,1
38757,1
38758,1
38759,1
38760,1
38761,1
38762,0
38763,0
38764,1
38765,1
38766,1
38767,0
38768,0
38769,0
38770,0
38771,0
38772,0
38773,0
38774,0
38775,0
38776,0
38777,0
38778,1
38779,1
38780,1
38781,1
38782,1
38783,1
38784,1
38785,1
38786,0
38787,1
38788,0
38789,0
38790,0
38791,0
38792,0
38793,0
38794,0
38795,0
38796,0
38797,0
38798,0
38799,1
38800,0
38801,1
38802,0
38803,0
38804,0
38805,0
38806,0
38807,0
38808,0
38809,0
38810,0
38811,0
38812,0
38813,0
38814,0
38815,0
38816,0
38817,1
38818,1
38820,1
38821,1
38823,0
38824,0
38825,0
38827,0
38828,0
38830,0
38831,1
38832,1
38833,0
38834,1
38835,0
38836,1
38837,1
38838,0
38839,0
38840,1
38841,0
38842,1
38843,0
38844,0
38845,0
38846,0
38847,0
38848,1
38849,0
38850,0
38851,0
38852,0
38853,0
38854,0
38855,0
38856,0
38857,0
38858,0
38859,0
38860,1
38861,1
38862,0
38863,0
38864,0
38865,0
38866,0
38867,0
38868,0
38869,0
38870,1
38871,0
38872,0
38873,1
38874,0
38875,0
38876,0
38877,1
38878,0
38879,0
38880,0
38881,0
38882,0
38883,0
38884,0
38885,1
38886,0
38887,0
38888,0
38889,1
38890,0
38891,0
38892,0
38893,1
38894,0
38895,1
38896,0
38897,0
38898,0
38899,0
38900,0
38901,0
38903,1
38904,0
38905,0
38906,0
38907,0
38908,1
38909,1
38910,1
38911,0
38912,1
38913,0
38914,0
38915,0
38916,0
38917,1
38918,1
38919,1
38920,0
38921,1
38922,1
38923,0
38924,0
38925,1
38926,1
38927,0
38928,1
38929,1
38930,1
38931,0
38932,0
38933,0
38934,1
38935,0
38936,1
38937,0
38938,0
38939,0
38940,1
38941,1
38942,0
38943,0
38945,0
38947,0
38948,0
38949,1
38950,1
38951,0
38952,0
38953,1
38954,1
38955,1
38956,0
38957,1
38958,1
38959,1
38960,1
38961,0
38962,1
38963,1
38964,0
38965,0
38966,1
38967,0
38968,0
38969,0
38970,0
38971,0
38972,0
38973,0
38974,0
38975,0
38976,1
38977,0
38978,0
38979,0
38980,0
38981,0
38982,1
38983,0
38984,0
38985,0
38986,0
38987,0
38988,0
38989,1
38990,1
38991,0
38992,0
38993,0
38994,0
38995,1
38996,1
38997,1
38998,1
38999,1
39000,1
39001,1
39002,1
39003,0
39004,0
39005,0
39006,0
39007,1
39008,1
39009,0
39010,0
39011,0
39012,0
39013,0
39014,0
39015,0
39016,0
39017,1
39018,0
39019,0
39020,0
39021,1
39022,0
39023,0
39024,0
39025,0
39026,0
39027,0
39028,1
39029,0
39030,0
39031,1
39032,1
39033,1
39034,1
39035,0
39036,0
39037,0
39038,0
39039,0
39040,1
39041,0
39042,1
39043,0
39044,1
39045,1
39046,0
39047,0
39048,0
39049,0
39050,1
39051,0
39052,0
39053,0
39054,0
39055,0
39056,1
39057,1
39058,1
39059,1
39060,0
39061,1
39062,1
39063,0
39064,0
39065,0
39066,0
39067,0
39068,0
39069,1
39070,0
39071,0
39072,0
39073,0
39074,0
39076,1
39077,1
39078,1
39079,1
39080,1
39081,0
39082,0
39083,0
39084,1
39085,0
39086,0
39087,0
39088,1
39089,1
39090,0
39091,1
39092,1
39093,0
39094,0
39095,0
39096,0
39097,0
39098,0
39099,1
39100,0
39101,0
39102,0
39103,0
39104,1
39105,1
39106,1
39107,1
39108,1
39109,1
39110,1
39111,1
39112,1
39113,0
39114,1
39115,1
39116,1
39117,1
39118,1
39119,0
39120,0
39121,0
39122,1
39123,1
39124,1
39125,1
39126,1
39127,0
39128,0
39129,0
39130,1
39131,1
39132,1
39133,1
39134,1
39135,1
39136,1
39137,1
39138,1
39139,1
39140,1
39141,0
39142,0
39143,1
39144,1
39145,1
39146,1
39147,1
39148,1
39149,0
39150,0
39151,0
39152,0
39153,0
39154,0
39155,0
39156,0
39157,0
39158,0
39159,0
39160,0
39161,1
39162,1
39163,0
39164,1
39165,0
39166,1
39167,1
39168,0
39169,0
39170,0
39171,0
39172,0
39173,0
39174,1
39175,0
39176,0
39177,0
39178,1
39179,1
39180,0
39181,0
39182,0
39183,0
39184,0
39185,0
39186,0
39187,0
39188,0
39189,0
39190,0
39191,0
39192,0
39193,0
39194,0
39195,0
39196,0
39197,0
39198,0
39199,0
39200,0
39201,1
39202,0
39203,1
39204,1
39205,0
39206,0
39207,0
39208,0
39209,0
39210,0
39211,1
39212,0
39213,1
39214,1
39215,1
39216,0
39217,0
39218,0
39219,1
39220,0
39221,0
39222,0
39223,0
39224,0
39225,1
39226,0
39227,0
39228,0
39229,0
39230,0
39231,0
39232,0
39233,1
39234,0
39235,1
39236,1
39237,1
39238,1
39239,1
39240,1
39241,0
39242,1
39243,1
39244,1
39245,0
39246,0
39247,0
39248,0
39249,0
39250,0
39251,0
39252,0
39253,1
39254,0
39255,0
39256,0
39257,0
39258,0
39260,0
39261,0
39262,0
39263,0
39264,0
39265,0
39266,0
39267,0
39268,0
39269,0
39270,0
39271,0
39272,0
39273,0
39274,1
39275,1
39276,0
39277,0
39278,1
39279,1
39281,0
39282,1
39283,0
39284,0
39285,0
39287,0
39288,0
39289,0
39290,1
39291,1
39292,0
39293,1
39294,0
39295,1
39296,0
39297,0
39298,1
39299,1
39300,1
39301,1
39302,1
39303,0
39304,1
39305,0
39306,0
39307,0
39308,1
39309,1
39310,0
39311,0
39312,1
39313,0
39314,0
39315,0
39316,0
39317,0
39318,0
39319,0
39320,1
39321,1
39322,0
39323,1
39324,0
39325,0
39326,1
39327,1
39328,0
39329,1
39330,0
39331,1
39332,1
39333,1
39334,1
39335,1
39336,0
39337,0
39338,0
39339,0
39340,0
39341,1
39342,0
39343,0
39344,1
39345,0
39346,1
39347,0
39348,0
39349,0
39350,0
39351,0
39352,0
39353,0
39354,1
39355,0
39356,0
39357,0
39358,1
39359,1
39360,1
39361,1
39362,1
39363,1
39364,1
39365,1
39366,1
39367,1
39368,1
39369,1
39370,1
39371,1
39372,1
39373,1
39374,0
39375,0
39376,0
39377,0
39378,0
39379,0
39380,0
39381,0
39382,0
39383,0
39384,0
39385,1
39386,0
39387,1
39388,1
39389,0
39390,1
39391,0
39392,0
39393,0
39394,0
39395,0
39396,1
39397,0
39398,0
39399,0
39400,0
39401,0
39402,0
39403,1
39404,0
39405,1
39406,1
39407,0
39408,0
39409,0
39410,0
39411,1
39412,0
39413,1
39414,0
39415,0
39417,0
39418,1
39419,1
39420,0
39421,1
39422,1
39423,0
39424,0
39425,0
39426,0
39427,1
39428,1
39429,1
39430,1
39431,1
39432,1
39433,1
39434,1
39435,0
39436,0
39437,1
39438,0
39439,0
39440,0
39441,1
39442,0
39443,1
39444,0
39445,0
39446,0
39447,1
39448,1
39449,0
39450,1
39451,1
39452,0
39453,1
39454,1
39455,0
39456,0
39457,0
39458,1
39459,1
39460,1
39461,1
39462,0
39463,1
39464,1
39465,1
39466,1
39467,0
39468,0
39469,0
39470,0
39471,0
39472,0
39473,0
39474,0
39475,1
39476,1
39477,1
39478,1
39479,0
39480,0
39481,0
39482,0
39483,0
39484,0
39485,0
39486,0
39487,0
39488,0
39489,0
39490,0
39491,0
39492,1
39493,1
39494,0
39495,0
39496,1
39497,1
39498,0
39499,1
39500,1
39501,1
39502,1
39503,1
39504,0
39505,1
39507,0
39508,0
39509,1
39510,0
39511,0
39512,1
39513,1
39514,0
39515,1
39516,1
39517,0
39518,1
39519,1
39520,0
39521,0
39522,0
39523,0
39524,0
39525,0
39526,0
39527,0
39528,0
39529,0
39530,0
39531,0
39532,0
39533,1
39534,1
39535,0
39536,0
39537,0
39538,0
39539,0
39540,0
39541,1
39542,1
39543,0
39544,0
39545,0
39546,0
39547,0
39548,0
39549,0
39550,0
39551,0
39552,0
39553,0
39554,0
39555,0
39556,0
39557,0
39558,0
39559,0
39560,0
39561,0
39562,0
39563,0
39564,0
39565,0
39566,0
39567,0
39568,0
39569,0
39570,0
39571,0
39572,0
39573,0
39574,0
39575,0
39576,0
39577,0
39578,0
39579,0
39580,0
39581,0
39582,0
39583,0
39584,0
39585,0
39586,0
39587,0
39588,0
39589,0
39590,0
39591,0
39592,0
39593,0
39594,0
39595,0
39596,0
39597,0
39598,0
39599,0
39600,0
39601,0
39602,0
39603,0
39604,0
39605,0
39606,1
39607,0
39608,1
39609,1
39610,1
39611,1
39612,0
39613,0
39614,0
39615,0
39616,1
39617,1
39618,0
39619,0
39620,1
39621,0
39622,0
39623,0
39624,0
39625,0
39626,1
39627,0
39628,0
39629,0
39630,0
39631,1
39632,1
39633,0
39634,0
39635,1
39636,1
39637,1
39638,1
39639,1
39640,0
39641,0
39642,0
39643,0
39644,0
39645,0
39646,0
39647,0
39648,1
39649,0
39650,1
39651,0
39652,0
39653,1
39654,1
39655,0
39656,0
39657,0
39658,1
39659,1
39660,1
39661,1
39662,1
39663,1
39664,0
39665,0
39666,0
39667,0
39668,0
39669,0
39670,0
39671,0
39672,0
39673,0
39674,0
39675,0
39676,0
39677,0
39678,1
39679,1
39680,1
39681,0
39682,1
39683,0
39684,1
39685,1
39686,1
39687,0
39688,0
39689,1
39690,0
39691,0
39692,0
39693,0
39694,0
39695,0
39696,0
39697,0
39698,0
39699,0
39700,0
39701,0
39702,1
39703,0
39704,1
39705,1
39706,0
39707,1
39708,0
39709,1
39710,1
39711,1
39712,1
39713,1
39714,1
39715,1
39716,1
39717,1
39718,0
39719,0
39720,0
39721,0
39722,0
39723,1
39724,0
39725,0
39726,0
39727,1
39728,1
39729,0
39730,1
39731,0
39732,0
39733,0
39734,1
39735,1
39736,1
39737,1
39738,0
39739,0
39740,0
39741,0
39742,0
39743,0
39744,1
39745,1
39746,1
39747,1
39748,0
39749,0
39750,0
39751,0
39752,0
39753,0
39754,0
39755,1
39756,1
39757,0
39758,0
39759,1
39760,0
39761,0
39762,0
39763,0
39764,1
39765,1
39766,0
39767,1
39768,1
39769,1
39770,1
39771,0
39772,1
39773,1
39774,1
39775,1
39776,1
39777,1
39778,0
39779,0
39780,1
39781,1
39782,0
39783,0
39784,0
39785,0
39786,1
39787,0
39788,1
39789,1
39790,1
39791,1
39792,1
39793,0
39794,0
39795,0
39796,0
39797,0
39798,0
39799,0
39800,0
39801,0
39803,1
39804,1
39805,0
39806,1
39807,0
39808,0
39809,0
39810,0
39811,1
39812,1
39813,1
39814,1
39815,1
39816,0
39817,1
39818,1
39819,1
39820,1
39821,1
39822,1
39823,1
39824,1
39825,1
39826,1
39827,1
39828,1
39829,0
39830,1
39831,1
39832,1
39833,0
39834,0
39835,0
39836,0
39837,0
39838,0
39839,0
39840,1
39841,0
39842,0
39843,0
39844,0
39845,0
39846,0
39847,0
39848,0
39849,0
39850,0
39851,0
39852,1
39853,1
39854,1
39855,1
39856,0
39857,0
39858,0
39859,1
39860,0
39861,0
39862,1
39863,1
39864,0
39865,0
39866,0
39867,0
39868,1
39869,0
39870,0
39871,0
39872,1
39873,0
39874,0
39875,0
39876,0
39877,0
39878,0
39879,0
39880,0
39881,0
39882,0
39883,0
39884,1
39885,0
39886,0
39887,1
39888,0
39889,1
39890,1
39891,1
39892,1
39893,1
39894,1
39895,1
39896,0
39897,0
39898,1
39899,0
39900,0
39901,1
39902,1
39903,0
39904,0
39905,0
39906,0
39907,0
39908,0
39909,0
39910,0
39911,0
39912,0
39913,0
39914,0
39915,0
39916,0
39917,0
39918,0
39919,0
39920,1
39921,0
39922,0
39923,0
39924,0
39925,1
39926,1
39927,0
39928,0
39929,0
39930,1
39931,0
39932,0
39933,0
39934,1
39935,1
39936,0
39937,0
39938,1
39939,1
39940,1
39941,1
39942,0
39943,0
39944,1
39945,0
39946,0
39947,0
39948,1
39949,1
39950,0
39951,1
39952,0
39953,0
39954,0
39955,0
39956,0
39957,1
39958,1
39959,1
39960,1
39961,1
39962,0
39963,1
39964,1
39965,0
39966,0
39967,1
39968,0
39969,0
39970,0
39971,0
39972,0
39973,0
39974,1
39975,1
39976,0
39977,0
39978,0
39979,1
39980,0
39981,0
39982,0
39983,1
39984,0
39985,0
39986,1
39987,1
39988,1
39989,0
39990,0
39991,0
39992,0
39993,0
39994,0
39995,0
39996,0
39997,0
39998,0
39999,1
40000,1
40001,1
40002,1
40003,1
40004,1
40005,0
40006,0
40007,0
40008,0
40009,0
40010,1
40011,0
40012,1
40013,1
40014,1
40015,1
40016,0
40017,0
40018,0
40019,0
40020,0
40021,0
40022,0
40023,1
40024,1
40025,0
40026,1
40027,1
40028,0
40029,0
40030,0
40031,0
40032,0
40033,0
40034,1
40035,1
40036,0
40037,1
40038,1
40039,1
40040,1
40041,1
40042,0
40043,0
40044,0
40045,0
40046,0
40047,1
40048,0
40049,0
40050,0
40051,0
40052,0
40053,0
40054,0
40055,0
40056,0
40057,0
40058,0
40059,0
40060,0
40061,0
40062,0
40063,0
40064,0
40065,0
40066,0
40067,1
40068,0
40069,0
40070,0
40071,1
40072,1
40073,0
40074,0
40075,0
40076,0
40077,0
40078,1
40079,0
40080,1
40081,0
40082,0
40083,1
40084,0
40085,1
40086,0
40087,0
40088,0
40089,0
40090,0
40091,0
40092,0
40093,1
40094,0
40095,1
40096,0
40097,0
40098,1
40099,1
40100,1
40101,1
40102,1
40103,1
40104,1
40105,1
40106,1
40107,1
40108,1
40109,1
40110,0
40111,1
40112,1
40113,1
40114,1
40115,1
40116,1
40117,1
40118,1
40119,0
40120,1
40121,1
40122,1
40123,0
40124,0
40125,0
40126,0
40127,0
40128,0
40129,0
40130,0
40131,0
40132,0
40133,0
40134,0
40135,0
40136,1
40137,1
40138,1
40139,1
40140,0
40141,1
40142,1
40143,1
40144,0
40145,0
40146,0
40147,1
40148,0
40149,1
40150,0
40151,0
40152,1
40153,1
40154,1
40155,1
40156,1
40157,0
40158,1
40159,1
40160,0
40161,0
40162,0
40163,0
40164,1
40165,1
40166,0
40167,0
40168,0
40169,1
40170,1
40171,1
40172,1
40173,0
40174,0
40175,0
40176,0
40177,0
40178,0
40179,0
40180,0
40181,0
40182,0
40183,1
40184,0
40185,1
40186,1
40187,1
40188,1
40189,0
40190,0
40191,0
40192,0
40193,0
40194,0
40195,0
40196,0
40197,0
40198,0
40199,1
40200,0
40201,0
40202,1
40203,0
40204,0
40205,0
40206,0
40207,0
40208,0
40209,0
40210,0
40211,0
40212,0
40213,1
40214,0
40215,1
40216,0
40217,1
40218,0
40219,0
40220,0
40221,0
40222,0
40223,1
40224,0
40225,0
40226,0
40227,0
40228,0
40229,0
40230,0
40231,0
40232,0
40233,0
40234,0
40235,0
40236,0
40237,1
40238,1
40239,1
40240,0
40241,0
40242,1
40243,0
40244,0
40245,1
40246,0
40247,1
40248,0
40249,1
40250,0
40251,0
40252,0
40253,0
40254,0
40255,1
40256,0
40257,1
40258,0
40259,0
40260,0
40261,1
40262,0
40263,1
40264,1
40265,0
40266,1
40267,0
40268,0
40269,1
40270,1
40271,0
40272,1
40273,1
40274,1
40275,1
40276,1
40277,0
40278,1
40279,0
40280,0
40281,0
40282,0
40283,0
40284,0
40285,0
40286,1
40287,1
40288,0
40289,0
40290,0
40291,0
40292,0
40293,1
40294,1
40295,1
40296,0
40297,1
40298,0
40299,0
40300,0
40301,0
40302,0
40303,0
40304,0
40305,0
40306,0
40307,0
40308,1
40309,0
40310,0
40311,0
40312,0
40313,0
40314,0
40315,0
40316,1
40317,1
40318,1
40319,0
40320,0
40321,0
40322,0
40323,0
40324,0
40325,0
40326,0
40327,0
40328,0
40329,0
40330,0
40331,1
40332,0
40333,1
40334,1
40335,1
40336,0
40337,1
40338,0
40339,0
40340,1
40341,1
40342,1
40343,0
40344,1
40345,1
40346,1
40347,1
40348,1
40349,0
40350,0
40351,0
40352,0
40353,0
40354,0
40355,1
40356,0
40357,0
40358,0
40359,0
40360,1
40361,0
40362,0
40363,0
40364,1
40365,1
40366,1
40367,0
40368,0
40369,0
40370,0
40371,1
40372,1
40373,0
40374,1
40375,1
40376,1
40377,1
40378,1
40379,1
40380,1
40381,1
40382,1
40383,1
40384,1
40385,1
40386,1
40387,1
40388,1
40389,1
40390,1
40391,1
40392,0
40393,0
40394,0
40395,0
40396,1
40397,0
40398,1
40399,1
40400,1
40401,1
40402,1
40403,1
40404,0
40405,0
40406,0
40407,0
40408,1
40409,1
40410,0
40411,1
40412,1
40413,1
40414,1
40415,1
40416,1
40417,1
40418,1
40419,1
40420,1
40421,0
40422,0
40423,0
40424,0
40425,0
40426,1
40427,1
40428,1
40429,1
40430,1
40431,1
40432,1
40433,1
40434,1
40435,1
40436,1
40437,0
40438,0
40439,0
40440,0
40441,0
40442,1
40443,0
40444,1
40445,0
40446,0
40447,0
40448,0
40449,1
40450,0
40451,0
40452,0
40454,0
40455,1
40456,1
40457,1
40458,1
40459,1
40460,0
40461,1
40462,0
40464,0
40465,0
40466,0
40467,0
40468,0
40469,0
40470,0
40471,1
40472,1
40473,1
40474,1
40475,0
40476,0
40477,1
40478,1
40479,0
40480,0
40481,1
40482,0
40483,0
40484,1
40485,0
40486,0
40487,0
40488,0
40489,0
40490,1
40491,0
40492,0
40493,0
40494,0
40495,0
40496,1
40497,1
40498,0
40499,1
40500,0
40501,0
40502,0
40503,0
40504,1
40505,0
40506,0
40507,0
40508,0
40509,1
40510,0
40511,0
40512,0
40513,1
40514,1
40515,1
40516,0
40517,1
40518,1
40519,1
40520,0
40521,0
40522,0
40523,1
40524,0
40525,0
40526,0
40527,0
40528,0
40529,0
40530,0
40531,0
40532,0
40533,0
40534,0
40535,0
40536,0
40537,0
40538,1
40539,1
40540,1
40541,0
40542,1
40543,0
40544,1
40545,0
40546,0
40547,0
40548,0
40549,0
40550,0
40551,0
40552,0
40553,1
40554,1
40555,0
40556,1
40557,1
40558,1
40559,1
40560,0
40561,1
40562,1
40563,1
40564,1
40565,0
40566,0
40567,0
40568,1
40569,1
40570,1
40571,0
40572,1
40573,0
40574,0
40575,0
40576,0
40577,0
40578,0
40579,0
40580,1
40581,1
40582,0
40583,1
40584,1
40585,0
40586,1
40587,0
40588,0
40589,0
40590,0
40591,0
40592,0
40593,0
40594,0
40595,0
40596,0
40597,0
40598,0
40599,0
40600,1
40601,0
40602,0
40603,0
40604,0
40606,0
40607,0
40608,1
40609,1
40610,1
40611,0
40612,0
40613,0
40614,0
40615,0
40616,0
40617,0
40618,0
40619,0
40620,0
40621,1
40622,0
40623,0
40624,0
40625,1
40626,0
40627,1
40628,1
40629,0
40630,1
40632,0
40633,0
40634,1
40635,0
40636,1
40637,0
40638,0
40639,1
40640,1
40641,1
40642,1
40643,1
40644,1
40646,0
40647,1
40648,0
40649,0
40650,1
40652,0
40653,0
40654,0
40655,0
40656,0
40657,0
40658,0
40659,0
40660,0
40661,0
40662,0
40663,0
40664,1
40665,1
40666,0
40667,1
40668,1
40669,0
40670,0
40671,0
40672,1
40674,1
40675,1
40676,0
40677,0
40678,0
40679,0
40680,0
40681,0
40682,0
40683,1
40684,1
40685,1
40686,1
40687,1
40688,0
40689,1
40690,1
40691,0
40692,0
40693,1
40694,1
40695,0
40696,1
40697,0
40698,0
40699,1
40700,0
40701,1
40702,0
40703,0
40704,1
40706,0
40707,1
40708,0
40711,1
40712,1
40713,1
40714,1
40715,1
40716,1
40717,0
40718,0
40719,0
40720,0
40721,0
40722,0
40723,1
40724,1
40725,0
40726,0
40727,0
40728,0
40729,0
40730,0
40731,0
40732,1
40733,0
40735,1
40736,0
40737,1
40738,1
40739,0
40740,0
40741,0
40742,0
40743,1
40744,1
40745,1
40746,0
40747,1
40748,0
40750,0
40751,0
40752,0
40753,0
40754,0
40755,0
40756,0
40757,0
40758,0
40759,0
40760,0
40761,0
40762,1
40763,1
40764,1
40765,1
40766,1
40767,1
40768,1
40769,1
40772,0
40773,0
40774,0
40775,0
40776,0
40777,0
40778,0
40779,0
40780,0
40781,0
40782,0
40783,1
40784,0
40785,0
40786,0
40787,0
40788,0
40790,0
40791,0
40792,0
40793,1
40794,1
40795,0
40796,0
40797,1
40798,0
40799,0
40800,1
40801,1
40803,1
40804,1
40805,1
40806,1
40807,1
40808,1
40809,1
40810,1
40811,1
40812,0
40813,0
40814,0
40815,0
40816,0
40817,0
40818,0
40819,0
40820,0
40821,0
40822,1
40823,0
40824,0
40826,0
40827,1
40828,1
40829,0
40832,1
40833,1
40834,1
40835,0
40836,0
40837,1
40838,0
40839,0
40840,0
40841,0
40842,0
40843,0
40844,0
40845,0
40846,0
40847,1
40848,0
40849,0
40850,0
40851,0
40852,1
40853,1
40854,0
40855,0
40856,0
40857,1
40858,0
40859,0
40860,1
40861,1
40862,1
40863,0
40864,1
40865,0
40866,0
40867,0
40868,0
40869,0
40870,0
40871,0
40872,0
40873,1
40874,1
40875,1
40877,0
40878,0
40879,0
40880,0
40881,0
40883,1
40884,0
40885,0
40886,0
40887,0
40888,0
40889,0
40890,0
40891,0
40892,0
40893,0
40894,0
40895,0
40896,1
40897,1
40898,0
40900,0
40901,0
40902,0
40903,1
40904,0
40905,0
40906,0
40907,0
40908,0
40909,0
40910,0
40911,0
40912,0
40913,0
40914,0
40915,0
40916,0
40917,0
40918,0
40919,0
40920,0
40921,0
40922,0
40923,0
40924,0
40925,0
40926,0
40927,0
40928,0
40929,0
40930,0
40931,0
40932,0
40933,0
40934,0
40935,0
40936,0
40937,0
40938,0
40939,0
40940,0
40941,0
40942,0
40943,0
40944,1
40945,1
40946,0
40947,0
40948,1
40949,1
40950,1
40951,1
40952,1
40953,1
40954,1
40955,0
40956,0
40957,0
40958,0
40959,0
40960,0
40961,0
40962,0
40963,0
40964,1
40966,0
40967,0
40968,0
40969,0
40970,0
40971,0
40972,0
40973,1
40974,1
40975,1
40976,1
40977,1
40978,1
40979,1
40980,1
40981,0
40982,0
40983,0
40984,0
40985,1
40986,0
40987,1
40988,0
40989,1
40990,0
40991,1
40992,0
40993,1
40994,1
40995,0
40996,0
40997,0
40998,0
40999,1
41000,0
41001,0
41002,0
41003,1
41004,0
41005,1
41006,0
41008,0
41009,0
41010,0
41011,0
41012,0
41013,0
41014,0
41015,0
41016,0
41017,0
41018,0
41019,0
41020,0
41021,0
41022,0
41023,0
41024,1
41025,1
41026,0
41027,0
41028,0
41029,0
41030,0
41031,0
41032,0
41033,0
41034,0
41035,0
41036,0
41037,0
41038,0
41039,0
41040,0
41041,0
41042,0
41043,0
41044,0
41045,1
41046,0
41047,0
41048,1
41049,0
41050,0
41051,0
41052,1
41053,1
41054,1
41055,1
41056,0
41057,0
41058,1
41059,1
41060,1
41061,1
41062,1
41063,1
41064,1
41065,1
41066,1
41067,1
41068,1
41069,1
41070,1
41071,1
41072,1
41073,1
41074,1
41075,1
41076,1
41077,0
41078,1
41079,1
41080,1
41081,1
41082,1
41083,1
41084,0
41085,1
41086,1
41087,1
41088,0
41089,0
41090,0
41091,1
41092,0
41093,0
41094,0
41095,0
41096,1
41097,0
41098,1
41099,1
41100,1
41101,1
41102,1
41103,1
41104,1
41105,1
41106,1
41107,1
41108,1
41109,0
41110,0
41111,0
41112,1
41114,1
41116,1
41117,1
41118,1
41119,1
41120,1
41121,1
41122,1
41123,1
41124,1
41125,1
41126,1
41127,1
41129,0
41130,1
41131,1
41132,1
41133,1
41134,1
41135,1
41136,1
41137,1
41140,1
41141,1
41142,1
41143,1
41144,1
41145,1
41146,1
41147,1
41148,1
41149,1
41150,1
41151,1
41152,1
41153,1
41154,1
41155,1
41156,1
41157,1
41158,1
41159,1
41160,0
41161,1
41162,0
41163,0
41164,0
41165,0
41166,0
41167,0
41168,0
41169,0
41170,0
41171,0
41172,0
41173,0
41174,1
41175,0
41176,0
41177,0
41178,0
41179,0
41180,0
41181,0
41182,0
41183,0
41184,1
41185,1
41186,1
41187,1
41188,1
41189,1
41190,1
41191,1
41192,0
41193,0
41194,0
41195,0
41196,1
41197,0
41198,0
41199,0
41200,1
41201,1
41202,1
41203,0
41204,0
41205,0
41206,1
41208,0
41209,0
41210,1
41211,1
41212,1
41213,1
41214,0
41215,0
41216,0
41217,0
41218,1
41219,1
41220,1
41221,1
41222,0
41223,0
41224,0
41225,0
41226,0
41227,0
41228,0
41229,0
41230,1
41231,0
41232,0
41233,0
41234,0
41235,0
41236,0
41238,0
41239,1
41240,1
41241,1
41242,1
41243,1
41244,1
41245,1
41246,1
41247,1
41248,1
41249,0
41250,0
41251,0
41252,0
41253,0
41254,0
41255,0
41256,0
41257,0
41258,0
41259,0
41260,0
41261,0
41262,0
41263,0
41264,0
41265,0
41266,0
41267,0
41268,0
41269,0
41270,0
41271,0
41272,0
41273,0
41274,0
41275,0
41276,1
41277,1
41278,1
41279,1
41280,0
41281,1
41282,0
41283,0
41284,0
41285,0
41286,0
41287,0
41288,0
41289,1
41290,0
41292,0
41293,0
41294,0
41295,0
41296,0
41297,0
41298,0
41299,0
41300,1
41301,1
41302,0
41303,0
41304,0
41305,1
41306,0
41307,0
41308,0
41309,0
41310,1
41311,0
41312,0
41313,0
41314,0
41315,0
41316,0
41317,0
41318,1
41319,0
41320,0
41321,0
41322,0
41323,0
41324,0
41325,0
41326,0
41327,1
41328,1
41329,0
41330,0
41331,0
41332,0
41333,0
41334,0
41335,1
41336,1
41337,1
41338,1
41339,1
41340,0
41341,0
41342,0
41343,1
41344,1
41345,0
41346,0
41347,0
41348,0
41349,0
41350,0
41351,0
41352,0
41353,0
41354,0
41355,0
41356,0
41357,0
41358,0
41359,0
41360,0
41361,0
41362,0
41363,1
41364,0
41365,0
41366,0
41367,1
41368,1
41369,1
41370,1
41371,1
41372,1
41373,1
41374,1
41375,1
41376,1
41378,1
41379,1
41380,1
41381,1
41382,1
41383,1
41384,1
41385,1
41386,0
41387,1
41388,1
41389,1
41391,1
41392,1
41393,1
41394,1
41395,1
41396,1
41397,1
41398,1
41399,1
41400,1
41401,1
41402,1
41404,1
41405,1
41406,1
41407,1
41408,1
41409,1
41410,1
41411,0
41412,1
41413,1
41414,1
41415,0
41416,0
41417,0
41418,0
41419,0
41420,0
41421,0
41422,0
41423,0
41424,0
41425,0
41426,0
41427,0
41428,0
41429,0
41430,0
41431,0
41432,0
41433,0
41434,0
41435,0
41436,0
41437,0
41438,0
41439,0
41440,0
41441,0
41442,0
41443,0
41444,0
41445,0
41446,0
41447,0
41448,0
41449,0
41450,0
41451,0
41452,0
41453,1
41454,0
41455,0
41456,0
41457,0
41458,0
41459,0
41460,0
41461,0
41462,0
41463,1
41464,0
41465,0
41466,0
41467,1
41468,1
41469,0
41470,0
41471,0
41472,0
41473,0
41474,1
41475,0
41476,0
41477,0
41478,0
41479,0
41480,0
41481,0
41482,0
41483,0
41484,0
41485,0
41486,0
41487,0
41488,0
41489,0
41490,0
41491,0
41492,0
41493,0
41494,0
41495,0
41496,0
41497,0
41498,0
41499,0
41500,0
41501,0
41502,0
41503,0
41504,0
41505,0
41506,0
41507,0
41508,0
41509,0
41510,0
41511,0
41512,0
41513,0
41514,0
41515,0
41516,1
41517,0
41518,0
41519,0
41520,1
41521,1
41522,0
41523,1
41524,1
41525,1
41526,1
41527,0
41528,0
41529,0
41530,0
41531,1
41532,1
41533,1
41534,1
41536,0
41537,0
41538,0
41539,0
41540,0
41541,0
41542,0
41543,0
41544,0
41545,0
41546,0
41547,0
41548,0
41549,0
41550,0
41551,0
41552,0
41553,0
41554,0
41555,0
41556,0
41558,0
41559,0
41560,0
41561,0
41562,0
41563,0
41564,0
41565,0
41566,0
41567,0
41568,0
41569,0
41570,0
41571,0
41572,0
41573,0
41574,0
41575,0
41576,0
41577,0
41578,0
41579,0
41580,0
41581,1
41582,0
41584,0
41585,0
41586,0
41587,1
41588,0
41589,0
41590,0
41591,0
41592,0
41593,0
41594,0
41595,0
41596,0
41597,0
41598,0
41599,0
41600,0
41601,0
41602,0
41603,0
41604,0
41605,0
41606,0
41607,0
41608,0
41609,0
41610,0
41611,0
41612,0
41613,0
41614,0
41615,1
41616,0
41617,0
41618,0
41619,0
41620,0
41621,0
41622,0
41623,0
41624,0
41625,0
41626,0
41627,0
41628,0
41629,0
41632,1
41633,1
41634,1
41637,0
41638,0
41639,0
41640,0
41641,0
41642,0
41643,0
41644,0
41645,0
41646,1
41647,1
41648,0
41649,0
41650,1
41651,0
41652,0
41653,0
41655,0
41656,0
41657,1
41658,1
41659,1
41660,0
41661,0
41662,1
41663,1
41664,1
41665,1
41666,1
41667,0
41668,0
41670,0
41671,0
41672,0
41673,0
41674,0
41675,0
41676,0
41677,0
41679,1
41680,1
41681,1
41682,1
41683,1
41684,0
41685,0
41686,0
41687,0
41688,0
41689,0
41690,0
41691,0
41692,1
41693,0
41694,1
41695,1
41696,0
41697,0
41698,0
41699,1
41700,0
41701,0
41702,0
41703,0
41704,0
41705,0
41706,0
41707,0
41708,0
41709,0
41710,0
41711,0
41712,0
41713,0
41714,0
41715,0
41716,1
41717,1
41718,0
41719,0
41720,0
41721,0
41722,1
41723,0
41724,0
41725,1
41726,1
41727,1
41730,1
41731,0
41732,1
41733,0
41734,1
41735,0
41736,1
41737,0
41738,0
41739,0
41740,0
41741,0
41742,0
41743,0
41744,0
41745,0
41746,0
41747,0
41748,0
41749,1
41750,0
41751,0
41752,0
41753,0
41754,0
41755,0
41756,0
41757,0
41758,0
41759,0
41760,0
41761,0
41762,0
41763,0
41764,0
41765,0
41766,0
41767,0
41768,0
41769,0
41770,1
41771,1
41772,0
41773,0
41774,0
41775,0
41776,0
41777,0
41778,0
41779,0
41780,1
41781,0
41782,0
41783,0
41784,0
41785,0
41786,1
41787,0
41788,1
41789,1
41790,0
41791,0
41792,0
41793,1
41794,0
41795,0
41796,0
41797,0
41798,1
41799,0
41800,1
41801,1
41802,1
41803,1
41804,1
41805,1
41806,1
41807,0
41808,0
41809,1
41810,1
41811,1
41812,1
41813,1
41814,0
41815,1
41816,1
41817,1
41818,1
41819,1
41820,1
41821,1
41822,1
41823,0
41824,0
41825,0
41826,1
41827,0
41828,1
41829,0
41830,1
41831,0
41832,0
41833,1
41834,1
41835,1
41836,1
41838,1
41839,0
41840,0
41841,0
41842,0
41843,0
41844,0
41845,0
41847,1
41848,1
41849,1
41850,1
41851,1
41852,1
41853,1
41854,1
41855,0
41856,0
41857,0
41858,0
41859,1
41860,0
41861,0
41862,1
41863,0
41864,0
41865,0
41866,0
41867,0
41868,0
41869,1
41870,1
41871,0
41872,0
41873,0
41874,0
41875,1
41877,0
41878,0
41879,0
41880,0
41881,0
41882,0
41883,0
41884,0
41885,0
41886,0
41887,0
41888,0
41889,0
41890,1
41891,1
41892,1
41893,0
41894,0
41895,0
41896,0
41897,0
41898,0
41899,0
41900,0
41901,1
41902,0
41903,0
41904,0
41905,0
41906,0
41907,0
41908,1
41909,0
41910,1
41911,1
41912,1
41913,1
41914,1
41915,0
41916,0
41917,0
41918,0
41919,0
41920,0
41921,0
41922,0
41923,1
41924,0
41925,1
41926,1
41927,0
41928,0
41929,0
41930,0
41931,0
41932,0
41933,0
41934,0
41935,0
41936,0
41937,0
41938,0
41939,0
41940,0
41941,1
41942,0
41943,0
41944,1
41945,0
41946,1
41947,0
41948,0
41949,0
41950,0
41951,0
41952,0
41953,0
41954,0
41955,0
41956,1
41957,1
41958,0
41959,0
41960,0
41961,0
41962,0
41963,0
41964,0
41965,0
41966,0
41967,0
41968,0
41969,1
41970,0
41971,0
41972,0
41973,0
41974,1
41975,0
41976,0
41977,1
41978,1
41979,1
41980,0
41981,0
41982,1
41983,0
41984,0
41985,0
41986,0
41987,0
41988,0
41989,1
41990,0
41991,1
41992,0
41993,0
41994,0
41995,0
41996,0
41997,1
41999,0
42000,0
42002,0
42003,0
42004,0
42005,0
42006,1
42007,0
42008,1
42009,0
42010,0
42011,0
42012,0
42013,0
42015,1
42016,1
42018,1
42019,1
42020,1
42021,1
42022,0
42023,0
42025,1
42026,1
42027,1
42028,1
42029,1
42030,1
42031,1
42032,1
42033,0
42034,0
42035,0
42036,0
42037,0
42038,0
42039,0
42040,0
42041,0
42042,0
42043,0
42044,1
42045,1
42046,1
42047,1
42048,0
42049,0
42050,0
42051,0
42052,0
42053,0
42054,0
42055,0
42056,0
42058,1
42059,1
42060,1
42062,1
42064,0
42065,0
42066,1
42067,0
42068,0
42069,0
42070,0
42071,0
42072,0
42073,1
42074,1
42075,1
42076,0
42077,1
42078,1
42079,1
42080,0
42081,1
42082,1
42083,1
42084,1
42085,1
42086,1
42087,1
42088,1
42089,0
42092,1
42093,0
42094,0
42095,1
42096,1
42097,1
42098,1
42099,1
42100,1
42101,1
42102,0
42103,1
42104,1
42105,1
42106,1
42107,1
42108,1
42109,0
42110,0
42112,0
42113,0
42114,1
42115,1
42116,1
42117,1
42118,1
42119,1
42120,0
42121,0
42122,0
42123,1
42124,0
42125,1
42126,1
42127,0
42128,0
42129,1
42130,1
42131,1
42132,1
42134,1
42135,1
42136,0
42137,1
42138,1
42139,1
42140,1
42141,1
42142,1
42143,1
42144,1
42145,1
42147,1
42148,1
42149,1
42150,1
42151,1
42152,0
42153,0
42154,0
42155,1
42156,0
42157,0
42158,0
42159,0
42160,0
42161,1
42162,0
42163,0
42165,0
42167,1
42168,1
42169,1
42170,1
42171,1
42172,0
42173,1
42174,0
42175,0
42176,0
42177,0
42178,0
42179,0
42180,0
42181,0
42182,0
42183,0
42184,1
42185,1
42186,0
42187,1
42189,1
42191,1
42192,1
42193,1
42194,1
42196,1
42198,1
42200,1
42201,0
42202,1
42203,1
42204,1
42205,1
42206,1
42207,0
42208,1
42209,1
42210,1
42211,1
42213,1
42214,1
42215,1
42216,1
42217,1
42219,1
42220,1
42221,1
42222,0
42223,0
42224,0
42225,1
42226,0
42227,0
42228,1
42229,1
42230,1
42231,1
42232,1
42233,1
42234,1
42235,1
42236,1
42237,1
42238,1
42239,1
42240,1
42241,1
42242,1
42243,0
42244,1
42245,1
42246,1
42247,1
42248,1
42249,1
42250,1
42251,1
42252,1
42253,1
42254,1
42255,1
42257,1
42258,1
42259,1
42260,1
42261,1
42262,1
42263,1
42264,0
42265,0
42266,0
42267,1
42268,1
42269,1
42270,1
42271,1
42272,0
42273,1
42274,1
42275,0
42276,0
42277,0
42278,0
42279,0
42280,0
42281,0
42282,0
42283,1
42284,1
42285,1
42286,1
42287,0
42288,0
42289,1
42290,1
42292,1
42293,1
42294,1
42295,1
42296,0
42297,0
42298,0
42299,0
42300,0
42301,0
42302,0
42303,0
42304,0
42305,0
42306,0
42307,0
42308,0
42309,0
42310,0
42311,0
42312,0
42313,0
42314,0
42315,0
42316,0
42317,0
42318,0
42319,0
42320,0
42321,1
42322,1
42323,0
42324,0
42325,0
42326,0
42327,0
42328,0
42329,1
42330,0
42331,1
42332,0
42333,0
42334,0
42335,0
42336,0
42337,0
42338,0
42339,0
42340,0
42341,1
42342,0
42343,0
42344,0
42345,0
42346,0
42347,1
42348,0
42349,0
42350,1
42351,1
42352,1
42353,1
42354,0
42355,0
42356,0
42357,1
42360,1
42361,0
42362,0
42363,0
42364,1
42365,0
42366,0
42367,0
42368,0
42369,0
42370,0
42371,0
42372,1
42373,0
42374,0
42375,1
42376,1
42377,0
42378,1
42379,1
42381,1
42382,0
42383,0
42384,1
42385,0
42386,0
42387,0
42388,0
42389,0
42390,1
42391,1
42392,0
42393,0
42394,0
42395,0
42396,0
42397,0
42398,0
42399,0
42400,1
42401,0
42402,0
42403,0
42404,0
42406,0
42407,0
42408,0
42409,0
42410,1
42411,0
42412,0
42413,0
42414,0
42415,0
42416,0
42417,0
42419,0
42420,0
42421,0
42422,0
42423,0
42424,0
42425,1
42426,0
42427,0
42428,0
42429,0
42430,0
42431,0
42432,1
42433,0
42434,0
42435,0
42436,0
42437,1
42438,0
42439,0
42440,0
42441,0
42442,0
42443,0
42444,0
42445,0
42446,0
42447,0
42448,1
42449,1
42450,0
42451,0
42452,0
42453,0
42454,0
42455,0
42456,0
42457,0
42458,0
42459,0
42460,0
42461,0
42462,0
42463,0
42464,0
42465,0
42466,0
42468,1
42470,1
42471,1
42472,0
42473,1
42474,1
42475,1
42476,0
42477,1
42478,1
42479,1
42480,1
42481,0
42482,0
42483,0
42484,0
42485,1
42487,0
42488,0
42489,0
42490,0
42492,0
42493,0
42494,0
42496,0
42497,0
42498,0
42499,0
42500,1
42501,1
42502,1
42503,1
42504,0
42505,0
42506,1
42507,1
42508,0
42509,1
42510,1
42511,1
42512,0
42513,0
42514,0
42515,0
42516,0
42517,0
42518,0
42519,0
42520,0
42521,0
42522,0
42523,0
42524,0
42525,0
42526,0
42527,0
42528,0
42529,0
42530,0
42531,0
42532,0
42533,0
42534,0
42535,0
42536,0
42537,0
42538,0
42539,0
42540,0
42541,0
42542,1
42543,0
42544,0
42545,0
42546,0
42547,0
42548,0
42549,0
42550,0
42551,0
42552,1
42553,1
42554,0
42555,0
42556,0
42557,0
42558,0
42559,0
42560,0
42561,1
42562,0
42563,0
42564,0
42565,0
42566,0
42567,0
42568,0
42569,0
42570,1
42571,1
42572,0
42573,1
42574,0
42575,0
42576,0
42577,0
42578,0
42579,0
42580,0
42581,1
42582,0
42583,0
42584,0
42585,0
42586,0
42587,0
42588,0
42589,0
42590,1
42591,0
42592,1
42593,0
42594,0
42595,0
42596,0
42597,0
42598,1
42599,0
42600,1
42601,1
42602,1
42603,0
42604,0
42605,0
42606,0
42607,0
42608,1
42609,0
42610,1
42611,0
42612,0
42613,0
42614,0
42615,0
42616,0
42617,0
42618,1
42619,0
42620,0
42622,1
42623,0
42624,1
42625,0
42626,0
42627,0
42628,0
42629,0
42630,1
42631,1
42632,1
42633,1
42634,1
42635,1
42636,1
42637,1
42639,1
42640,0
42641,0
42642,0
42644,1
42645,1
42647,1
42648,0
42649,0
42651,0
42652,0
42653,0
42654,0
42655,0
42656,0
42657,0
42658,0
42659,0
42660,0
42661,0
42662,0
42663,0
42664,0
42665,0
42666,0
42667,0
42668,0
42669,0
42670,0
42671,0
42672,0
42673,0
42674,0
42675,0
42676,0
42677,0
42678,0
42679,0
42680,0
42681,0
42682,1
42683,0
42684,0
42685,0
42686,0
42687,0
42688,0
42689,1
42690,0
42691,1
42692,0
42693,0
42694,0
42695,0
42696,0
42697,0
42698,0
42699,0
42700,0
42701,0
42702,0
42703,0
42704,0
42705,0
42706,0
42707,0
42708,0
42709,0
42710,0
42711,0
42712,0
42713,0
42714,0
42715,0
42716,0
42717,0
42718,0
42719,0
42720,0
42721,0
42722,0
42723,0
42724,0
42725,0
42726,0
42727,0
42728,1
42729,0
42730,0
42731,0
42732,0
42733,1
42734,0
42735,0
42736,0
42737,0
42738,0
42739,0
42740,0
42741,0
42744,1
42745,1
42746,0
42747,0
42748,0
42749,0
42750,0
42751,0
42752,1
42753,0
42754,0
42755,0
42756,0
42757,0
42758,0
42759,0
42760,0
42761,0
42762,0
42763,0
42764,0
42765,0
42766,0
42767,1
42768,1
42769,1
42770,1
42771,0
42772,0
42773,0
42774,1
42775,0
42776,0
42777,0
42778,0
42779,0
42780,0
42781,0
42782,0
42783,0
42784,0
42785,0
42786,1
42787,1
42788,0
42789,1
42790,0
42791,1
42792,0
42793,0
42794,0
42795,0
42796,0
42797,0
42798,0
42799,0
42801,0
42802,0
42803,0
42804,0
42805,1
42806,0
42807,0
42808,0
42809,0
42810,0
42811,0
42812,0
42813,0
42814,0
42815,0
42816,0
42817,0
42818,0
42819,0
42820,1
42821,0
42822,1
42823,1
42824,0
42825,0
42826,0
42827,1
42828,1
42829,1
42830,1
42831,1
42832,0
42833,0
42834,0
42835,0
42836,1
42837,0
42838,0
42839,0
42840,0
42841,0
42842,1
42843,0
42844,1
42845,1
42846,0
42847,0
42848,1
42849,1
42850,0
42851,0
42852,0
42853,0
42854,1
42855,0
42856,0
42857,1
42858,0
42859,1
42860,0
42861,0
42862,0
42863,0
42864,0
42865,0
42866,0
42867,0
42868,0
42869,0
42870,0
42871,0
42872,0
42873,0
42874,1
42875,0
42876,1
42877,1
42878,1
42879,1
42880,0
42881,1
42882,1
42883,1
42884,1
42885,1
42886,1
42888,0
42889,1
42890,0
42891,0
42892,0
42893,0
42894,0
42895,0
42897,0
42898,0
42899,0
42900,0
42901,0
42902,0
42903,0
42904,0
42905,0
42906,1
42907,1
42908,0
42909,0
42910,0
42911,1
42912,1
42913,0
42914,0
42915,0
42916,0
42917,0
42918,0
42919,0
42920,0
42921,0
42922,0
42923,0
42924,0
42925,0
42926,0
42927,0
42928,0
42929,1
42930,1
42931,0
42932,0
42933,0
42934,0
42935,0
42936,0
42937,0
42938,0
42939,0
42940,0
42941,0
42942,0
42943,1
42944,0
42945,0
42946,0
42947,0
42948,0
42949,1
42950,1
42951,0
42952,0
42953,0
42954,0
42955,0
42956,0
42957,0
42958,0
42959,0
42960,0
42961,0
42962,0
42963,1
42964,0
42965,1
42966,0
42967,1
42968,1
42970,0
42971,1
42972,1
42973,1
42974,1
42975,1
42979,1
42980,0
42981,1
42982,1
42984,0
42985,0
42986,0
42987,0
42988,0
42989,0
42990,0
42991,0
42992,0
42993,0
42994,0
42995,0
42996,0
42997,0
42998,0
42999,0
43000,0
43001,0
43002,0
43003,0
43004,0
43005,0
43006,0
43007,0
43008,0
43009,0
43010,0
43011,0
43012,0
43013,0
43014,0
43015,0
43016,0
43017,0
43018,0
43019,0
43020,0
43021,0
43025,1
43027,0
43028,0
43029,1
43030,0
43031,0
43032,0
43033,0
43034,0
43035,0
43036,0
43037,0
43038,0
43039,0
43040,0
43041,1
43042,1
43043,0
43045,0
43046,0
43047,0
43048,0
43049,0
43050,1
43051,0
43053,0
43054,1
43055,1
43056,1
43057,0
43058,1
43059,0
43060,1
43061,1
43063,1
43064,1
43065,0
43066,0
43067,0
43068,0
43069,0
43070,0
43071,0
43072,0
43073,1
43074,1
43075,1
43077,1
43078,1
43079,1
43080,1
43081,1
43082,1
43083,1
43084,1
43085,1
43086,1
43087,1
43088,1
43093,1
43094,1
43095,1
43099,1
43100,0
43101,0
43102,0
43103,0
43104,0
43105,0
43106,0
43107,0
43108,1
43109,0
43110,0
43111,0
43112,1
43113,0
43114,0
43115,0
43116,0
43117,0
43118,0
43119,0
43120,0
43121,0
43122,0
43123,0
43124,0
43125,0
43126,0
43127,0
43128,1
43129,1
43130,0
43131,0
43132,0
43133,0
43134,0
43135,0
43136,0
43137,0
43138,0
43139,0
43140,0
43141,0
43142,0
43143,0
43144,0
43145,0
43146,0
43147,0
43148,0
43149,0
43150,0
43151,0
43152,0
43153,0
43154,0
43155,0
43156,0
43157,0
43158,0
43159,0
43160,0
43161,0
43162,0
43163,0
43164,0
43165,0
43166,0
43167,0
43168,0
43169,0
43170,0
43171,0
43172,0
43173,0
43174,1
43175,0
43176,0
43177,0
43178,0
43179,0
43180,0
43181,0
43182,0
43183,0
43184,0
43185,0
43186,0
43187,0
43188,0
43189,0
43190,0
43191,0
43192,0
43193,0
43194,0
43195,0
43196,0
43197,0
43198,0
43199,0
43200,0
43203,0
43204,0
43205,0
43206,0
43207,0
43208,0
43209,0
43210,0
43211,0
43212,0
43213,0
43214,0
43215,0
43216,0
43217,0
43218,0
43219,0
43220,0
43221,0
43222,0
43223,0
43224,0
43226,0
43227,0
43228,0
43229,0
43230,0
43231,0
43232,0
43233,0
43234,0
43235,1
43236,0
43237,0
43238,0
43239,0
43240,0
43241,0
43242,0
43243,0
43244,0
43245,0
43246,0
43247,0
43248,0
43249,0
43250,0
43251,0
43252,0
43253,0
43254,0
43255,0
43256,0
43257,0
43258,0
43259,0
43260,0
43261,0
43262,1
43263,0
43264,0
43265,0
43266,0
43267,0
43268,0
43269,0
43270,0
43271,0
43272,0
43273,0
43274,0
43275,0
43276,0
43277,1
43278,0
43279,0
43280,0
43281,0
43282,0
43283,0
43284,1
43285,0
43286,0
43287,0
43288,0
43289,0
43290,0
43291,1
43292,0
43293,0
43294,0
43295,0
43296,0
43297,0
43298,0
43299,0
43300,0
43301,1
43302,0
43303,1
43304,0
43305,0
43306,0
43307,0
43308,0
43309,0
43310,0
43311,0
43312,0
43313,1
43314,1
43315,1
43316,1
43317,1
43318,0
43319,0
43320,0
43321,0
43322,0
43323,0
43324,0
43325,0
43326,1
43327,0
43328,0
43329,0
43330,0
43331,1
43332,1
43333,1
43334,1
43336,1
43337,1
43338,1
43339,1
43340,0
43341,1
43342,1
43343,1
43345,1
43346,1
43349,1
43350,1
43351,1
43352,0
43353,0
43354,0
43355,0
43356,0
43357,0
43358,0
43359,0
43360,0
43361,1
43362,1
43364,0
43365,0
43366,0
43367,0
43368,0
43369,0
43370,0
43371,0
43372,1
43373,0
43374,0
43375,0
43376,0
43377,0
43378,0
43379,0
43380,0
43381,0
43382,1
43383,1
43384,0
43385,1
43386,0
43387,0
43388,0
43389,1
43390,1
43391,0
43393,0
43394,0
43395,1
43396,0
43397,0
43398,1
43399,0
43400,0
43401,0
43402,1
43403,1
43404,1
43405,1
43406,1
43407,0
43408,0
43409,1
43410,1
43411,1
43412,1
43413,1
43414,1
43415,1
43416,1
43417,1
43418,0
43419,0
43420,0
43421,0
43422,0
43423,0
43424,0
43425,0
43426,0
43427,0
43428,0
43429,0
43430,0
43431,0
43432,0
43433,0
43434,0
43435,0
43436,0
43437,0
43438,0
43439,0
43440,0
43441,0
43442,0
43443,0
43444,0
43445,1
43446,0
43447,0
43448,0
43449,0
43450,0
43451,0
43452,0
43453,0
43454,0
43455,0
43456,0
43457,0
43458,0
43459,0
43460,0
43461,0
43462,0
43463,0
43464,0
43465,0
43466,0
43467,0
43468,0
43469,0
43470,0
43471,0
43472,0
43473,0
43474,0
43475,0
43476,0
43477,0
43478,0
43479,0
43480,0
43481,0
43482,0
43483,0
43484,0
43485,0
43486,0
43487,0
43488,0
43489,0
43490,0
43491,0
43492,0
43493,0
43494,0
43495,0
43496,1
43497,1
43498,0
43499,0
43500,0
43501,0
43502,0
43503,0
43504,1
43505,1
43506,1
43507,1
43508,1
43509,1
43510,0
43511,0
43512,0
43513,0
43514,0
43515,0
43516,0
43517,0
43518,0
43519,0
43520,0
43521,0
43522,0
43523,0
43524,1
43525,0
43526,0
43527,1
43528,0
43529,0
43530,0
43531,0
43532,0
43533,1
43534,0
43535,0
43536,0
43537,0
43538,0
43539,1
43540,1
43541,0
43542,1
43543,0
43544,0
43545,0
43546,0
43547,1
43548,1
43549,1
43550,0
43551,0
43552,0
43553,0
43554,0
43555,0
43556,0
43557,0
43558,1
43559,1
43560,1
43561,0
43562,0
43563,0
43564,1
43565,0
43566,0
43567,0
43568,0
43569,0
43570,0
43571,0
43572,0
43573,0
43574,0
43575,0
43576,0
43577,0
43578,0
43579,0
43580,0
43581,0
43582,0
43583,0
43584,0
43585,0
43586,0
43587,0
43588,0
43589,0
43590,0
43591,0
43592,0
43593,0
43594,0
43595,0
43596,0
43598,0
43599,0
43600,0
43601,0
43602,0
43603,0
43604,1
43605,0
43606,1
43607,0
43608,0
43609,0
43610,1
43611,1
43612,0
43613,0
43614,0
43615,0
43616,1
43617,1
43618,0
43619,0
43620,1
43621,0
43622,1
43623,0
43624,1
43625,0
43626,1
43627,0
43628,0
43629,0
43630,0
43631,0
43632,1
43633,0
43634,0
43635,0
43636,0
43637,0
43638,0
43639,0
43640,0
43641,0
43642,0
43643,0
43644,0
43645,1
43646,0
43647,0
43648,0
43649,0
43650,0
43651,0
43652,0
43653,0
43654,0
43655,1
43656,1
43657,0
43658,0
43659,1
43660,0
43661,1
43662,0
43663,0
43664,0
43665,0
43666,0
43667,0
43668,0
43669,0
43670,0
43671,1
43672,1
43673,0
43674,0
43675,0
43676,0
43677,0
43678,0
43680,0
43681,0
43682,0
43683,0
43684,1
43685,1
43686,1
43687,1
43688,0
43689,0
43690,0
43691,0
43692,0
43693,0
43694,0
43695,0
43696,0
43697,0
43698,0
43699,1
43700,1
43701,0
43702,0
43703,0
43704,0
43705,0
43706,0
43707,0
43708,0
43709,0
43710,0
43711,0
43712,0
43713,0
43714,0
43715,0
43716,0
43717,0
43718,0
43719,0
43720,0
43721,0
43722,0
43723,0
43724,0
43725,0
43727,0
43728,0
43729,0
43730,0
43731,1
43732,1
43733,0
43735,0
43736,0
43737,0
43738,0
43739,0
43740,0
43741,0
43742,1
43743,1
43744,0
43745,0
43746,0
43747,0
43748,1
43749,0
43750,0
43751,0
43752,0
43753,0
43754,0
43755,0
43756,0
43757,0
43758,0
43759,0
43760,0
43761,0
43762,0
43763,0
43764,0
43765,0
43766,0
43767,0
43768,0
43769,0
43770,0
43771,0
43772,0
43773,0
43774,0
43775,0
43777,0
43778,0
43779,0
43780,0
43781,1
43782,1
43783,1
43784,1
43785,0
43786,1
43787,1
43788,0
43789,0
43790,1
43791,0
43792,1
43793,1
43794,0
43795,0
43796,0
43797,0
43798,0
43799,0
43800,0
43801,1
43802,1
43803,0
43804,0
43805,0
43807,0
43808,0
43809,0
43810,0
43811,0
43812,0
43813,0
43814,0
43815,0
43816,0
43817,0
43818,0
43819,0
43820,0
43821,0
43822,0
43823,0
43824,0
43825,0
43826,0
43827,0
43828,0
43829,1
43830,0
43831,1
43833,0
43834,0
43835,0
43836,0
43837,0
43838,0
43839,0
43840,0
43841,0
43842,0
43843,0
43844,0
43845,0
43846,0
43847,0
43848,0
43849,0
43850,0
43851,0
43852,0
43853,0
43854,0
43855,0
43856,0
43857,0
43858,0
43859,0
43860,0
43861,0
43862,0
43863,0
43864,0
43865,0
43866,0
43867,0
43868,0
43869,0
43870,0
43871,0
43872,1
43873,0
43874,0
43875,0
43876,0
43877,0
43878,0
43879,1
43880,1
43881,0
43882,0
43883,0
43884,0
43885,0
43886,0
43887,0
43888,0
43889,0
43890,0
43891,0
43892,0
43893,0
43894,0
43895,0
43896,0
43897,1
43898,0
43899,0
43900,0
43901,0
43902,0
43903,0
43904,0
43905,0
43906,1
43907,1
43908,1
43909,1
43910,0
43911,0
43912,1
43913,0
43914,0
43915,0
43916,0
43917,1
43918,0
43919,0
43921,0
43922,0
43923,0
43924,0
43925,0
43926,0
43927,0
43928,0
43929,0
43930,0
43931,0
43932,0
43933,0
43934,0
43935,0
43936,0
43937,0
43938,0
43939,0
43940,0
43941,0
43942,1
43943,1
43944,1
43945,1
43946,0
43948,1
43949,1
43950,1
43951,0
43952,1
43953,0
43954,0
43955,0
43956,0
43957,0
43958,0
43959,1
43960,0
43961,0
43962,0
43963,1
43964,0
43965,0
43966,0
43967,1
43968,0
43969,0
43970,1
43971,0
43972,0
43973,0
43974,0
43975,0
43976,0
43977,0
43978,0
43979,0
43980,1
43981,1
43982,1
43983,1
43984,0
43985,0
43986,0
43987,0
43988,0
43989,0
43990,0
43991,0
43992,0
43993,0
43994,1
43995,1
43996,0
43998,0
43999,0
44000,0
44001,0
44002,0
44003,0
44004,0
44005,0
44006,0
44007,0
44008,1
44009,0
44010,1
44011,0
44012,0
44013,0
44014,0
44015,0
44016,1
44017,1
44018,0
44019,0
44020,0
44021,1
44022,1
44023,0
44024,1
44025,1
44026,0
44027,1
44028,1
44029,0
44030,0
44031,0
44032,0
44033,0
44034,0
44035,0
44036,0
44037,1
44038,0
44039,0
44040,0
44041,1
44042,0
44043,0
44044,1
44045,0
44046,0
44047,0
44048,0
44049,0
44050,0
44051,0
44052,0
44053,1
44054,0
44055,0
44056,0
44057,0
44058,0
44059,0
44060,0
44061,0
44062,0
44063,0
44064,0
44065,0
44066,0
44067,0
44068,0
44069,0
44070,0
44071,0
44072,0
44073,0
44074,0
44075,0
44076,0
44077,0
44078,0
44079,0
44080,0
44081,0
44082,0
44083,0
44084,0
44085,1
44086,0
44087,0
44088,0
44089,0
44090,0
44091,0
44092,0
44093,0
44094,0
44095,1
44096,1
44097,0
44098,0
44099,0
44100,0
44101,0
44102,0
44103,0
44104,0
44105,1
44106,1
44107,0
44108,0
44109,1
44110,1
44111,1
44112,1
44113,1
44114,1
44115,1
44116,1
44117,1
44118,1
44119,1
44120,0
44121,0
44122,0
44123,0
44124,1
44125,0
44126,0
44127,0
44128,0
44129,0
44130,0
44131,0
44132,0
44133,0
44134,0
44135,0
44136,0
44137,1
44138,0
44139,0
44140,0
44141,0
44142,1
44143,0
44144,0
44145,1
44146,1
44147,1
44148,1
44149,0
44150,1
44151,1
44153,1
44154,0
44155,0
44156,0
44157,0
44158,0
44159,0
44160,1
44161,1
44163,1
44164,1
44165,1
44166,1
44167,1
44168,1
44169,1
44170,1
44172,1
44173,1
44174,1
44175,1
44176,1
44177,1
44178,1
44179,1
44180,1
44181,1
44183,0
44184,1
44185,0
44186,0
44187,1
44188,1
44189,1
44190,1
44191,0
44192,1
44193,1
44194,1
44195,1
44196,1
44197,1
44198,1
44199,1
44200,1
44201,1
44202,1
44203,0
44204,1
44205,0
44206,0
44207,0
44208,0
44209,1
44210,0
44211,0
44212,0
44213,1
44214,1
44215,0
44216,0
44217,0
44218,0
44219,0
44220,0
44221,0
44222,0
44223,0
44224,0
44225,0
44226,0
44227,0
44228,1
44229,1
44230,0
44231,0
44232,0
44233,0
44234,0
44235,1
44236,1
44237,0
44238,0
44239,0
44240,0
44241,0
44242,0
44243,0
44244,0
44245,0
44246,0
44247,0
44248,0
44249,0
44250,0
44251,0
44252,0
44253,0
44254,0
44255,0
44256,0
44257,0
44258,0
44259,0
44260,0
44261,0
44262,0
44263,0
44264,0
44265,0
44266,0
44267,0
44268,0
44269,0
44270,0
44271,0
44272,0
44273,0
44274,0
44275,0
44276,0
44277,0
44278,1
44279,1
44280,0
44281,0
44282,0
44283,1
44284,1
44286,1
44287,0
44288,1
44289,1
44290,0
44291,0
44292,0
44293,0
44294,0
44295,0
44296,0
44297,0
44298,0
44299,0
44300,0
44301,0
44302,0
44303,0
44304,0
44305,1
44306,0
44307,1
44308,1
44309,0
44310,0
44311,1
44312,1
44313,1
44314,0
44315,0
44316,0
44317,0
44318,0
44319,0
44320,1
44321,1
44322,0
44323,0
44324,0
44325,0
44326,0
44327,0
44328,0
44329,0
44330,0
44331,0
44332,0
44333,1
44334,0
44335,0
44336,0
44337,0
44338,0
44339,0
44340,0
44341,0
44342,0
44343,0
44344,0
44345,0
44346,0
44347,0
44348,0
44349,0
44350,0
44351,0
44352,0
44353,0
44354,0
44355,0
44356,0
44357,0
44359,0
44360,0
44361,0
44362,0
44363,1
44364,1
44365,0
44366,0
44367,1
44368,0
44369,0
44370,0
44371,1
44372,0
44373,0
44374,0
44375,0
44376,1
44377,1
44378,1
44379,1
44380,1
44381,0
44382,0
44383,0
44384,0
44385,1
44386,1
44387,1
44388,0
44389,0
44390,0
44391,0
44392,1
44393,0
44394,1
44395,0
44396,0
44397,1
44398,1
44399,1
44400,1
44401,0
44402,0
44403,0
44404,1
44405,0
44406,0
44407,0
44408,0
44409,0
44410,0
44411,0
44412,0
44413,0
44414,1
44415,0
44416,0
44417,0
44418,0
44419,0
44420,0
44421,0
44422,0
44423,0
44424,0
44425,0
44426,0
44427,1
44428,0
44429,0
44430,0
44431,1
44432,0
44433,0
44434,1
44435,0
44436,0
44437,0
44438,0
44439,0
44440,0
44441,0
44442,0
44443,0
44444,0
44445,0
44446,0
44447,0
44448,0
44449,0
44450,1
44451,1
44452,1
44453,1
44454,0
44455,0
44456,0
44457,0
44458,0
44459,0
44460,0
44461,0
44462,0
44463,0
44464,0
44465,0
44466,0
44467,0
44468,0
44469,0
44470,1
44471,0
44472,0
44473,0
44474,0
44475,0
44476,0
44477,0
44478,0
44479,0
44480,0
44481,0
44482,0
44483,0
44484,0
44485,0
44486,0
44487,0
44488,0
44489,1
44490,0
44491,1
44492,0
44493,0
44494,1
44495,1
44496,0
44497,0
44498,0
44499,0
44500,0
44501,0
44502,0
44503,0
44504,0
44505,0
44506,0
44507,0
44508,0
44509,0
44510,0
44511,0
44512,1
44513,0
44514,0
44515,1
44516,1
44517,0
44518,0
44519,0
44520,0
44521,0
44522,0
44523,0
44524,1
44525,0
44526,1
44527,1
44528,1
44529,0
44530,1
44531,1
44532,0
44533,0
44534,0
44535,0
44536,1
44537,1
44538,1
44539,0
44540,0
44541,0
44542,0
44543,0
44544,0
44545,0
44546,0
44547,0
44548,0
44549,0
44550,0
44551,0
44552,1
44553,1
44554,0
44555,0
44556,0
44557,0
44558,1
44559,0
44560,0
44561,0
44562,1
44563,1
44564,0
44565,0
44566,0
44567,0
44568,0
44569,0
44570,0
44571,1
44572,0
44573,0
44574,0
44575,0
44577,0
44578,0
44579,0
44580,1
44581,0
44582,0
44583,0
44584,1
44585,0
44586,1
44588,0
44589,0
44590,1
44591,0
44592,0
44593,1
44594,1
44595,1
44596,0
44597,0
44598,1
44599,0
44600,0
44601,0
44602,0
44603,0
44604,0
44605,1
44606,1
44607,0
44608,0
44609,0
44610,0
44611,1
44612,0
44613,0
44615,0
44616,1
44617,1
44618,0
44619,1
44620,1
44621,1
44622,1
44624,0
44625,1
44626,0
44627,0
44628,0
44629,0
44630,0
44631,0
44632,1
44633,0
44634,0
44635,1
44636,1
44637,1
44638,0
44639,1
44640,1
44641,1
44642,1
44643,0
44644,0
44645,1
44646,0
44647,0
44648,1
44649,1
44650,1
44651,1
44652,1
44653,0
44654,0
44655,0
44656,0
44657,0
44658,1
44659,0
44660,1
44661,0
44662,1
44663,1
44664,1
44665,1
44666,0
44667,0
44668,0
44670,1
44671,1
44672,0
44673,0
44674,0
44675,0
44676,1
44677,1
44678,0
44679,1
44680,1
44681,0
44682,0
44683,0
44684,0
44685,0
44686,1
44687,0
44688,1
44689,1
44690,0
44691,0
44692,0
44693,0
44694,0
44695,0
44696,0
44697,0
44698,0
44699,0
44700,0
44701,0
44702,1
44703,1
44704,0
44705,0
44706,0
44707,1
44708,1
44709,0
44710,0
44711,0
44712,0
44713,0
44714,1
44715,0
44716,0
44717,0
44718,0
44719,0
44720,0
44721,0
44722,0
44723,0
44724,0
44725,0
44726,0
44727,0
44728,0
44729,0
44730,0
44731,0
44732,0
44733,0
44734,0
44735,1
44736,0
44737,0
44738,1
44739,0
44740,1
44741,1
44742,1
44743,1
44744,1
44745,1
44746,0
44747,0
44748,1
44749,1
44750,1
44751,0
44752,1
44753,0
44754,0
44755,1
44756,1
44757,1
44758,1
44759,1
44760,0
44761,1
44762,0
44763,0
44764,0
44766,0
44767,0
44768,0
44769,0
44770,0
44771,0
44772,0
44773,0
44774,0
44775,1
44776,0
44777,0
44778,0
44779,0
44780,0
44781,0
44782,0
44783,0
44784,1
44787,1
44788,0
44789,1
44790,1
44791,0
44792,0
44793,0
44794,0
44795,0
44796,0
44797,0
44798,0
44799,0
44800,0
44801,1
44802,1
44803,0
44804,1
44805,1
44806,0
44807,0
44809,0
44810,0
44811,0
44812,0
44813,0
44814,0
44815,0
44816,1
44817,1
44818,1
44819,1
44820,0
44821,1
44822,0
44823,1
44824,0
44825,1
44826,0
44827,0
44828,0
44829,0
44830,1
44831,1
44832,0
44833,0
44834,1
44835,1
44836,1
44837,0
44838,0
44839,0
44840,0
44841,1
44842,0
44843,0
44844,0
44845,0
44846,0
44847,0
44848,0
44849,1
44850,1
44851,0
44852,0
44853,0
44854,0
44855,0
44856,0
44857,0
44858,1
44859,0
44860,0
44861,0
44862,0
44863,0
44864,0
44865,0
44866,0
44867,0
44868,1
44869,0
44870,0
44871,1
44872,0
44873,0
44874,0
44875,0
44876,0
44877,0
44878,1
44879,0
44880,1
44881,0
44882,1
44883,0
44884,1
44885,1
44886,0
44887,0
44888,0
44889,0
44890,0
44891,0
44892,0
44893,0
44894,1
44895,0
44896,1
44898,1
44899,0
44900,0
44901,1
44902,0
44903,0
44904,0
44905,0
44906,1
44907,0
44908,0
44909,0
44910,1
44911,0
44912,0
44913,0
44914,0
44915,0
44916,0
44917,0
44918,0
44919,1
44920,1
44922,0
44923,0
44924,1
44925,0
44926,0
44927,0
44928,1
44929,1
44930,0
44931,0
44932,0
44933,1
44934,1
44935,0
44936,0
44937,0
44938,1
44939,0
44940,0
44941,0
44942,0
44943,1
44944,0
44945,0
44947,0
44948,0
44949,1
44950,1
44951,0
44952,1
44953,0
44954,0
44955,0
44956,0
44957,0
44958,1
44959,1
44960,0
44961,1
44962,1
44963,1
44964,1
44965,0
44966,0
44967,0
44968,1
44969,1
44970,1
44971,0
44972,0
44973,0
44974,0
44975,0
44976,1
44977,1
44978,0
44979,0
44980,0
44981,0
44982,0
44983,0
44984,1
44985,0
44986,1
44987,1
44988,0
44989,1
44990,0
44991,0
44992,1
44993,1
44994,1
44995,0
44996,0
44997,0
44998,1
44999,1
45000,0
45001,0
45002,0
45003,1
45005,1
45006,1
45007,0
45008,0
45009,0
45010,0
45011,0
45012,0
45013,0
45014,0
45015,1
45016,0
45017,1
45018,0
45019,0
45020,1
45021,0
45022,0
45023,1
45024,0
45025,0
45026,0
45027,0
45028,1
45029,0
45030,0
45031,0
45032,1
45033,0
45034,0
45035,1
45036,0
45037,0
45038,1
45039,0
45040,1
45041,0
45042,0
45043,0
45044,0
45045,0
45046,1
45047,0
45048,1
45049,0
45050,1
45051,1
45052,1
45053,1
45055,0
45056,0
45057,1
45058,0
45059,1
45060,0
45061,1
45062,0
45063,0
45065,0
45066,0
45067,0
45068,0
45069,0
45070,1
45071,0
45073,0
45074,1
45075,0
45076,0
45077,1
45078,0
45079,1
45080,1
45083,1
45084,1
45087,0
45089,1
45090,1
45091,0
45093,0
45094,0
45095,0
45096,1
45099,1
45103,1
45104,0
45105,0
45106,0
45107,0
45108,0
45109,0
45110,0
45111,1
45112,1
45113,0
45114,0
45115,1
45116,0
45117,1
45118,0
45119,0
45120,0
45121,1
45122,0
45123,0
45124,0
45125,0
45126,0
45127,0
45128,0
45129,0
45130,0
45131,0
45132,0
45133,0
45134,0
45135,0
45136,0
45137,0
45138,0
45139,0
45140,1
45141,0
45142,0
45143,0
45144,1
45145,1
45146,0
45147,0
45148,1
45149,1
45150,0
45151,0
45152,0
45153,0
45154,0
45155,0
45156,1
45157,0
45158,0
45159,0
45160,0
45161,0
45162,0
45163,0
45164,0
45165,0
45166,0
45167,0
45168,0
45169,1
45171,1
45172,0
45173,1
45174,0
45175,1
45176,1
45177,1
45178,0
45179,0
45180,0
45181,0
45183,0
45184,1
45185,0
45186,0
45187,0
45188,0
45189,0
45190,0
45191,0
45192,0
45193,0
45194,0
45195,1
45196,0
45197,0
45198,1
45199,0
45200,1
45201,0
45202,0
45204,0
45205,1
45206,0
45207,0
45208,1
45209,0
45210,1
45211,0
45212,0
45213,1
45214,0
45215,0
45216,0
45217,1
45218,1
45219,1
45220,0
45221,0
45222,1
45223,1
45224,0
45225,1
45226,1
45227,1
45228,0
45229,0
45230,0
45231,1
45232,1
45233,1
45234,1
45235,1
45236,0
45237,0
45238,0
45239,0
45240,0
45241,1
45242,1
45243,1
45244,0
45246,0
45247,0
45248,1
45249,1
45250,0
45251,0
45252,0
45253,0
45254,1
45255,0
45256,0
45257,0
45258,0
45259,0
45260,0
45261,1
45262,1
45263,0
45264,1
45265,1
45266,0
45267,0
45268,0
45269,0
45270,0
45271,0
45272,0
45273,0
45274,0
45275,1
45278,0
45279,0
45280,0
45281,1
45282,0
45283,0
45284,0
45285,0
45286,0
45287,0
45288,0
45289,1
45290,0
45291,0
45292,0
45293,0
45294,1
45295,1
45296,0
45297,1
45298,0
45299,0
45300,0
45301,1
45302,1
45303,0
45304,0
45305,1
45306,0
45307,0
45308,1
45309,0
45310,0
45311,0
45312,1
45313,0
45314,0
45315,1
45316,1
45317,0
45318,1
45319,1
45320,0
45321,0
45322,0
45323,0
45324,0
45325,0
45326,1
45327,1
45328,0
45329,0
45330,0
45331,0
45332,0
45333,1
45335,1
45336,0
45337,0
45338,1
45339,0
45340,0
45341,0
45342,0
45343,0
45344,0
45345,0
45346,0
45347,0
45348,0
45349,1
45350,1
45352,0
45353,0
45354,0
45355,1
45356,0
45357,0
45358,0
45359,0
45360,0
45361,0
45362,0
45363,0
45364,0
45365,0
45366,1
45367,0
45368,0
45369,0
45370,0
45371,0
45372,0
45373,1
45374,0
45375,0
45376,0
45377,0
45378,0
45379,1
45380,0
45381,0
45382,1
45383,1
45384,0
45386,0
45387,1
45388,0
45389,1
45390,0
45392,0
45393,0
45394,0
45395,0
45396,0
45397,0
45398,0
45399,1
45400,0
45401,1
45402,1
45403,0
45404,1
45405,1
45406,0
45407,0
45408,1
45409,1
45410,0
45411,0
45412,0
45413,1
45414,0
45415,0
45416,0
45417,0
45418,0
45419,0
45420,1
45422,0
45423,1
45424,1
45425,0
45426,0
45427,0
45428,1
45429,1
45430,0
45431,0
45432,1
45433,0
45434,1
45435,0
45436,0
45437,0
45438,0
45439,0
45440,0
45441,0
45442,0
45443,0
45444,0
45445,1
45446,0
45447,0
45448,0
45449,0
45450,1
45451,0
45452,0
45453,0
45454,0
45455,1
45456,1
45457,1
45458,1
45459,0
45460,0
45461,0
45462,1
45465,0
45466,0
45467,0
45468,0
45469,0
45472,0
45473,1
45474,1
45475,0
45476,0
45477,0
45478,0
45479,1
45481,1
45482,1
45483,0
45484,0
45485,1
45486,0
45487,0
45488,1
45489,1
45491,1
45492,0
45493,0
45494,0
45495,1
45496,0
45497,0
45498,1
45499,0
45500,0
45501,0
45502,1
45503,0
45504,0
45505,0
45506,1
45507,0
45508,1
45509,0
45510,1
45511,1
45512,0
45513,0
45514,1
45515,1
45516,0
45517,0
45518,0
45519,0
45520,1
45521,1
45522,1
45525,1
45526,0
45527,0
45528,0
45529,1
45530,0
45531,0
45532,0
45533,1
45534,1
45535,0
45536,0
45537,0
45538,1
45541,0
45543,0
45544,0
45545,0
45546,1
45547,1
45548,1
45549,0
45550,0
45551,0
45552,0
45553,1
45554,0
45555,0
45557,0
45558,0
45559,1
45560,0
45561,0
45562,1
45563,1
45564,1
45565,0
45566,0
45567,0
45568,0
45569,0
45570,0
45571,1
45572,0
45573,1
45574,1
45575,0
45576,0
45577,0
45578,0
45579,0
45580,0
45581,0
45582,0
45583,0
45584,0
45585,1
45586,0
45587,0
45588,0
45589,1
45590,0
45591,0
45592,0
45593,0
45594,1
45595,0
45596,0
45597,1
45598,0
45599,0
45600,0
45601,0
45602,0
45603,0
45604,1
45605,1
45606,1
45607,0
45608,0
45609,0
45614,1
45615,0
45616,0
45617,0
45618,0
45619,0
45620,0
45621,0
45622,1
45623,0
45624,0
45625,0
45626,1
45627,0
45628,1
45629,0
45630,0
45631,0
45632,0
45633,0
45634,1
45635,0
45637,0
45638,0
45639,1
45640,0
45641,0
45642,0
45643,0
45644,0
45645,1
45647,1
45648,0
45649,0
45650,0
45651,0
45652,0
45653,1
45654,0
45655,0
45656,0
45657,0
45658,0
45659,0
45660,1
45661,0
45662,0
45663,0
45664,0
45665,0
45666,0
45667,0
45668,0
45669,0
45670,1
45671,0
45672,0
45673,0
45674,0
45675,0
45676,0
45677,1
45678,0
45679,0
45680,0
45681,0
45682,0
45683,0
45684,0
45685,0
45686,1
45687,0
45688,1
45689,0
45690,1
45691,1
45692,1
45693,0
45694,0
45695,1
45696,1
45697,1
45698,1
45699,1
45700,0
45701,0
45702,0
45703,1
45704,0
45705,0
45706,0
45707,1
45708,0
45709,0
45710,0
45711,0
45712,0
45713,1
45714,0
45715,0
45716,0
45717,0
45718,1
45719,0
45720,0
45721,0
45722,1
45723,0
45724,0
45725,0
45726,0
45727,1
45728,0
45729,1
45730,1
45731,0
45732,0
45733,0
45734,0
45735,0
45736,0
45737,0
45738,0
45739,0
45740,0
45741,0
45742,0
45744,0
45745,1
45746,0
45747,0
45748,0
45750,0
45751,1
45753,0
45754,0
45755,0
45756,0
45757,1
45758,0
45759,1
45760,1
45761,0
45762,0
45763,0
45764,1
45765,0
45766,0
45767,0
45768,0
45769,1
45770,0
45771,1
45772,0
45773,0
45774,0
45775,1
45776,0
45777,0
45778,1
45779,0
45780,1
45781,1
45782,1
45783,1
45785,0
45786,0
45787,1
45788,0
45789,1
45790,0
45791,0
45792,0
45793,1
45794,0
45795,0
45796,1
45797,0
45798,1
45800,1
45802,0
45803,0
45804,1
45805,0
45806,1
45807,1
45808,0
45809,0
45810,0
45812,0
45813,0
45814,0
45815,0
45816,0
45817,0
45818,0
45819,1
45820,1
45821,0
45822,0
45823,1
45824,0
45825,0
45826,0
45827,0
45828,1
45829,0
45830,1
45831,1
45832,0
45833,0
45834,0
45835,0
45836,0
45837,0
45838,0
45839,0
45840,0
45841,0
45842,0
45843,0
45844,0
45845,1
45846,0
45847,0
45848,0
45849,0
45850,1
45851,1
45852,0
45853,0
45854,0
45855,0
45856,1
45857,1
45858,0
45859,0
45860,0
45861,1
45863,0
45864,1
45865,1
45866,1
45867,0
45868,0
45869,1
45870,0
45871,0
45872,1
45873,1
45874,0
45875,0
45876,0
45877,0
45878,0
45879,1
45880,0
45881,0
45882,0
45883,0
45884,0
45885,1
45886,0
45887,0
45888,0
45889,1
45890,0
45891,0
45892,0
45893,0
45894,0
45895,1
45896,1
45897,1
45898,1
45899,0
45900,0
45901,0
45902,0
45903,0
45904,0
45905,0
45906,0
45907,1
45908,1
45909,0
45910,0
45911,0
45912,0
45913,0
45914,0
45915,0
45916,0
45917,0
45918,1
45919,0
45920,0
45921,0
45922,0
45923,0
45924,0
45925,1
45926,0
45927,0
45928,1
45929,0
45930,0
45931,1
45932,0
45933,0
45934,0
45935,0
45936,0
45937,1
45938,0
45939,0
45940,0
45941,0
45942,0
45943,1
45944,0
45945,0
45946,1
45947,0
45948,1
45949,0
45950,0
45951,1
45952,0
45953,0
45954,0
45955,1
45956,0
45957,1
45958,0
45959,0
45960,1
45961,0
45962,0
45963,0
45964,1
45965,1
45966,0
45967,0
45968,1
45969,0
45970,0
45971,0
45972,0
45973,0
45974,0
45975,0
45976,1
45977,0
45978,0
45979,0
45980,1
45981,0
45982,0
45983,0
45984,0
45985,0
45986,0
45987,0
45988,1
45989,0
45990,1
45991,1
45992,0
45993,1
45994,1
45995,0
45996,0
45998,0
45999,1
46000,1
46001,0
46002,1
46003,1
46004,1
46005,0
46006,1
46007,0
46008,1
46009,0
46010,0
46011,0
46012,1
46013,1
46014,1
46015,0
46016,0
46017,1
46018,0
46019,1
46020,1
46021,0
46022,0
46023,0
46024,0
46025,1
46026,1
46027,1
46028,1
46029,0
46030,1
46031,0
46032,1
46033,0
46034,1
46035,0
46036,0
46037,0
46038,1
46039,0
46040,0
46041,1
46042,0
46043,1
46044,0
46045,0
46046,0
46047,0
46048,1
46049,0
46050,1
46051,0
46052,0
46053,0
46054,0
46055,0
46056,0
46057,0
46058,0
46059,0
46061,0
46062,1
46063,0
46064,0
46065,1
46066,0
46067,0
46068,1
46069,1
46070,0
46071,0
46072,0
46073,1
46074,0
46075,0
46076,1
46077,1
46078,0
46079,0
46080,0
46081,0
46082,1
46083,0
46084,0
46085,0
46087,0
46088,1
46090,0
46091,1
46092,0
46093,1
46094,1
46095,0
46096,1
46097,1
46098,0
46099,0
46100,1
46101,1
46102,0
46103,0
46104,0
46105,0
46106,0
46107,1
46108,1
46109,0
46110,0
46111,0
46112,0
46113,1
46114,1
46115,1
46116,0
46117,0
46118,0
46119,0
46120,0
46121,1
46122,0
46123,0
46124,0
46125,0
46126,0
46127,1
46128,1
46129,1
46130,1
46132,1
46133,1
46134,0
46135,0
46136,0
46137,0
46138,0
46139,0
46140,0
46141,0
46142,0
46143,1
46144,1
46145,0
46146,0
46147,0
46148,0
46149,0
46150,0
46151,0
46152,0
46153,0
46154,0
46155,0
46156,0
46157,1
46158,0
46159,0
46160,0
46162,0
46163,0
46164,1
46165,0
46166,0
46167,1
46168,1
46169,0
46170,0
46171,1
46172,0
46174,1
46175,0
46176,1
46178,0
46180,0
46181,0
46182,0
46183,0
46184,0
46185,0
46186,1
46187,1
46188,0
46189,0
46190,1
46191,0
46192,1
46193,0
46194,1
46195,1
46196,0
46197,0
46198,0
46199,0
46200,0
46201,1
46202,1
46203,1
46204,0
46205,0
46206,0
46207,0
46208,0
46209,0
46210,0
46211,0
46212,0
46213,1
46214,0
46215,1
46216,1
46217,0
46218,0
46219,1
46220,0
46222,0
46223,1
46224,1
46225,0
46226,0
46227,0
46228,0
46229,0
46231,0
46232,0
46233,0
46234,0
46235,0
46236,1
46237,0
46238,1
46239,0
46240,0
46241,0
46242,1
46243,1
46244,1
46245,1
46246,1
46247,0
46248,0
46249,0
46250,0
46251,0
46253,1
46254,1
46255,1
46256,0
46257,0
46259,0
46260,1
46261,1
46264,0
46265,1
46266,1
46269,0
46270,1
46271,0
46272,0
46273,1
46274,1
46275,0
46276,0
46277,1
46278,0
46279,1
46280,0
46281,0
46282,1
46283,0
46284,1
46285,1
46286,1
46287,0
46288,0
46289,0
46290,0
46291,1
46292,1
46293,0
46294,1
46295,0
46296,0
46297,0
46298,0
46299,1
46300,0
46301,0
46302,0
46303,1
46304,1
46305,0
46306,0
46307,0
46308,0
46309,0
46310,0
46312,0
46313,0
46314,0
46315,1
46316,1
46317,0
46318,1
46319,1
46320,1
46321,0
46322,1
46323,1
46324,1
46325,0
46326,0
46327,0
46328,0
46329,1
46330,0
46331,1
46333,0
46334,0
46335,1
46336,0
46337,0
46338,1
46339,1
46340,1
46341,0
46342,1
46343,0
46344,0
46345,0
46346,1
46347,1
46348,1
46349,1
46350,1
46351,0
46352,1
46353,1
46354,0
46355,0
46356,0
46357,1
46358,1
46359,1
46360,1
46361,0
46362,1
46363,0
46364,0
46365,0
46366,1
46367,0
46368,1
46369,0
46370,0
46371,0
46372,0
46373,0
46374,1
46375,1
46376,0
46377,1
46378,0
46379,0
46380,0
46381,0
46382,0
46383,0
46384,1
46385,1
46386,0
46387,1
46388,0
46389,0
46390,1
46391,1
46392,0
46393,0
46394,1
46395,1
46396,1
46397,0
46399,0
46400,0
46401,0
46402,0
46403,0
46404,0
46405,0
46406,0
46407,1
46408,1
46409,0
46410,1
46411,0
46412,1
46413,1
46414,0
46415,0
46416,0
46417,0
46418,0
46419,0
46420,0
46421,0
46422,1
46423,1
46424,1
46426,1
46427,0
46428,0
46429,0
46430,0
46431,0
46432,1
46433,0
46434,0
46435,1
46436,1
46437,0
46438,0
46439,0
46440,1
46441,0
46442,0
46443,0
46444,0
46445,0
46446,0
46447,0
46448,0
46449,1
46450,1
46451,1
46452,0
46453,0
46454,0
46455,1
46456,1
46457,0
46458,0
46459,0
46460,1
46461,1
46462,1
46463,1
46464,0
46465,0
46466,1
46467,0
46468,0
46469,0
46470,0
46471,0
46472,0
46473,0
46474,0
46475,0
46476,0
46477,1
46478,0
46479,0
46480,0
46481,1
46482,0
46483,0
46484,0
46485,0
46486,0
46487,0
46488,0
46489,1
46490,0
46491,0
46492,1
46493,1
46494,1
46495,1
46496,1
46497,1
46498,1
46499,0
46500,0
46501,0
46502,0
46503,0
46504,0
46505,0
46506,0
46507,1
46508,1
46509,0
46510,0
46511,1
46512,1
46513,1
46514,0
46515,0
46516,0
46517,0
46518,0
46519,0
46520,0
46521,1
46522,0
46523,0
46524,0
46525,0
46526,1
46527,0
46528,0
46529,0
46530,1
46531,0
46532,1
46533,1
46534,0
46535,0
46536,0
46537,0
46538,0
46540,1
46542,0
46543,0
46544,0
46545,1
46546,0
46547,0
46548,0
46549,0
46550,0
46551,1
46552,0
46553,1
46554,1
46555,0
46556,0
46557,1
46558,1
46560,0
46562,1
46563,0
46564,0
46565,0
46566,1
46567,1
46568,1
46569,1
46570,0
46571,1
46572,1
46573,0
46574,0
46575,1
46576,0
46577,1
46578,1
46580,0
46581,0
46582,1
46583,0
46584,0
46585,0
46586,1
46587,0
46588,0
46589,0
46590,1
46591,0
46592,1
46593,0
46594,1
46595,0
46596,0
46597,0
46598,0
46599,0
46600,0
46601,1
46602,0
46603,1
46604,1
46607,1
46608,0
46609,0
46610,1
46612,1
46613,0
46614,1
46615,1
46616,1
46617,1
46618,0
46619,0
46620,1
46621,1
46622,0
46623,0
46624,0
46625,1
46626,1
46627,0
46628,1
46630,1
46631,1
46632,0
46633,1
46634,0
46635,0
46636,0
46637,0
46638,0
46639,0
46640,0
46641,1
46642,1
46643,0
46644,0
46645,0
46646,0
46647,1
46648,0
46649,0
46650,1
46651,0
46652,0
46653,1
46654,1
46655,0
46656,0
46658,0
46659,0
46660,0
46661,0
46662,0
46663,1
46664,0
46665,1
46666,0
46667,0
46668,0
46669,0
46670,0
46671,1
46672,0
46673,1
46674,0
46675,0
46676,0
46677,0
46678,0
46679,1
46680,0
46681,0
46682,0
46683,0
46684,0
46685,1
46686,0
46687,0
46688,0
46689,0
46690,0
46691,0
46692,0
46693,0
46695,0
46696,1
46697,0
46698,0
46700,1
46701,1
46702,0
46703,0
46704,1
46705,1
46706,1
46708,1
46709,1
46711,1
46714,0
46715,0
46716,0
46717,0
46718,1
46719,0
46720,0
46721,0
46722,0
46723,1
46724,0
46725,0
46726,1
46727,0
46728,0
46729,1
46730,1
46731,1
46733,0
46734,0
46735,0
46736,1
46737,1
46738,0
46739,1
46740,0
46741,1
46742,0
46743,0
46744,1
46745,0
46746,1
46747,0
46748,1
46749,0
46750,1
46752,1
46753,0
46754,0
46755,0
46756,0
46757,0
46758,0
46759,0
46760,0
46761,1
46762,0
46763,1
46764,0
46765,0
46766,0
46767,0
46768,0
46769,0
46770,0
46771,0
46772,0
46773,1
46775,1
46776,0
46777,0
46778,0
46779,0
46780,1
46781,0
46782,1
46783,1
46784,0
46785,0
46786,0
46787,0
46788,1
46789,1
46790,1
46791,1
46792,0
46793,0
46794,1
46795,0
46796,1
46797,0
46800,1
46801,0
46802,1
46803,0
46804,0
46805,1
46806,0
46807,1
46808,0
46809,1
46810,0
46811,0
46812,0
46813,0
46814,1
46815,1
46816,0
46817,0
46818,0
46819,0
46820,0
46821,0
46823,0
46824,0
46825,0
46826,0
46827,0
46828,0
46829,1
46830,0
46831,1
46832,0
46833,1
46834,0
46835,0
46836,0
46837,0
46838,0
46839,0
46840,0
46841,0
46842,0
46843,0
46844,0
46845,1
46846,0
46847,1
46848,1
46849,1
46851,0
46853,1
46854,1
46855,1
46856,1
46857,0
46858,0
46860,1
46861,0
46862,0
46863,0
46864,0
46865,0
46866,1
46867,0
46868,0
46869,0
46871,0
46872,0
46873,0
46874,0
46876,1
46877,1
46879,1
46880,0
46881,1
46882,0
46883,0
46884,1
46885,1
46888,0
46889,0
46890,0
46891,0
46892,0
46893,0
46894,0
46895,0
46896,1
46897,0
46898,0
46899,1
46900,1
46901,1
46902,1
46903,0
46904,0
46905,0
46906,0
46907,0
46908,0
46909,1
46910,0
46911,1
46912,1
46913,1
46914,0
46915,1
46916,1
46917,0
46919,1
46920,0
46921,0
46922,0
46923,0
46924,0
46925,0
46926,1
46927,0
46928,1
46929,0
46930,0
46931,0
46933,0
46934,1
46935,1
46936,0
46937,1
46938,0
46939,0
46940,0
46942,0
46943,0
46944,0
46945,0
46946,1
46947,0
46948,0
46949,0
46950,0
46951,1
46952,0
46953,0
46954,0
46955,0
46956,0
46957,0
46959,0
46960,0
46961,1
46962,1
46963,0
46964,0
46965,0
46966,1
46967,1
46968,0
46969,1
46970,0
46971,1
46972,1
46973,0
46974,0
46975,0
46976,0
46977,0
46978,1
46979,0
46981,0
46982,0
46983,0
46984,1
46985,1
46986,0
46987,0
46988,0
46989,0
46990,0
46991,1
46992,1
46993,0
46994,0
46995,1
46996,1
46997,0
46999,1
47000,1
47001,1
47002,0
47003,0
47004,0
47005,0
47006,1
47007,0
47008,0
47009,0
47010,1
47011,0
47012,0
47013,0
47014,1
47015,0
47016,0
47017,0
47018,0
47019,0
47020,0
47021,0
47022,0
47023,0
47024,0
47025,0
47026,0
47028,0
47029,0
47030,1
47031,0
47032,1
47033,1
47034,0
47035,0
47036,0
47037,1
47038,0
47039,0
47040,0
47041,0
47042,1
47043,0
47044,0
47045,0
47046,0
47047,0
47048,1
47049,1
47050,1
47051,0
47052,0
47053,0
47054,0
47055,0
47057,0
47058,1
47059,0
47060,1
47061,1
47062,0
47063,0
47064,0
47065,1
47066,0
47067,1
47068,1
47069,1
47070,0
47071,0
47072,0
47074,1
47075,0
47076,0
47077,0
47078,0
47079,0
47080,0
47081,0
47082,0
47083,0
47084,1
47086,0
47087,1
47089,1
47090,0
47091,0
47092,0
47093,0
47094,1
47095,1
47096,1
47097,0
47098,0
47099,0
47100,0
47101,0
47102,0
47103,0
47104,1
47105,1
47106,1
47107,1
47108,0
47109,0
47110,0
47111,0
47112,0
47113,0
47114,0
47115,0
47116,0
47118,0
47119,0
47120,0
47121,0
47122,0
47123,0
47124,0
47125,1
47126,0
47127,1
47128,0
47129,0
47130,0
47131,0
47132,0
47133,0
47134,1
47135,1
47136,0
47137,0
47138,0
47139,1
47140,0
47141,0
47142,0
47143,0
47144,1
47145,1
47146,1
47147,0
47148,0
47149,0
47150,0
47151,0
47152,1
47153,0
47154,0
47155,0
47156,1
47157,0
47158,0
47159,1
47160,0
47161,1
47162,0
47163,1
47164,0
47165,1
47166,1
47167,0
47168,0
47169,0
47170,1
47171,1
47172,1
47173,1
47174,0
47175,1
47178,1
47179,0
47180,1
47181,0
47182,1
47183,0
47184,0
47185,0
47186,0
47187,1
47188,0
47189,0
47190,1
47191,1
47192,1
47193,1
47194,0
47195,0
47196,0
47197,0
47198,1
47199,0
47200,0
47201,1
47202,0
47203,0
47204,0
47205,1
47206,0
47207,0
47208,1
47209,1
47210,0
47211,0
47212,0
47213,0
47214,1
47215,1
47216,0
47217,1
47218,0
47219,0
47220,0
47221,0
47222,1
47223,0
47224,1
47225,0
47226,0
47227,0
47228,0
47229,0
47230,0
47231,0
47232,1
47233,1
47234,1
47235,1
47236,0
47237,0
47238,0
47239,1
47240,1
47241,0
47242,1
47243,0
47244,1
47245,0
47246,1
47247,0
47248,0
47249,0
47250,0
47251,0
47252,0
47253,1
47254,0
47255,1
47256,0
47257,0
47258,1
47259,0
47260,0
47261,0
47262,0
47263,1
47264,0
47265,0
47266,1
47267,0
47268,0
47269,1
47270,1
47271,1
47272,0
47273,1
47274,1
47276,0
47277,0
47278,1
47279,1
47280,1
47281,1
47282,0
47283,0
47284,1
47285,0
47286,0
47288,1
47289,1
47290,0
47291,0
47292,1
47293,0
47294,0
47295,0
47296,1
47299,0
47300,1
47301,0
47302,1
47303,0
47304,1
47305,1
47306,1
47308,0
47309,0
47310,0
47311,0
47312,1
47313,0
47314,0
47315,0
47316,0
47317,0
47318,0
47319,1
47320,0
47321,0
47322,0
47323,0
47324,0
47326,0
47327,0
47328,1
47329,1
47330,0
47331,0
47332,0
47333,0
47334,1
47335,0
47336,0
47337,0
47338,0
47339,1
47340,0
47341,0
47342,0
47343,1
47344,0
47345,0
47346,1
47347,0
47349,1
47352,0
47353,1
47354,0
47355,1
47356,1
47357,0
47359,0
47360,0
47361,0
47362,1
47363,1
47364,0
47365,0
47366,0
47367,1
47368,0
47369,1
47370,0
47371,0
47372,0
47373,0
47374,0
47375,0
47376,0
47377,1
47378,0
47379,0
47380,1
47381,0
47382,0
47383,0
47384,0
47385,1
47386,0
47387,0
47388,1
47389,0
47390,0
47391,0
47392,0
47393,0
47394,0
47395,0
47396,1
47397,0
47398,0
47400,1
47401,0
47402,0
47403,1
47404,1
47405,1
47406,0
47407,1
47408,0
47409,1
47410,0
47411,0
47412,0
47413,0
47414,0
47415,0
47416,0
47417,1
47418,0
47419,0
47420,1
47421,1
47422,1
47423,1
47424,0
47425,1
47426,0
47427,0
47428,0
47429,0
47430,0
47431,1
47432,0
47433,1
47434,1
47435,1
47436,0
47437,0
47438,0
47439,1
47440,0
47441,0
47442,1
47443,0
47444,0
47445,1
47446,0
47447,1
47448,1
47449,1
47450,0
47451,1
47452,1
47453,1
47454,0
47455,0
47456,1
47457,1
47458,0
47459,1
47460,0
47461,1
47462,0
47463,1
47464,0
47465,1
47466,1
47467,1
47468,0
47469,1
47470,1
47471,1
47472,1
47473,0
47474,0
47475,1
47477,1
47478,1
47479,0
47480,0
47481,1
47482,0
47483,1
47484,0
47485,0
47486,0
47487,0
47488,1
47489,0
47490,0
47491,0
47492,0
47493,0
47494,0
47495,0
47496,0
47497,1
47498,0
47499,0
47500,1
47501,0
47502,0
47503,1
47504,0
47505,0
47506,0
47507,0
47508,1
47509,0
47510,0
47511,0
47512,0
47513,0
47514,0
47515,1
47516,0
47517,0
47518,1
47519,0
47520,0
47521,0
47522,0
47523,0
47524,1
47525,0
47526,1
47527,1
47528,0
47529,1
47530,0
47531,1
47532,1
47533,1
47534,1
47535,1
47536,1
47537,0
47538,0
47539,0
47540,0
47541,1
47542,1
47543,0
47544,0
47545,1
47547,1
47548,1
47549,1
47550,1
47551,1
47552,1
47553,1
47554,1
47555,1
47556,1
47557,1
47558,1
47561,1
47562,1
47563,0
47564,1
47565,1
47566,1
47567,0
47568,1
47569,1
47570,0
47571,1
47572,1
47573,1
47574,0
47575,0
47576,0
47577,0
47578,0
47579,1
47580,0
47581,1
47582,0
47583,0
47584,0
47585,1
47586,1
47587,1
47588,0
47589,0
47590,0
47591,0
47592,0
47593,1
47594,0
47595,1
47596,0
47597,0
47598,0
47599,1
47600,1
47601,0
47602,1
47603,0
47604,0
47605,1
47606,1
47607,0
47608,0
47609,1
47610,1
47611,1
47612,0
47613,0
47614,0
47615,1
47616,0
47617,0
47618,0
47619,0
47620,1
47621,0
47622,0
47623,0
47624,1
47625,0
47626,0
47627,0
47628,0
47629,1
47630,0
47631,0
47632,0
47633,0
47634,0
47635,0
47636,0
47637,0
47638,0
47639,0
47640,0
47641,0
47642,1
47643,0
47644,1
47646,0
47647,0
47648,0
47649,0
47650,0
47651,1
47652,0
47653,0
47654,1
47655,0
47656,0
47657,0
47658,1
47659,0
47660,0
47661,1
47662,1
47664,1
47665,0
47667,0
47668,1
47670,0
47671,0
47672,0
47673,0
47674,1
47675,0
47676,0
47677,1
47678,0
47679,1
47680,0
47681,1
47682,0
47683,0
47684,0
47685,0
47686,1
47687,1
47688,0
47689,0
47690,1
47691,0
47692,0
47693,0
47694,1
47695,0
47696,0
47697,0
47698,1
47699,1
47700,0
47701,1
47702,0
47703,0
47704,0
47705,0
47706,0
47707,1
47708,0
47709,1
47710,0
47711,0
47712,1
47713,0
47714,0
47715,1
47716,0
47717,0
47718,1
47719,1
47720,0
47721,0
47722,0
47723,0
47724,0
47725,1
47726,0
47727,1
47728,0
47729,0
47730,0
47731,0
47732,0
47733,0
47734,0
47735,0
47736,1
47737,0
47738,0
47739,1
47740,0
47741,0
47742,0
47743,1
47744,1
47745,1
47746,0
47747,1
47748,1
47749,0
47750,0
47751,0
47752,0
47753,0
47754,0
47755,1
47756,0
47757,0
47758,1
47759,1
47760,0
47761,0
47762,0
47763,0
47764,1
47765,1
47766,0
47767,0
47768,0
47769,1
47770,1
47771,1
47772,1
47773,0
47774,0
47775,0
47776,0
47777,0
47778,0
47779,0
47780,1
47781,0
47782,0
47783,0
47784,1
47785,0
47786,0
47787,0
47788,0
47789,0
47790,0
47791,0
47792,0
47793,1
47794,0
47795,1
47796,0
47797,0
47798,1
47799,1
47800,1
47801,0
47802,0
47803,0
47804,0
47805,0
47806,1
47808,0
47809,0
47810,0
47811,0
47812,1
47813,0
47814,0
47816,1
47817,1
47818,1
47819,1
47820,0
47821,1
47822,0
47823,0
47824,0
47825,1
47826,1
47827,0
47828,1
47829,0
47830,1
47831,0
47833,1
47834,0
47835,0
47836,1
47837,1
47838,1
47839,1
47840,1
47841,0
47842,0
47843,0
47844,1
47845,0
47846,0
47847,0
47848,0
47849,1
47850,0
47851,0
47852,0
47853,1
47854,0
47855,0
47856,0
47857,1
47858,0
47859,1
47860,0
47861,0
47862,1
47863,1
47864,0
47866,0
47867,0
47868,0
47870,1
47871,0
47873,0
47874,0
47877,0
47878,0
47879,0
47880,0
47881,0
47882,1
47883,0
47884,1
47885,1
47886,1
47888,0
47889,0
47890,1
47891,0
47892,0
47893,1
47894,0
47895,0
47896,0
47897,1
47898,1
47899,0
47900,0
47901,0
47902,0
47903,0
47904,1
47905,1
47906,0
47907,0
47908,0
47909,1
47911,0
47912,0
47913,0
47914,0
47915,1
47916,1
47917,0
47918,1
47919,0
47920,0
47921,1
47922,0
47923,1
47924,0
47925,1
47926,0
47927,1
47928,0
47929,0
47930,1
47931,0
47932,0
47933,0
47934,1
47935,1
47936,0
47937,0
47938,1
47939,0
47940,0
47941,1
47942,1
47943,1
47944,0
47945,1
47946,1
47947,1
47949,1
47950,1
47951,1
47952,1
47953,1
47954,0
47955,0
47956,0
47957,0
47958,0
47959,0
47960,0
47961,0
47962,1
47964,1
47965,1
47967,0
47968,0
47969,0
47970,0
47971,0
47972,0
47973,1
47976,1
47977,1
47978,1
47980,0
47981,0
47982,0
47983,0
47984,0
47985,0
47986,0
47987,0
47988,1
47989,0
47990,0
47991,0
47992,0
47993,1
47995,1
47996,1
47997,0
47998,0
47999,0
48001,0
48002,0
48003,1
48004,1
48005,0
48006,0
48007,0
48009,1
48010,1
48011,1
48012,1
48013,1
48014,1
48015,0
48016,0
48017,0
48018,1
48020,1
48021,0
48022,0
48023,0
48024,1
48025,0
48026,0
48027,0
48028,0
48029,1
48030,0
48031,0
48032,0
48033,0
48034,1
48035,0
48036,1
48037,0
48038,0
48039,0
48041,0
48042,1
48043,0
48044,1
48045,1
48046,0
48047,1
48048,1
48049,0
48050,0
48051,0
48052,0
48053,0
48054,0
48055,1
48056,1
48057,1
48058,1
48061,0
48062,1
48063,0
48064,0
48065,1
48066,0
48067,0
48068,0
48069,0
48070,1
48071,0
48072,0
48073,0
48074,1
48075,0
48076,1
48077,0
48078,1
48079,0
48080,0
48081,1
48082,0
48083,1
48084,1
48085,0
48086,1
48087,0
48088,0
48089,0
48090,0
48091,0
48092,1
48093,1
48094,0
48097,1
48098,1
48099,1
48100,1
48101,1
48103,1
48106,0
48107,1
48108,0
48109,0
48110,0
48111,1
48112,0
48113,1
48114,1
48115,0
48116,1
48117,0
48119,0
48120,0
48121,1
48123,1
48124,0
48125,1
48126,1
48127,0
48128,1
48129,1
48130,0
48131,0
48132,1
48133,1
48134,1
48135,1
48136,0
48137,0
48138,0
48139,0
48140,0
48141,1
48142,0
48143,1
48144,0
48145,1
48147,0
48148,1
48150,1
48151,0
48152,0
48153,0
48154,0
48155,1
48156,0
48157,0
48158,0
48159,0
48160,0
48161,0
48162,0
48163,1
48164,0
48165,1
48166,0
48167,0
48168,0
48169,0
48170,0
48171,0
48172,1
48173,1
48174,0
48175,0
48177,0
48178,1
48179,1
48180,0
48181,0
48182,1
48183,0
48184,0
48185,0
48186,0
48187,0
48188,1
48189,0
48190,0
48191,1
48192,0
48193,0
48194,1
48195,1
48196,0
48197,0
48198,0
48199,1
48200,0
48201,0
48202,1
48203,0
48204,0
48205,0
48206,1
48207,0
48208,0
48209,0
48210,0
48211,0
48212,1
48213,1
48214,1
48215,1
48216,0
48217,1
48218,1
48219,0
48220,1
48221,0
48222,0
48223,0
48224,0
48225,0
48226,1
48227,1
48228,1
48229,0
48230,0
48231,0
48232,0
48233,0
48234,0
48235,0
48236,0
48237,0
48238,1
48239,1
48240,0
48241,0
48242,0
48243,0
48244,0
48245,0
48246,0
48248,0
48249,0
48250,0
48251,0
48252,0
48253,0
48254,0
48255,0
48256,0
48257,0
48258,0
48259,0
48260,0
48261,0
48262,0
48263,1
48264,0
48265,1
48266,0
48267,0
48268,0
48269,0
48270,1
48271,1
48272,0
48273,1
48274,0
48275,1
48276,1
48277,0
48278,0
48279,0
48280,0
48281,0
48282,0
48283,0
48284,0
48285,1
48286,0
48287,1
48288,0
48289,0
48290,0
48291,0
48292,0
48293,1
48294,0
48295,0
48297,0
48298,1
48299,1
48300,0
48301,0
48302,0
48303,0
48304,0
48305,0
48306,0
48307,1
48309,0
48310,1
48312,0
48313,1
48314,1
48315,1
48316,1
48317,1
48318,1
48319,0
48320,0
48321,1
48322,1
48323,0
48324,1
48325,0
48326,0
48327,0
48328,0
48329,0
48330,1
48331,0
48332,0
48333,0
48334,0
48335,0
48336,0
48337,0
48338,0
48339,0
48340,0
48341,0
48342,1
48343,0
48344,0
48345,0
48349,1
48350,0
48351,1
48352,0
48353,0
48354,1
48355,0
48356,0
48357,0
48358,0
48359,0
48360,0
48361,0
48362,0
48363,0
48364,0
48365,0
48366,0
48367,1
48368,0
48369,0
48370,1
48371,1
48372,0
48373,0
48374,1
48375,0
48376,0
48377,0
48378,0
48379,0
48380,0
48381,0
48382,0
48383,0
48384,0
48385,1
48386,1
48387,0
48388,0
48389,0
48390,0
48391,1
48392,0
48393,1
48394,0
48395,0
48396,0
48397,1
48398,0
48399,0
48400,0
48405,0
48406,0
48407,0
48408,0
48409,0
48411,1
48412,1
48414,1
48415,0
48416,1
48417,0
48418,1
48419,1
48420,1
48421,0
48422,1
48423,0
48424,0
48425,0
48426,0
48427,0
48428,0
48429,0
48430,1
48431,1
48432,1
48433,1
48434,0
48435,1
48436,1
48437,1
48438,0
48439,0
48440,0
48441,0
48442,0
48443,1
48444,0
48445,0
48446,0
48447,0
48448,0
48449,0
48450,0
48451,0
48452,0
48453,1
48454,1
48455,0
48456,0
48457,0
48458,0
48459,0
48460,0
48461,0
48462,0
48463,0
48464,1
48465,0
48466,0
48467,0
48468,0
48469,0
48470,0
48471,0
48472,0
48473,0
48474,0
48475,0
48476,1
48477,0
48478,0
48479,1
48480,0
48481,0
48482,0
48483,1
48484,1
48485,1
48486,0
48487,0
48488,1
48490,1
48491,1
48492,0
48493,0
48494,1
48495,1
48496,1
48497,0
48498,0
48499,0
48500,0
48501,1
48502,1
48503,1
48504,1
48505,1
48506,0
48507,0
48508,0
48509,0
48510,0
48511,0
48512,1
48513,0
48514,1
48515,1
48516,0
48517,0
48518,0
48519,1
48520,0
48522,0
48523,0
48524,0
48525,0
48526,0
48527,1
48528,0
48530,0
48531,0
48532,1
48533,0
48534,1
48535,0
48536,0
48537,0
48538,0
48539,0
48541,1
48542,1
48543,1
48545,0
48546,0
48547,0
48548,0
48549,1
48550,0
48551,0
48552,0
48553,0
48554,0
48555,1
48556,1
48557,0
48561,0
48562,0
48563,1
48565,0
48566,1
48567,1
48568,0
48569,1
48570,1
48571,0
48572,1
48573,0
48575,1
48576,1
48577,0
48578,0
48579,1
48580,0
48581,1
48582,1
48583,0
48584,0
48585,0
48586,0
48587,0
48588,0
48589,0
48590,0
48591,1
48592,0
48593,0
48594,0
48595,0
48596,0
48597,0
48598,0
48599,0
48600,1
48601,1
48602,1
48603,0
48604,0
48605,0
48606,0
48607,0
48608,1
48609,0
48610,0
48611,0
48612,0
48613,0
48614,0
48615,0
48616,0
48617,0
48618,1
48619,0
48620,0
48621,1
48622,0
48623,1
48624,0
48625,0
48626,0
48627,0
48629,0
48630,0
48631,0
48632,0
48633,1
48634,1
48635,1
48636,1
48637,0
48638,0
48639,0
48640,0
48641,0
48642,0
48643,0
48644,0
48645,1
48646,0
48647,0
48648,0
48649,0
48650,0
48651,0
48652,0
48653,0
48654,0
48655,0
48656,0
48657,0
48658,0
48659,0
48660,0
48661,0
48662,0
48663,0
48665,0
48666,0
48667,0
48668,0
48669,0
48670,0
48671,0
48672,1
48673,1
48674,1
48675,0
48676,0
48677,0
48678,0
48679,0
48680,0
48681,0
48682,0
48683,1
48684,0
48685,1
48687,0
48688,0
48689,0
48690,0
48691,0
48692,0
48693,0
48694,0
48695,0
48696,0
48697,0
48698,0
48699,0
48700,0
48701,0
48702,0
48703,0
48704,0
48705,0
48706,0
48707,0
48708,0
48709,0
48710,0
48711,0
48712,0
48713,1
48714,0
48715,0
48716,0
48717,0
48718,0
48719,1
48720,0
48721,1
48722,1
48723,0
48724,1
48725,0
48726,0
48727,0
48728,1
48729,1
48730,0
48731,0
48733,0
48734,0
48735,0
48736,0
48737,0
48738,1
48739,1
48740,0
48741,0
48742,0
48743,0
48744,0
48746,0
48747,0
48748,0
48749,0
48750,0
48751,0
48752,0
48753,0
48754,0
48755,1
48756,0
48757,0
48758,0
48759,0
48760,0
48761,0
48762,0
48763,0
48764,1
48765,0
48766,0
48767,0
48768,1
48769,0
48770,0
48771,0
48772,1
48773,1
48774,0
48775,1
48776,0
48777,0
48778,0
48779,1
48780,1
48781,1
48782,0
48783,1
48784,1
48785,0
48786,0
48788,1
48789,1
48790,0
48791,0
48792,0
48793,0
48794,0
48795,0
48796,0
48797,0
48798,0
48799,0
48800,1
48801,0
48802,0
48803,0
48804,0
48805,0
48806,0
48807,0
48808,0
48809,0
48810,0
48811,0
48812,0
48813,0
48814,1
48815,0
48816,0
48817,0
48818,0
48819,0
48820,0
48821,1
48822,1
48823,1
48824,0
48825,0
48826,0
48827,1
48828,0
48829,1
48830,0
48831,0
48832,1
48833,0
48834,1
48835,1
48836,1
48837,0
48838,1
48839,1
48840,0
48841,0
48843,1
48844,0
48845,0
48846,0
48847,1
48849,0
48850,1
48851,0
48852,0
48853,0
48854,0
48855,1
48856,1
48857,0
48858,0
48859,0
48860,1
48861,1
48862,1
48863,1
48864,0
48865,0
48866,1
48867,0
48868,0
48869,0
48870,0
48871,0
48872,0
48873,0
48874,0
48875,1
48876,0
48877,0
48879,1
48881,0
48882,0
48883,0
48884,0
48885,0
48886,0
48887,0
48888,1
48889,0
48890,1
48891,1
48892,1
48893,1
48894,0
48895,0
48896,1
48897,1
48898,1
48899,0
48900,1
48901,0
48902,1
48903,0
48904,0
48905,0
48906,0
48907,0
48908,0
48909,1
48910,0
48911,0
48912,0
48913,0
48914,0
48916,0
48917,0
48918,0
48919,0
48920,0
48921,0
48922,0
48923,1
48924,0
48925,0
48926,0
48927,0
48928,0
48929,0
48930,0
48931,0
48932,1
48933,0
48934,0
48935,0
48936,0
48937,0
48938,0
48939,0
48940,0
48941,0
48942,0
48943,0
48944,0
48945,1
48946,1
48947,0
48948,0
48949,0
48950,1
48951,0
48952,0
48953,0
48954,0
48955,0
48956,0
48957,1
48958,0
48959,1
48960,0
48961,0
48962,1
48963,1
48964,1
48965,0
48966,0
48967,0
48968,1
48969,0
48970,1
48971,0
48972,0
48973,1
48974,0
48975,0
48976,1
48977,0
48978,1
48979,0
48980,0
48981,1
48982,1
48983,0
48984,0
48985,0
48986,0
48987,0
48988,1
48989,0
48990,0
48991,0
48992,0
48993,1
48994,0
48995,0
48996,0
48997,1
48998,1
48999,0
49000,0
49001,0
49002,0
49003,0
49004,0
49005,0
49006,0
49007,0
49008,0
49009,1
49010,0
49011,0
49012,1
49013,0
49014,1
49015,0
49016,1
49017,0
49018,0
49019,0
49020,0
49021,0
49022,1
49023,0
49024,0
49025,0
49026,0
49027,0
49028,1
49029,1
49030,0
49031,0
49032,1
49033,1
49034,0
49035,0
49036,0
49037,0
49038,0
49039,1
49040,0
49041,0
49042,0
49043,1
49044,0
49045,0
49046,0
49047,0
49048,0
49049,0
49050,1
49051,0
49052,1
49053,0
49054,1
49055,0
49056,0
49057,0
49058,0
49059,0
49060,0
49061,1
49062,0
49063,0
49064,0
49065,0
49066,1
49067,0
49068,1
49069,0
49070,0
49071,0
49072,0
49073,0
49074,0
49075,0
49076,0
49077,0
49078,1
49079,1
49080,0
49081,0
49082,0
49083,0
49084,1
49085,1
49086,1
49087,0
49088,0
49089,0
49090,0
49091,0
49092,0
49093,0
49094,0
49095,0
49097,0
49098,0
49099,0
49100,0
49103,0
49104,0
49105,0
49106,0
49107,0
49108,1
49109,0
49110,0
49111,1
49112,0
49113,0
49114,0
49115,0
49117,0
49118,0
49119,1
49120,0
49121,0
49122,1
49123,0
49124,0
49125,0
49127,0
49128,0
49129,0
49130,0
49131,0
49132,0
49133,0
49134,0
49135,0
49136,0
49137,0
49138,0
49139,0
49140,0
49142,0
49143,0
49144,0
49145,0
49146,0
49147,0
49148,0
49149,0
49150,0
49151,1
49152,0
49153,0
49154,0
49155,0
49156,0
49157,0
49158,0
49159,0
49160,0
49161,0
49162,0
49163,0
49164,0
49165,0
49166,0
49167,0
49168,0
49169,0
49170,0
49171,0
49174,0
49175,0
49177,1
49178,0
49179,0
49180,0
49181,0
49182,0
49183,0
49184,0
49185,0
49186,0
49187,0
49188,0
49189,0
49190,0
49191,0
49192,0
49193,0
49194,0
49195,0
49196,0
49197,1
49198,0
49199,0
49200,0
49201,0
49202,0
49203,0
49204,0
49205,0
49206,0
49207,0
49208,0
49209,0
49210,0
49211,0
49212,0
49213,0
49214,0
49215,0
49216,0
49217,0
49218,0
49219,1
49220,0
49221,0
49222,0
49223,0
49224,0
49225,0
49226,0
49227,0
49228,0
49229,0
49230,0
49231,0
49232,0
49233,0
49234,1
49235,0
49236,0
49237,0
49238,0
49239,0
49240,0
49241,0
49242,0
49243,1
49244,1
49245,0
49246,0
49248,0
49249,0
49250,0
49251,0
49252,0
49253,0
49254,0
49255,0
49256,0
49257,0
49258,0
49259,0
49260,0
49261,0
49262,0
49263,0
49264,0
49265,0
49266,0
49269,0
49270,0
49271,0
49272,0
49273,1
49274,0
49275,0
49276,0
49278,0
49279,0
49281,1
49282,0
49283,0
49284,0
49285,1
49286,0
49287,0
49289,1
49290,0
49291,1
49293,0
49295,1
49296,0
49297,0
49299,0
49300,1
49301,0
49302,0
49303,0
49304,0
49305,0
49306,0
49307,0
49308,0
49309,0
49310,0
49311,0
49312,0
49313,1
49314,0
49315,0
49316,0
49317,0
49318,0
49319,0
49320,0
49321,0
49322,0
49323,0
49324,0
49325,0
49326,0
49327,0
49328,0
49329,0
49330,0
49331,0
49332,0
49333,0
49334,0
49335,0
49336,0
49337,0
49338,0
49339,0
49340,0
49341,0
49342,0
49343,0
49345,0
49346,0
49347,0
49348,1
49349,1
49350,0
49351,0
49352,0
49353,0
49354,0
49355,0
49356,0
49357,0
49358,0
49359,0
49360,0
49361,0
49362,0
49363,0
49364,0
49365,0
49366,0
49367,0
49368,0
49369,0
49370,0
49371,0
49372,0
49373,0
49374,0
49375,0
49376,0
49377,0
49378,0
49379,0
49380,0
49381,1
49382,1
49383,0
49384,0
49385,0
49386,0
49387,0
49388,0
49389,0
49390,0
49391,1
49392,0
49393,0
49394,0
49395,0
49396,0
49397,0
49398,0
49400,0
49401,0
49402,0
49403,0
49404,0
49405,1
49406,0
49407,1
49408,0
49409,0
49410,0
49411,0
49412,0
49413,0
49414,0
49415,0
49416,0
49417,0
49418,0
49420,0
49421,0
49422,0
49423,1
49424,1
49425,0
49426,0
49428,0
49429,1
49430,0
49431,0
49432,1
49433,0
49434,1
49435,0
49436,0
49437,0
49438,0
49439,0
49440,0
49442,0
49443,0
49444,0
49445,0
49446,1
49447,1
49449,1
49450,0
49451,0
49452,0
49453,0
49454,0
49455,0
49456,0
49457,0
49458,0
49459,0
49460,0
49461,0
49462,0
49463,1
49464,0
49465,0
49466,0
49467,0
49468,0
49470,0
49471,0
49472,0
49473,0
49474,0
49475,0
49476,1
49478,1
49479,1
49480,0
49481,0
49482,0
49483,0
49484,0
49485,0
49486,0
49487,0
49488,0
49489,1
49491,1
49492,1
49493,0
49494,1
49495,1
49496,0
49497,0
49498,1
49499,0
49500,0
49501,0
49502,0
49503,0
49504,0
49506,1
49507,0
49508,0
49509,0
49510,0
49511,0
49512,0
49514,1
49515,0
49517,1
49518,0
49519,1
49520,0
49521,1
49522,0
49523,0
49524,0
49525,0
49526,0
49527,0
49528,0
49529,0
49530,0
49531,0
49534,0
49535,0
49536,1
49537,1
49538,0
49539,0
49540,1
49541,0
49542,0
49543,1
49544,0
49545,0
49546,0
49547,1
49548,0
49549,0
49550,1
49551,1
49552,1
49553,1
49554,1
49555,0
49556,0
49557,0
49558,0
49559,0
49560,0
49561,0
49562,0
49563,1
49564,0
49565,1
49566,0
49567,0
49568,0
49569,0
49570,0
49572,1
49573,1
49574,0
49575,0
49577,0
49578,0
49579,0
49580,0
49581,0
49582,0
49583,0
49584,1
49585,0
49586,0
49587,1
49588,0
49589,1
49590,0
49591,0
49592,0
49593,1
49595,1
49596,0
49598,1
49599,0
49601,0
49602,0
49604,0
49605,0
49606,1
49607,1
49608,0
49609,0
49610,0
49611,0
49612,0
49613,0
49615,1
49616,0
49617,0
49618,0
49619,0
49620,0
49621,1
49622,0
49623,0
49624,0
49626,0
49627,0
49628,1
49629,1
49630,1
49631,0
49633,0
49634,0
49637,0
49639,1
49640,0
49641,1
49642,1
49643,0
49644,0
49645,0
49646,0
49647,0
49648,0
49649,1
49650,0
49651,0
49652,0
49653,0
49654,0
49655,0
49656,0
49657,0
49658,0
49659,0
49660,0
49661,0
49663,1
49664,0
49666,1
49667,0
49669,0
49670,1
49671,0
49674,0
49675,0
49676,0
49677,0
49678,0
49679,0
49680,0
49681,0
49682,0
49683,1
49684,0
49685,0
49686,0
49687,1
49688,1
49690,1
49691,0
49692,0
49693,0
49694,1
49695,0
49696,1
49697,0
49698,0
49699,1
49700,0
49701,1
49702,0
49703,1
49704,0
49705,1
49706,0
49707,1
49708,0
49709,0
49710,0
49711,1
49712,0
49713,0
49714,0
49715,0
49716,0
49717,0
49718,0
49719,0
49720,0
49721,1
49722,1
49723,1
49724,0
49725,0
49726,1
49727,0
49728,0
49729,0
49730,0
49731,0
49732,1
49733,0
49734,0
49735,1
49736,0
49737,0
49738,1
49739,1
49740,0
49741,0
49742,1
49743,0
49744,0
49745,0
49746,0
49747,0
49748,0
49749,0
49751,0
49752,0
49753,0
49754,0
49755,0
49756,0
49757,1
49758,0
49759,1
49760,0
49761,0
49763,0
49764,0
49765,1
49766,0
49767,0
49770,1
49771,1
49773,1
49774,1
49775,1
49776,0
49777,0
49778,0
49779,0
49781,0
49782,1
49783,1
49784,0
49785,1
49786,0
49787,0
49788,0
49789,0
49790,0
49793,0
49794,0
49795,0
49796,0
49797,0
49798,0
49799,0
49800,0
49801,1
49802,1
49803,1
49804,0
49805,0
49806,0
49807,0
49808,0
49809,0
49810,1
49811,0
49812,1
49813,0
49814,1
49815,0
49816,1
49817,0
49818,0
49819,0
49820,0
49821,0
49822,0
49823,0
49824,0
49825,0
49826,0
49827,1
49828,0
49830,0
49831,1
49832,0
49833,0
49834,1
49835,0
49836,1
49837,0
49838,0
49839,0
49840,0
49841,0
49842,1
49843,0
49844,0
49845,0
49846,0
49848,0
49849,0
49850,1
49851,0
49852,1
49853,1
49854,1
49855,1
49856,1
49857,0
49858,0
49859,1
49860,1
49861,0
49862,0
49863,1
49865,0
49866,1
49868,0
49869,0
49870,0
49871,0
49872,0
49873,0
49874,0
49875,0
49876,0
49877,0
49878,0
49879,0
49881,1
49883,0
49884,0
49885,1
49886,0
49888,1
49889,0
49890,0
49891,0
49892,0
49893,1
49894,0
49895,0
49896,0
49897,1
49898,0
49899,0
49900,0
49901,1
49902,0
49903,1
49904,0
49905,0
49906,0
49907,0
49908,0
49909,0
49910,0
49912,0
49913,0
49914,0
49915,1
49916,0
49918,0
49919,0
49920,0
49921,1
49922,0
49924,1
49925,0
49926,0
49927,0
49928,0
49929,0
49930,0
49931,0
49932,0
49933,0
49934,0
49935,0
49936,0
49937,1
49938,0
49939,0
49940,1
49941,0
49942,0
49943,0
49944,0
49945,0
49946,1
49947,0
49948,0
49949,1
49951,0
49952,0
49953,0
49954,1
49955,0
49956,0
49957,0
49958,0
49959,0
49960,0
49961,0
49962,0
49963,0
49964,0
49965,0
49966,1
49967,1
49969,0
49970,0
49971,0
49972,1
49973,1
49974,0
49975,0
49976,0
49977,0
49978,0
49979,0
49980,0
49981,0
49982,1
49983,0
49984,0
49985,0
49986,0
49987,0
49988,0
49989,1
49991,1
49992,0
49993,1
49994,0
49995,0
49996,0
49997,0
49998,0
49999,0
50000,0
50001,0
50002,0
50003,0
50004,0
50005,0
50006,0
50007,0
50008,1
50009,0
50010,1
50011,0
50012,0
50013,1
50014,0
50015,1
50016,0
50018,0
50019,0
50020,0
50021,0
50022,1
50023,0
50024,0
50025,0
50026,1
50027,0
50029,0
50030,0
50031,0
50032,1
50033,1
50034,0
50035,0
50036,0
50037,1
50038,0
50039,0
50040,0
50041,1
50043,1
50044,1
50045,0
50046,0
50047,0
50048,0
50049,0
50050,0
50051,0
50052,0
50053,1
50054,0
50055,0
50056,0
50057,0
50058,0
50059,0
50060,0
50061,0
50062,0
50063,0
50064,0
50065,0
50066,0
50067,0
50068,0
50069,0
50070,0
50071,0
50072,0
50073,0
50074,0
50075,0
50076,0
50078,0
50079,0
50080,1
50081,0
50082,0
50083,0
50084,0
50085,0
50086,0
50087,0
50088,0
50089,0
50090,0
50091,0
50092,0
50093,0
50094,1
50095,0
50096,1
50097,1
50098,0
50099,1
50100,0
50101,0
50102,0
50103,0
50104,0
50105,0
50106,0
50107,0
50108,1
50109,0
50110,0
50111,0
50112,0
50113,0
50114,0
50115,0
50116,0
50117,0
50118,0
50119,0
50120,1
50121,0
50122,0
50123,0
50124,0
50125,1
50126,0
50127,0
50128,0
50129,0
50130,1
50131,0
50132,0
50133,0
50134,1
50136,0
50137,0
50138,0
50139,0
50140,0
50141,0
50142,0
50143,0
50144,0
50145,0
50146,0
50147,0
50148,0
50149,0
50150,0
50151,0
50152,0
50153,0
50154,0
50155,1
50156,0
50157,1
50158,1
50159,1
50160,1
50161,0
50162,0
50163,0
50164,0
50165,0
50166,0
50167,0
50168,0
50169,1
50170,0
50171,0
50172,0
50173,0
50174,0
50175,1
50176,1
50177,0
50178,0
50179,0
50180,0
50181,0
50182,0
50183,0
50184,0
50186,0
50187,0
50188,0
50189,0
50190,1
50191,0
50192,0
50193,0
50194,0
50195,1
50196,0
50197,0
50198,1
50199,0
50200,0
50201,1
50202,0
50203,0
50204,1
50205,0
50206,0
50207,0
50208,0
50209,0
50210,0
50211,0
50212,0
50214,0
50215,0
50216,0
50217,0
50218,0
50219,1
50220,0
50221,1
50222,0
50223,0
50224,0
50225,1
50226,0
50228,0
50229,0
50230,1
50231,1
50232,0
50233,0
50234,1
50235,1
50236,1
50237,0
50238,1
50239,1
50240,1
50241,0
50243,0
50244,0
50245,0
50246,0
50247,1
50248,1
50250,1
50251,1
50252,1
50253,1
50254,0
50255,1
50256,1
50257,1
50258,0
50259,1
50260,0
50261,0
50262,1
50263,0
50264,0
50265,0
50266,0
50267,0
50268,0
50269,0
50270,1
50271,0
50272,0
50273,0
50274,0
50275,0
50276,1
50277,0
50278,0
50279,0
50280,1
50281,0
50282,0
50283,0
50284,1
50285,0
50286,0
50287,0
50288,0
50289,0
50290,0
50291,0
50292,0
50294,1
50295,0
50296,0
50297,0
50298,0
50299,1
50300,0
50301,0
50302,0
50303,0
50304,1
50305,0
50306,0
50307,1
50308,1
50309,0
50310,0
50311,0
50312,0
50313,0
50314,0
50315,0
50316,0
50317,0
50318,1
50319,0
50320,0
50321,0
50322,0
50323,0
50324,0
50325,0
50327,1
50328,0
50329,0
50330,0
50331,0
50332,0
50333,0
50334,0
50335,0
50336,1
50337,1
50338,0
50339,0
50340,0
50341,0
50342,0
50343,0
50344,0
50345,0
50346,0
50347,0
50348,0
50349,0
50350,0
50351,0
50352,0
50353,0
50354,0
50355,0
50356,0
50357,0
50358,0
50359,0
50360,0
50361,0
50362,0
50363,1
50364,0
50365,0
50367,1
50368,0
50369,0
50371,0
50372,0
50373,0
50374,0
50376,0
50377,1
50378,0
50379,1
50380,0
50382,0
50383,0
50384,0
50385,0
50386,0
50387,1
50388,0
50389,0
50390,0
50391,0
50392,0
50393,0
50394,0
50395,0
50396,0
50397,0
50398,1
50400,0
50401,0
50402,0
50403,0
50404,0
50405,0
50406,1
50407,0
50409,0
50410,1
50411,0
50412,0
50413,0
50414,0
50415,1
50416,0
50417,0
50418,0
50419,0
50420,0
50421,0
50422,1
50423,0
50424,0
50425,0
50426,1
50427,0
50428,1
50429,0
50430,1
50431,0
50432,0
50433,0
50434,0
50435,0
50437,0
50438,0
50439,1
50440,0
50441,0
50442,0
50443,0
50444,0
50445,1
50446,1
50447,0
50448,0
50449,0
50451,0
50453,0
50454,0
50455,0
50456,0
50457,0
50458,0
50459,0
50460,1
50461,0
50462,0
50463,0
50464,0
50465,0
50466,0
50468,0
50469,1
50470,1
50471,1
50472,0
50473,0
50475,0
50476,0
50477,0
50478,0
50479,0
50480,0
50481,1
50482,0
50483,0
50484,0
50485,0
50486,0
50487,1
50488,0
50489,0
50490,0
50491,0
50492,0
50493,1
50494,0
50495,0
50496,0
50497,1
50498,1
50499,0
50500,0
50501,0
50502,0
50503,0
50504,0
50505,0
50506,0
50507,0
50508,0
50509,0
50510,0
50511,0
50512,0
50513,0
50514,1
50515,0
50516,1
50517,0
50518,0
50519,0
50520,1
50521,0
50522,0
50523,0
50524,0
50525,0
50526,0
50527,1
50528,0
50529,0
50530,0
50531,0
50532,0
50533,0
50534,0
50535,0
50536,0
50537,0
50538,0
50539,0
50540,0
50541,0
50542,0
50543,0
50544,0
50545,0
50546,0
50547,1
50548,0
50549,0
50550,0
50551,0
50552,0
50553,0
50554,0
50555,1
50556,0
50557,1
50558,1
50559,0
50560,0
50561,0
50562,0
50563,0
50564,0
50565,0
50566,0
50567,0
50568,0
50569,0
50570,0
50571,0
50572,0
50573,0
50574,0
50575,1
50576,0
50577,0
50578,0
50579,0
50580,0
50581,0
50582,0
50583,0
50584,0
50585,0
50586,0
50587,0
50588,0
50589,0
50590,0
50591,0
50592,0
50593,0
50594,0
50595,0
50596,0
50597,0
50598,0
50599,1
50600,0
50601,0
50602,0
50603,0
50604,0
50605,0
50606,0
50607,0
50609,0
50610,0
50611,0
50612,0
50613,0
50614,0
50615,0
50616,0
50617,1
50619,1
50620,1
50621,1
50622,0
50623,1
50624,0
50625,0
50626,0
50627,1
50628,0
50629,1
50630,1
50631,0
50632,1
50633,0
50634,0
50635,0
50636,0
50637,0
50638,1
50640,0
50641,1
50642,1
50644,0
50645,0
50646,0
50647,0
50648,0
50649,0
50650,0
50651,0
50652,0
50653,1
50654,0
50655,0
50656,0
50657,0
50658,0
50659,1
50660,1
50661,0
50662,1
50663,0
50664,0
50665,0
50666,0
50667,0
50668,0
50669,0
50670,0
50671,0
50672,0
50673,0
50674,0
50675,0
50676,0
50677,0
50678,0
50679,0
50680,0
50681,0
50682,0
50683,0
50684,0
50685,0
50686,0
50687,0
50688,0
50689,0
50690,0
50691,1
50692,0
50693,1
50694,0
50695,0
50696,0
50697,0
50698,0
50699,0
50700,0
50701,0
50702,0
50703,0
50704,0
50705,0
50706,0
50707,0
50708,0
50709,0
50710,0
50711,0
50712,0
50713,0
50714,0
50715,0
50716,0
50717,0
50718,0
50719,0
50720,0
50721,0
50722,0
50723,0
50724,0
50725,0
50726,0
50730,0
50732,0
50733,0
50734,0
50735,0
50736,0
50737,0
50738,0
50739,0
50740,0
50741,0
50742,0
50743,0
50744,0
50745,0
50746,0
50747,0
50748,0
50749,0
50750,0
50751,0
50752,0
50753,0
50754,0
50755,0
50756,0
50757,0
50758,0
50759,0
50760,0
50761,0
50762,0
50763,1
50764,0
50765,0
50766,0
50767,0
50768,0
50769,0
50770,0
50771,0
50772,0
50773,0
50774,0
50775,0
50776,0
50777,1
50778,1
50779,0
50781,0
50782,0
50784,0
50785,0
50786,0
50787,0
50789,0
50790,1
50791,0
50792,0
50793,0
50794,0
50797,1
50798,0
50799,0
50800,0
50801,0
50802,1
50803,1
50804,1
50805,1
50806,1
50807,0
50809,0
50811,0
50812,0
50813,0
50814,0
50815,0
50816,0
50817,0
50818,0
50819,0
50820,1
50821,0
50822,0
50823,1
50824,0
50825,1
50826,0
50827,0
50828,0
50829,0
50831,1
50832,0
50833,0
50834,0
50835,0
50837,0
50838,0
50839,0
50840,0
50841,0
50842,0
50843,0
50844,1
50845,0
50846,0
50847,0
50849,0
50850,0
50851,0
50855,0
50857,0
50858,0
50859,0
50860,0
50861,0
50862,0
50863,0
50864,0
50866,0
50867,0
50868,0
50869,0
50870,1
50871,0
50872,0
50873,0
50874,0
50875,0
50876,0
50877,0
50878,0
50879,0
50880,0
50881,0
50882,0
50883,0
50884,0
50885,1
50886,0
50887,0
50888,0
50889,0
50890,1
50891,0
50892,0
50893,0
50894,1
50895,0
50896,1
50897,0
50898,0
50899,0
50900,0
50901,1
50902,0
50903,0
50904,0
50905,0
50906,0
50907,0
50908,0
50909,1
50910,1
50911,0
50912,1
50914,1
50915,1
50916,0
50917,1
50918,0
50919,1
50920,0
50921,0
50922,0
50923,1
50924,0
50925,0
50926,1
50928,1
50929,0
50930,1
50932,0
50933,1
50934,0
50935,0
50936,1
50937,1
50938,1
50940,1
50942,0
50943,0
50944,1
50945,0
50946,0
50947,0
50949,1
50950,1
50951,1
50952,0
50954,1
50955,1
50956,0
50958,0
50959,1
50960,1
50961,1
50962,1
50963,0
50964,1
50965,1
50966,0
50968,0
50969,0
50970,1
50971,0
50972,0
50973,0
50974,0
50975,0
50976,0
50977,0
50978,0
50979,0
50980,0
50981,0
50982,0
50985,0
50986,0
50987,0
50988,0
50989,1
50990,0
50991,0
50993,0
50994,0
50995,1
50996,0
50998,0
50999,0
51000,0
51001,1
51002,0
51003,0
51004,0
51005,0
51006,0
51007,0
51008,0
51009,0
51010,0
51011,0
51012,0
51013,0
51014,0
51015,0
51016,0
51017,0
51018,0
51019,0
51020,0
51021,0
51022,0
51023,1
51024,0
51025,0
51026,0
51027,0
51028,0
51029,0
51030,0
51031,0
51032,0
51033,1
51034,1
51035,0
51036,0
51037,0
51038,0
51039,0
51041,0
51042,0
51043,0
51044,0
51045,0
51046,1
51047,0
51048,0
51049,0
51050,0
51051,0
51052,0
51053,0
51054,0
51055,0
51056,0
51057,0
51058,0
51059,0
51060,0
51061,0
51062,1
51063,0
51065,0
51066,1
51067,0
51068,0
51069,0
51070,0
51071,1
51072,0
51073,0
51074,0
51075,0
51077,0
51078,0
51079,0
51080,0
51081,0
51082,0
51083,0
51084,1
51085,1
51086,0
51087,0
51088,1
51089,1
51090,0
51091,0
51092,1
51093,1
51094,0
51095,0
51096,1
51097,0
51098,0
51099,0
51100,0
51102,0
51103,0
51104,0
51105,0
51106,0
51107,0
51109,0
51110,0
51111,1
51112,0
51113,0
51114,0
51115,0
51116,0
51117,1
51118,1
51119,0
51120,0
51121,0
51122,0
51123,0
51124,1
51125,0
51126,0
51127,0
51128,0
51129,1
51130,0
51131,0
51132,0
51134,0
51135,1
51136,0
51137,0
51138,0
51139,0
51140,0
51141,0
51142,0
51143,1
51144,1
51145,1
51146,0
51147,0
51148,1
51149,0
51150,0
51151,1
51152,1
51153,0
51155,0
51156,0
51157,0
51158,0
51159,0
51160,0
51161,1
51162,0
51163,0
51164,0
51165,0
51166,0
51167,1
51168,0
51169,0
51170,0
51172,0
51173,0
51174,0
51175,0
51176,0
51177,0
51178,0
51179,0
51180,0
51181,0
51183,0
51184,1
51185,0
51186,0
51187,0
51189,0
51190,0
51191,0
51192,0
51193,0
51194,0
51195,0
51196,0
51197,0
51198,0
51199,0
51200,1
51201,0
51202,1
51203,0
51204,0
51205,0
51206,0
51207,0
51208,0
51209,0
51210,1
51211,0
51212,0
51213,0
51214,0
51215,0
51216,0
51217,0
51218,0
51219,0
51220,0
51221,0
51222,0
51223,0
51224,0
51225,0
51226,0
51227,0
51228,1
51229,0
51230,0
51231,1
51232,0
51234,0
51235,0
51236,1
51237,1
51238,0
51239,1
51241,0
51242,0
51243,0
51244,0
51245,0
51246,0
51247,0
51248,0
51249,0
51251,0
51252,0
51253,0
51254,0
51255,0
51256,0
51257,1
51258,0
51259,1
51260,0
51261,0
51262,0
51264,0
51265,0
51266,1
51267,0
51269,1
51270,0
51271,0
51272,0
51273,0
51274,0
51275,0
51276,0
51277,0
51278,0
51280,1
51281,1
51282,0
51283,0
51284,0
51285,1
51286,0
51287,0
51288,0
51289,0
51290,0
51291,0
51292,0
51293,0
51294,0
51295,0
51296,0
51297,0
51298,0
51299,0
51300,0
51302,0
51303,0
51304,0
51305,0
51306,0
51307,0
51308,1
51309,0
51310,0
51311,1
51312,0
51313,0
51314,0
51315,0
51317,0
51318,0
51319,0
51320,0
51321,0
51322,0
51323,1
51324,0
51325,1
51326,0
51328,0
51329,1
51330,0
51331,0
51332,0
51333,0
51334,0
51335,1
51336,0
51337,0
51338,0
51339,0
51340,0
51341,0
51342,0
51343,0
51345,0
51346,0
51347,0
51348,0
51349,0
51350,0
51351,0
51352,0
51353,0
51354,0
51355,0
51356,0
51357,0
51358,0
51359,0
51360,0
51361,0
51362,1
51363,0
51364,0
51365,0
51366,1
51367,0
51368,0
51369,0
51370,0
51371,0
51372,0
51373,0
51374,0
51375,0
51376,0
51378,0
51380,0
51381,0
51382,0
51383,0
51384,0
51385,0
51386,0
51387,0
51389,1
51390,0
51391,0
51392,0
51393,0
51394,0
51395,0
51396,0
51397,0
51398,0
51399,0
51400,0
51402,0
51403,0
51404,0
51405,0
51407,0
51409,1
51410,0
51411,0
51412,0
51413,0
51416,0
51418,1
51419,0
51420,0
51421,0
51422,0
51424,0
51425,0
51426,0
51427,1
51428,0
51429,1
51430,0
51431,0
51432,0
51433,0
51434,0
51435,0
51436,0
51437,0
51438,0
51439,0
51440,0
51441,0
51442,0
51443,0
51444,0
51445,0
51446,0
51447,0
51448,0
51449,1
51450,0
51451,0
51452,0
51453,0
51454,0
51455,0
51456,1
51457,0
51458,0
51459,0
51460,0
51461,0
51462,0
51463,0
51464,0
51465,0
51466,1
51467,0
51468,1
51469,0
51470,1
51471,0
51472,0
51473,0
51474,0
51475,0
51476,0
51477,1
51478,0
51479,0
51480,1
51481,0
51482,0
51483,0
51484,0
51485,0
51486,0
51487,0
51488,0
51489,0
51490,0
51492,0
51493,0
51494,1
51495,1
51496,0
51497,0
51498,0
51499,1
51500,0
51501,0
51503,0
51504,1
51505,0
51506,0
51507,1
51508,0
51509,0
51510,1
51511,0
51512,1
51513,0
51514,0
51515,0
51516,0
51517,0
51518,0
51519,0
51520,0
51521,1
51522,0
51523,1
51524,0
51525,0
51526,0
51527,0
51528,0
51529,0
51530,0
51531,0
51532,0
51533,0
51535,0
51536,1
51537,0
51538,0
51539,0
51540,0
51541,0
51542,0
51543,0
51544,0
51546,0
51547,0
51548,0
51549,0
51550,0
51551,0
51552,0
51553,0
51554,0
51555,0
51556,0
51558,1
51559,1
51560,0
51561,0
51562,0
51563,0
51564,0
51565,0
51567,0
51568,0
51569,0
51570,0
51571,0
51572,0
51573,0
51574,0
51575,0
51576,0
51577,0
51578,0
51579,0
51580,1
51581,1
51582,0
51583,0
51585,1
51586,0
51587,1
51588,0
51589,0
51590,0
51591,0
51592,0
51593,0
51594,0
51595,0
51596,0
51597,0
51598,0
51599,0
51600,0
51601,0
51603,0
51604,1
51605,1
51606,1
51607,0
51608,1
51609,0
51610,0
51611,0
51612,0
51613,0
51614,0
51615,0
51616,1
51617,0
51618,0
51619,0
51620,0
51621,0
51622,0
51623,0
51624,0
51625,1
51626,0
51627,0
51628,0
51629,0
51630,0
51631,0
51632,1
51633,0
51634,0
51635,0
51636,0
51637,0
51638,0
51639,0
51640,0
51641,0
51642,0
51643,1
51644,0
51645,0
51646,0
51647,0
51648,0
51649,0
51650,0
51651,0
51652,1
51653,0
51654,0
51655,0
51656,0
51657,1
51658,0
51659,1
51660,1
51661,0
51662,0
51663,0
51664,0
51665,0
51666,1
51667,0
51668,0
51669,1
51670,0
51671,0
51672,1
51673,1
51674,1
51675,0
51676,0
51677,0
51678,1
51679,0
51680,0
51681,0
51682,0
51683,0
51684,1
51685,0
51686,0
51687,0
51688,0
51689,0
51690,0
51691,0
51693,0
51694,0
51695,0
51696,0
51697,1
51698,0
51699,0
51700,1
51701,0
51702,0
51703,0
51704,1
51705,0
51706,0
51707,1
51708,0
51709,1
51710,1
51711,0
51712,0
51713,1
51714,1
51715,0
51716,0
51717,1
51718,1
51719,1
51720,1
51721,1
51723,0
51724,0
51725,1
51726,0
51727,0
51728,0
51729,1
51730,0
51732,1
51733,0
51734,0
51735,1
51736,0
51737,1
51738,0
51739,0
51740,0
51741,0
51742,0
51743,0
51744,1
51745,0
51746,0
51747,0
51748,0
51749,0
51750,0
51751,0
51752,0
51753,0
51754,1
51755,0
51756,0
51757,0
51758,0
51759,0
51760,0
51761,0
51762,0
51763,1
51764,0
51765,0
51766,0
51767,0
51768,0
51769,1
51771,0
51772,1
51773,1
51774,0
51775,0
51776,1
51777,0
51778,0
51779,0
51780,0
51781,0
51782,0
51783,1
51784,0
51785,1
51787,1
51788,1
51789,0
51790,1
51791,1
51792,1
51793,0
51794,0
51795,0
51796,0
51797,1
51798,0
51799,0
51800,0
51801,0
51802,1
51803,1
51804,0
51805,0
51806,0
51807,1
51808,0
51810,1
51811,0
51812,0
51813,0
51814,0
51815,0
51816,0
51817,0
51818,0
51819,0
51820,0
51821,1
51822,0
51823,0
51824,0
51825,0
51826,0
51827,1
51828,1
51829,0
51830,0
51831,0
51832,0
51834,0
51836,0
51837,1
51838,0
51839,0
51840,0
51841,0
51843,0
51844,0
51845,0
51846,0
51847,0
51848,0
51849,0
51850,0
51851,0
51852,1
51853,0
51854,1
51855,0
51856,0
51857,0
51858,0
51859,0
51860,1
51861,0
51862,0
51863,1
51864,0
51865,1
51866,1
51867,1
51868,0
51869,0
51871,0
51872,0
51873,1
51874,1
51875,0
51876,0
51877,0
51879,0
51880,1
51881,0
51882,1
51883,1
51884,0
51886,0
51887,0
51888,0
51889,1
51890,0
51891,0
51892,0
51893,0
51894,0
51895,0
51896,0
51897,0
51898,0
51899,1
51900,0
51901,0
51902,0
51903,0
51904,0
51905,0
51906,1
51907,0
51908,0
51909,0
51910,1
51911,0
51912,1
51913,1
51914,0
51915,0
51916,1
51918,1
51919,0
51920,1
51921,1
51922,1
51923,0
51924,0
51925,0
51926,0
51927,0
51928,0
51930,0
51931,0
51932,0
51933,0
51934,1
51935,0
51937,0
51938,0
51941,0
51942,0
51943,0
51944,0
51945,0
51946,0
51948,0
51949,0
51950,0
51951,0
51952,0
51953,0
51954,0
51955,0
51956,0
51957,0
51959,1
51960,0
51961,0
51962,0
51963,0
51964,0
51965,0
51966,0
51967,0
51968,0
51969,0
51970,0
51971,0
51972,1
51973,0
51974,0
51975,1
51976,0
51977,0
51978,0
51979,1
51980,0
51981,0
51982,0
51983,1
51984,0
51985,0
51986,0
51987,1
51989,0
51990,0
51991,0
51992,0
51993,0
51994,0
51995,0
51996,0
51997,0
51998,0
51999,0
52000,1
52001,0
52002,0
52003,1
52004,0
52005,0
52006,0
52007,0
52009,1
52010,0
52011,0
52012,1
52013,0
52014,1
52015,0
52017,0
52018,1
52019,1
52020,0
52021,1
52022,0
52023,0
52024,0
52025,0
52026,1
52027,0
52028,0
52030,0
52031,1
52032,0
52033,0
52034,0
52035,0
52036,0
52037,0
52038,0
52039,0
52041,1
52042,0
52043,0
52044,0
52045,0
52046,0
52047,0
52048,0
52050,0
52051,1
52052,0
52053,0
52054,1
52055,0
52056,0
52057,0
52058,0
52059,1
52060,1
52061,0
52062,0
52063,0
52064,0
52065,0
52066,0
52067,1
52068,0
52069,1
52070,1
52071,0
52072,0
52073,1
52074,1
52075,0
52076,1
52077,0
52078,0
52080,0
52081,1
52082,0
52085,0
52086,0
52087,0
52088,0
52089,0
52090,0
52091,0
52093,1
52094,0
52096,1
52098,1
52099,1
52100,0
52101,1
52102,0
52103,0
52104,0
52105,0
52106,1
52107,0
52108,0
52110,0
52111,1
52112,1
52113,0
52114,0
52115,0
52116,1
52117,0
52118,0
52119,1
52121,0
52122,0
52123,0
52124,0
52125,1
52126,0
52128,0
52129,0
52130,0
52132,0
52133,1
52134,1
52135,1
52136,1
52137,1
52138,1
52139,1
52140,0
52141,1
52143,1
52144,1
52145,1
52146,0
52147,1
52148,1
52149,0
52150,1
52151,0
52152,0
52154,1
52155,0
52156,0
52158,1
52159,0
52160,0
52161,0
52163,0
52164,1
52165,0
52167,0
52168,0
52169,0
52172,1
52174,0
52175,0
52177,1
52178,0
52179,1
52180,0
52181,0
52182,0
52183,0
52184,0
52186,0
52187,0
52188,0
52189,0
52190,0
52191,1
52192,0
52193,0
52194,0
52195,0
52196,0
52197,0
52198,0
52199,0
52200,0
52201,0
52202,0
52203,0
52204,0
52205,0
52206,0
52207,0
52208,0
52209,0
52211,1
52212,0
52213,0
52214,0
52216,0
52217,0
52218,0
52219,1
52220,0
52221,0
52222,0
52223,0
52224,1
52225,0
52226,0
52227,0
52228,0
52229,0
52230,1
52231,0
52234,0
52235,0
52236,0
52237,0
52238,0
52239,0
52241,0
52242,0
52243,0
52244,0
52245,0
52246,1
52247,0
52248,0
52249,0
52250,0
52251,0
52252,0
52253,0
52254,0
52255,0
52256,0
52257,0
52258,0
52259,0
52260,0
52261,1
52262,0
52264,0
52265,0
52266,0
52267,0
52268,1
52270,1
52271,1
52272,1
52273,0
52275,1
52276,0
52277,0
52278,0
52279,0
52280,0
52281,1
52282,1
52283,0
52284,0
52285,1
52286,0
52287,0
52288,1
52289,0
52290,0
52291,1
52292,0
52294,0
52295,0
52296,0
52297,1
52298,1
52299,0
52300,0
52302,1
52303,0
52304,1
52305,0
52306,0
52308,0
52309,0
52310,0
52311,1
52312,0
52313,0
52314,0
52315,0
52316,1
52317,0
52318,0
52319,0
52320,0
52321,0
52322,1
52323,0
52324,0
52325,0
52326,0
52327,0
52328,0
52329,0
52330,0
52331,0
52332,1
52333,0
52334,0
52335,1
52336,0
52337,1
52338,0
52339,1
52340,0
52341,0
52342,0
52343,0
52344,0
52345,0
52348,0
52350,0
52351,1
52352,0
52353,0
52355,0
52356,0
52357,0
52358,0
52359,0
52361,0
52362,0
52363,0
52364,0
52365,1
52366,1
52368,0
52369,1
52370,0
52371,0
52373,1
52374,0
52375,0
52376,0
52377,0
52378,0
52379,0
52381,0
52383,1
52384,0
52385,0
52386,0
52387,0
52388,0
52389,0
52390,1
52391,0
52392,0
52393,0
52394,0
52395,1
52396,1
52397,0
52398,0
52399,0
52400,0
52401,0
52402,0
52403,1
52404,0
52405,0
52407,1
52408,0
52409,1
52410,0
52411,0
52412,0
52413,0
52414,0
52415,1
52416,1
52417,0
52418,0
52419,0
52420,0
52421,0
52422,0
52423,0
52424,0
52425,1
52426,0
52427,0
52428,0
52429,0
52430,1
52431,1
52432,1
52436,1
52437,0
52438,1
52439,0
52440,0
52441,1
52443,0
52444,1
52445,1
52446,0
52447,0
52448,0
52449,0
52450,1
52451,0
52452,1
52453,0
52454,0
52455,0
52456,0
52460,0
52461,1
52462,1
52463,0
52464,1
52465,0
52466,1
52468,0
52469,1
52470,0
52472,0
52473,0
52474,0
52475,1
52476,0
52477,1
52478,1
52479,0
52480,1
52481,1
52482,0
52483,0
52484,0
52485,0
52486,0
52487,0
52488,1
52490,0
52491,1
52492,1
52494,0
52496,0
52497,0
52498,0
52499,0
52500,0
52501,0
52502,0
52503,0
52505,0
52506,0
52507,1
52508,0
52509,1
52510,1
52511,0
52512,0
52513,1
52514,0
52515,0
52516,1
52517,1
52518,0
52519,0
52520,0
52521,0
52523,0
52524,1
52525,1
52526,1
52527,1
52528,1
52529,0
52530,0
52531,0
52532,0
52534,0
52535,1
52536,0
52537,1
52538,0
52539,0
52541,0
52542,0
52543,0
52544,0
52545,0
52546,0
52547,1
52548,0
52549,0
52550,0
52551,1
52552,0
52553,0
52554,0
52555,1
52556,0
52557,0
52558,0
52559,0
52560,0
52562,0
52563,0
52564,0
52566,0
52567,0
52570,0
52573,0
52574,1
52575,0
52576,0
52577,1
52578,0
52579,0
52580,0
52581,0
52582,1
52583,0
52584,1
52585,1
52586,0
52587,0
52588,0
52589,0
52590,1
52591,0
52592,0
52593,0
52594,0
52595,0
52596,0
52597,0
52598,0
52599,0
52600,0
52601,1
52602,1
52603,0
52604,1
52605,0
52606,0
52607,0
52609,1
52611,0
52612,0
52613,0
52614,1
52615,0
52616,0
52617,1
52618,0
52619,0
52621,0
52622,0
52623,0
52624,1
52625,0
52626,0
52627,0
52628,1
52630,0
52631,0
52632,0
52633,1
52634,0
52635,1
52636,0
52637,1
52638,0
52639,0
52641,0
52642,0
52643,0
52644,0
52645,0
52647,1
52648,1
52649,1
52650,0
52651,1
52652,0
52653,0
52654,0
52655,0
52656,0
52657,0
52658,0
52659,1
52660,0
52661,0
52662,0
52663,1
52664,0
52665,1
52666,0
52667,0
52668,0
52669,0
52670,0
52671,0
52672,1
52673,0
52674,0
52675,0
52676,0
52677,0
52678,0
52679,0
52681,0
52682,1
52683,0
52684,0
52685,0
52687,0
52688,0
52689,1
52690,0
52691,1
52692,0
52693,0
52694,1
52695,1
52696,0
52697,0
52698,0
52700,0
52702,0
52703,0
52704,0
52705,0
52707,0
52709,0
52710,0
52711,0
52713,0
52714,0
52715,0
52716,0
52717,0
52718,0
52719,0
52720,0
52721,0
52722,0
52723,0
52724,0
52725,0
52726,0
52727,1
52728,0
52729,0
52730,0
52731,1
52733,0
52734,1
52736,0
52738,0
52739,0
52740,0
52741,0
52742,0
52743,0
52744,0
52745,0
52746,0
52747,0
52748,0
52749,0
52750,0
52751,0
52752,0
52754,0
52755,0
52756,0
52757,1
52758,0
52759,0
52760,0
52761,0
52762,0
52763,0
52764,1
52765,0
52766,0
52767,1
52768,0
52769,0
52770,0
52771,0
52772,0
52773,0
52774,0
52775,1
52776,0
52777,0
52778,0
52779,0
52780,0
52781,1
52782,1
52783,0
52784,1
52786,0
52787,0
52788,1
52789,1
52790,0
52791,1
52792,0
52793,0
52794,0
52795,0
52796,0
52797,0
52798,0
52799,0
52800,1
52801,0
52802,0
52804,0
52806,0
52807,0
52808,0
52809,0
52810,1
52811,0
52812,0
52813,0
52814,0
52815,0
52816,1
52817,0
52818,0
52819,0
52820,0
52821,1
52822,0
52823,1
52824,0
52825,1
52826,0
52827,1
52828,1
52829,1
52830,1
52831,1
52832,0
52833,0
52835,0
52836,0
52837,1
52838,0
52839,0
52840,0
52841,1
52842,0
52843,0
52844,0
52845,0
52846,0
52849,0
52850,0
52851,1
52852,0
52853,0
52854,0
52855,0
52857,0
52859,1
52860,1
52861,0
52862,0
52863,0
52864,1
52865,0
52866,0
52867,0
52868,0
52869,1
52870,0
52872,0
52873,1
52874,0
52875,0
52876,1
52877,0
52878,0
52879,0
52880,0
52881,0
52882,0
52883,1
52884,0
52885,0
52886,0
52887,0
52888,0
52889,0
52890,0
52891,0
52892,1
52893,0
52894,0
52895,0
52896,0
52897,0
52898,1
52899,1
52900,0
52901,0
52902,0
52905,0
52906,1
52907,0
52908,0
52909,0
52910,0
52911,1
52913,0
52914,0
52915,0
52916,0
52917,0
52918,0
52919,0
52920,0
52921,1
52922,0
52923,0
52924,0
52925,1
52926,0
52927,0
52929,1
52930,0
52931,1
52932,0
52933,0
52934,1
52935,0
52936,0
52937,0
52938,0
52940,0
52941,0
52942,0
52943,0
52944,0
52945,0
52947,0
52948,0
52949,1
52950,0
52951,0
52953,0
52954,0
52955,0
52956,0
52959,0
52960,1
52961,1
52962,1
52963,1
52964,0
52965,1
52966,1
52967,0
52968,0
52969,0
52970,0
52972,0
52973,0
52974,1
52975,0
52976,0
52977,0
52978,0
52979,0
52980,0
52981,1
52982,0
52983,1
52984,0
52985,0
52986,0
52987,0
52988,0
52989,1
52990,0
52991,0
52992,0
52993,0
52994,0
52995,0
52996,0
52997,0
52998,0
52999,0
53000,1
53001,0
53002,0
53003,1
53004,0
53005,0
53006,0
53007,0
53008,1
53009,0
53010,0
53011,1
53012,0
53013,0
53014,0
53015,0
53016,0
53017,0
53019,0
53020,1
53021,0
53022,0
53023,0
53024,0
53025,1
53026,0
53027,0
53028,0
53030,0
53031,0
53032,0
53034,1
53035,0
53036,0
53037,0
53038,0
53039,1
53040,0
53041,0
53042,0
53043,0
53044,0
53045,1
53046,1
53047,0
53048,0
53049,0
53050,0
53052,0
53053,0
53054,0
53055,1
53056,0
53057,0
53058,0
53059,0
53061,0
53062,0
53063,0
53064,0
53065,0
53066,1
53067,1
53068,0
53069,0
53070,0
53071,0
53072,0
53073,0
53074,0
53075,0
53076,0
53077,0
53078,0
53079,0
53080,0
53081,0
53082,0
53083,0
53084,0
53085,0
53086,1
53087,0
53088,0
53089,0
53090,0
53091,0
53092,0
53093,1
53094,0
53095,0
53097,0
53098,0
53100,0
53102,1
53103,1
53104,1
53105,0
53106,0
53107,0
53108,0
53109,0
53110,0
53111,0
53113,0
53114,0
53115,0
53116,0
53117,0
53118,0
53119,1
53120,1
53121,0
53122,0
53123,0
53124,0
53125,1
53126,0
53127,0
53128,0
53129,0
53131,0
53132,0
53135,1
53136,0
53138,0
53139,0
53140,0
53141,1
53142,0
53143,1
53144,0
53145,0
53146,0
53147,1
53148,0
53149,0
53150,1
53151,1
53152,0
53153,0
53154,0
53155,0
53156,0
53157,0
53158,0
53159,1
53160,0
53162,0
53163,1
53164,0
53165,0
53166,1
53167,0
53168,0
53169,1
53170,1
53171,0
53172,0
53173,1
53174,0
53175,1
53176,1
53177,1
53178,0
53179,1
53180,1
53181,0
53182,0
53183,0
53184,1
53185,0
53186,0
53187,0
53188,0
53189,0
53190,1
53192,0
53193,0
53194,0
53195,0
53196,0
53197,1
53198,1
53199,0
53200,0
53201,0
53202,0
53203,1
53204,0
53205,0
53206,0
53207,0
53208,0
53209,0
53210,0
53212,0
53213,0
53214,0
53215,0
53216,0
53217,0
53218,0
53219,0
53220,1
53221,0
53222,0
53223,1
53224,0
53225,0
53226,0
53227,1
53228,1
53229,0
53230,1
53231,1
53232,0
53233,0
53234,0
53235,0
53236,0
53238,0
53239,1
53240,1
53241,0
53242,1
53243,1
53244,0
53245,1
53246,0
53247,1
53248,1
53249,0
53250,1
53251,0
53252,1
53253,0
53254,0
53255,0
53256,0
53257,0
53258,0
53259,0
53260,0
53261,1
53262,0
53263,0
53264,0
53265,0
53266,0
53267,0
53268,1
53269,1
53270,0
53271,0
53272,0
53273,0
53274,0
53275,0
53276,1
53277,0
53278,0
53279,0
53280,0
53281,0
53282,0
53283,1
53284,0
53285,0
53286,0
53287,1
53289,0
53290,1
53291,0
53293,0
53294,0
53295,1
53296,0
53297,0
53298,0
53299,0
53300,0
53301,1
53302,0
53303,0
53304,0
53305,0
53307,0
53309,1
53310,0
53311,0
53312,0
53313,0
53314,1
53315,0
53316,0
53317,0
53318,0
53319,0
53320,0
53321,1
53322,0
53323,0
53324,0
53325,0
53326,1
53327,0
53328,0
53329,1
53330,0
53331,0
53332,0
53333,0
53334,1
53336,1
53337,0
53338,0
53339,0
53340,1
53341,0
53342,1
53343,0
53344,1
53345,1
53346,0
53347,0
53348,0
53349,0
53350,0
53351,0
53352,0
53353,1
53355,0
53356,0
53357,0
53358,0
53359,1
53360,1
53361,1
53363,0
53364,0
53365,0
53366,0
53367,0
53368,0
53369,0
53370,0
53371,1
53372,0
53373,0
53374,0
53375,0
53376,0
53377,0
53378,0
53379,0
53380,0
53381,0
53382,0
53383,1
53384,1
53385,0
53386,0
53387,0
53389,1
53390,0
53391,0
53392,0
53393,1
53394,0
53395,0
53396,0
53398,0
53399,0
53400,0
53401,0
53402,0
53403,1
53404,0
53406,0
53408,0
53409,0
53410,0
53411,1
53412,0
53413,0
53414,0
53415,0
53417,0
53418,0
53419,0
53420,0
53421,0
53422,0
53423,0
53424,0
53425,1
53426,0
53427,0
53428,1
53429,0
53430,0
53432,0
53433,0
53434,0
53435,0
53436,0
53437,0
53438,0
53439,0
53440,0
53441,0
53442,0
53443,0
53444,0
53445,0
53446,0
53447,0
53449,0
53450,0
53451,0
53452,0
53453,0
53455,0
53456,1
53457,0
53458,0
53459,0
53460,0
53461,0
53462,0
53463,0
53464,0
53465,0
53466,0
53467,0
53468,1
53469,0
53470,1
53472,0
53473,0
53474,0
53475,0
53476,1
53478,0
53479,0
53480,0
53481,0
53482,1
53483,1
53484,0
53485,0
53486,1
53487,0
53488,0
53490,0
53491,1
53492,0
53493,0
53494,0
53495,1
53496,1
53497,0
53498,1
53499,0
53500,0
53501,0
53502,1
53503,1
53504,0
53505,0
53506,0
53507,0
53508,0
53509,1
53510,0
53511,0
53512,1
53513,0
53514,0
53515,0
53516,1
53517,0
53518,0
53519,0
53520,0
53521,1
53522,0
53524,1
53525,0
53526,0
53527,0
53528,1
53530,0
53531,0
53532,0
53533,0
53534,0
53535,0
53536,0
53537,0
53538,0
53539,0
53540,1
53541,0
53542,0
53543,0
53544,1
53545,0
53546,0
53547,0
53548,0
53549,1
53550,0
53551,0
53552,1
53553,0
53554,0
53555,0
53556,0
53557,0
53558,0
53559,0
53560,0
53561,0
53562,0
53563,0
53564,0
53565,1
53566,0
53567,0
53568,1
53569,1
53570,0
53571,1
53572,1
53573,0
53574,0
53575,1
53576,0
53577,0
53578,0
53579,1
53580,0
53581,0
53582,0
53583,0
53585,1
53586,0
53587,0
53589,0
53590,0
53591,0
53592,0
53593,0
53594,0
53595,0
53596,0
53597,0
53598,0
53599,0
53600,0
53601,0
53602,0
53603,1
53604,1
53605,1
53606,1
53607,0
53608,0
53609,0
53610,0
53611,0
53612,0
53613,1
53614,1
53615,0
53616,0
53617,0
53618,0
53619,0
53620,0
53621,1
53622,1
53623,0
53624,0
53625,0
53626,1
53627,0
53628,0
53629,0
53630,1
53631,0
53633,1
53634,0
53635,0
53636,0
53637,0
53638,1
53639,1
53640,0
53641,1
53642,0
53643,0
53644,0
53645,0
53646,0
53647,0
53648,0
53649,1
53650,0
53651,0
53652,0
53653,1
53654,0
53655,0
53656,1
53657,0
53658,1
53659,0
53660,0
53662,0
53663,0
53664,0
53665,0
53666,0
53667,0
53669,0
53670,0
53672,1
53673,0
53675,1
53676,1
53677,0
53679,0
53680,0
53681,0
53682,0
53684,0
53685,0
53687,0
53688,0
53689,1
53690,1
53691,0
53692,0
53693,0
53694,0
53695,1
53696,1
53697,0
53698,0
53699,0
53700,0
53702,0
53703,0
53704,0
53705,0
53706,0
53707,1
53708,0
53709,0
53710,0
53711,0
53712,0
53713,1
53714,0
53715,0
53716,0
53717,1
53718,0
53719,0
53720,0
53721,1
53722,0
53723,0
53724,0
53725,0
53726,0
53727,0
53728,0
53729,0
53730,0
53731,0
53732,0
53733,0
53734,0
53735,1
53736,1
53737,0
53738,0
53739,1
53740,1
53741,0
53742,0
53743,0
53744,0
53745,0
53746,1
53747,1
53748,0
53749,0
53750,0
53752,0
53753,0
53754,1
53755,0
53756,0
53757,0
53758,1
53759,0
53760,0
53761,0
53762,0
53763,0
53764,0
53765,0
53766,0
53767,1
53768,0
53769,0
53770,1
53771,0
53772,0
53773,1
53774,0
53775,0
53776,0
53777,0
53778,0
53779,0
53780,0
53781,0
53782,0
53783,0
53784,0
53785,0
53786,0
53787,0
53788,0
53789,0
53790,1
53791,0
53792,0
53793,0
53795,0
53796,0
53797,0
53798,1
53799,0
53800,0
53801,0
53802,0
53803,1
53804,0
53805,0
53806,1
53807,0
53808,0
53809,1
53810,0
53811,0
53812,1
53813,1
53814,1
53815,0
53816,0
53817,0
53818,0
53819,0
53820,1
53822,0
53823,0
53825,1
53826,0
53827,0
53828,0
53829,0
53830,0
53831,0
53832,0
53833,0
53834,0
53835,0
53836,0
53837,1
53838,0
53839,1
53840,0
53841,0
53842,0
53843,1
53844,0
53845,0
53847,1
53848,1
53849,1
53850,0
53851,0
53852,0
53853,0
53854,0
53855,0
53856,0
53857,0
53859,0
53860,0
53862,0
53863,0
53864,0
53865,0
53866,0
53867,0
53868,0
53869,1
53870,0
53871,0
53872,0
53873,0
53874,1
53875,0
53876,1
53877,0
53878,0
53879,0
53880,0
53881,0
53882,1
53883,0
53884,0
53885,0
53886,1
53887,0
53888,0
53889,0
53890,0
53891,0
53892,0
53893,0
53894,1
53895,0
53896,1
53897,0
53898,1
53899,0
53900,0
53901,0
53903,0
53904,0
53906,0
53907,0
53908,0
53909,0
53910,1
53911,0
53912,0
53913,1
53914,0
53915,0
53916,0
53918,0
53919,0
53920,0
53921,0
53922,1
53925,1
53927,0
53928,1
53929,0
53930,0
53931,0
53932,0
53933,0
53934,0
53935,0
53936,0
53937,0
53938,0
53939,0
53940,0
53941,0
53942,1
53943,0
53944,0
53945,0
53946,0
53947,0
53948,0
53949,0
53950,0
53951,0
53952,0
53953,1
53954,0
53955,0
53956,0
53957,0
53958,0
53959,0
53960,0
53961,0
53962,0
53963,1
53964,1
53965,0
53966,0
53967,0
53968,0
53969,0
53970,1
53971,0
53972,0
53973,1
53974,0
53975,0
53976,0
53977,1
53978,1
53979,1
53980,1
53981,0
53982,1
53983,0
53984,0
53985,0
53986,0
53987,0
53988,0
53989,0
53990,1
53991,0
53992,1
53993,0
53994,0
53995,0
53997,0
53998,0
53999,0
54000,0
54001,0
54002,1
54003,0
54004,0
54005,0
54006,1
54007,0
54008,0
54009,1
54010,0
54011,0
54012,0
54013,0
54014,0
54015,0
54016,0
54017,0
54018,0
54019,1
54020,0
54021,0
54022,0
54023,1
54024,0
54025,0
54026,0
54027,0
54028,0
54029,0
54030,1
54031,0
54032,0
54033,1
54034,0
54035,1
54036,0
54037,0
54038,0
54039,1
54040,0
54041,0
54043,0
54044,0
54045,0
54046,0
54047,0
54049,0
54050,1
54051,1
54052,0
54053,0
54054,1
54055,0
54056,0
54057,1
54059,1
54060,0
54061,1
54062,0
54063,1
54064,0
54065,0
54066,0
54067,0
54068,0
54069,0
54070,0
54071,1
54072,0
54073,0
54074,0
54075,0
54076,0
54077,0
54078,0
54079,0
54080,0
54081,0
54082,0
54083,0
54084,1
54085,0
54086,1
54087,1
54088,0
54089,0
54090,0
54091,0
54092,0
54093,1
54094,0
54095,0
54096,0
54097,0
54098,0
54099,0
54100,0
54101,1
54102,0
54103,0
54104,0
54105,0
54106,0
54107,0
54108,0
54109,0
54110,0
54111,0
54112,0
54113,0
54114,1
54115,1
54116,0
54117,0
54118,0
54119,0
54120,0
54121,0
54122,1
54123,0
54124,0
54125,0
54126,0
54127,0
54128,0
54129,1
54130,0
54131,1
54132,0
54133,0
54134,0
54135,0
54136,0
54137,0
54139,0
54140,0
54141,0
54142,1
54143,0
54144,0
54145,0
54146,0
54147,0
54148,0
54149,1
54151,0
54152,0
54153,0
54154,0
54155,0
54156,0
54157,0
54158,0
54159,0
54160,0
54161,0
54162,0
54163,0
54164,0
54165,0
54166,0
54167,0
54168,0
54169,0
54170,0
54171,0
54172,0
54173,0
54174,0
54175,0
54176,0
54177,1
54178,1
54180,0
54181,0
54182,0
54183,1
54184,0
54185,0
54186,0
54187,0
54188,0
54189,0
54190,0
54191,0
54192,0
54193,0
54194,1
54195,1
54196,0
54197,0
54198,0
54199,0
54200,0
54201,0
54202,0
54203,0
54204,1
54205,0
54206,0
54207,0
54208,0
54209,0
54210,0
54211,0
54212,0
54213,0
54214,1
54215,0
54216,0
54217,1
54218,0
54219,0
54220,0
54221,1
54222,0
54223,0
54224,0
54225,0
54226,1
54227,0
54228,0
54229,0
54230,1
54231,0
54232,0
54233,0
54234,0
54235,1
54236,0
54238,0
54239,0
54240,0
54241,0
54242,0
54243,0
54244,0
54246,0
54247,0
54248,0
54249,0
54250,1
54251,0
54252,0
54253,0
54254,0
54255,0
54256,1
54257,0
54258,0
54259,0
54260,0
54261,0
54262,0
54264,0
54265,0
54266,0
54267,0
54268,1
54269,0
54270,0
54271,0
54272,0
54273,0
54274,1
54275,1
54276,0
54277,0
54278,0
54279,0
54280,1
54281,0
54282,0
54283,0
54284,1
54285,0
54286,0
54287,1
54288,0
54289,0
54290,1
54291,0
54292,1
54293,1
54294,0
54295,0
54296,1
54297,0
54298,0
54299,1
54300,0
54301,0
54302,0
54304,0
54305,0
54306,0
54307,0
54308,0
54309,0
54310,0
54311,0
54312,1
54313,0
54314,0
54315,0
54316,0
54317,0
54318,0
54319,0
54320,0
54321,0
54322,0
54323,0
54324,0
54325,1
54326,0
54327,0
54328,0
54329,0
54330,0
54331,0
54332,0
54333,0
54334,0
54335,0
54336,0
54337,0
54338,0
54339,0
54340,0
54341,0
54342,0
54343,0
54344,0
54345,0
54346,0
54347,0
54348,0
54349,0
54350,0
54351,0
54352,0
54353,0
54354,0
54355,0
54356,0
54357,0
54358,0
54359,0
54360,0
54361,0
54362,0
54363,0
54364,0
54365,0
54366,0
54367,0
54368,0
54369,1
54370,0
54371,1
54372,1
54373,0
54374,1
54375,0
54376,1
54377,1
54378,0
54380,0
54381,0
54382,0
54383,0
54384,0
54385,0
54386,0
54387,0
54388,1
54389,0
54390,0
54391,0
54392,0
54393,0
54394,1
54395,1
54396,0
54397,1
54398,0
54399,0
54400,0
54401,0
54402,0
54403,1
54404,0
54405,1
54406,0
54407,0
54408,0
54409,1
54410,0
54411,0
54412,0
54413,0
54414,0
54415,0
54416,0
54417,0
54418,0
54419,0
54420,0
54421,0
54422,0
54423,0
54424,0
54425,1
54426,0
54427,0
54428,0
54429,1
54430,0
54431,0
54432,0
54433,0
54434,0
54435,1
54436,0
54437,0
54438,0
54439,0
54440,0
54441,1
54442,0
54443,0
54444,1
54445,0
54446,0
54447,0
54448,0
54449,1
54450,0
54451,1
54452,0
54453,0
54454,0
54455,0
54456,0
54457,0
54458,0
54459,0
54460,0
54461,0
54462,0
54463,0
54464,1
54465,1
54466,0
54467,0
54468,0
54469,1
54470,0
54471,0
54472,0
54473,1
54474,0
54475,0
54476,1
54477,0
54478,0
54480,0
54481,0
54482,0
54483,0
54484,0
54485,0
54486,1
54487,1
54488,0
54489,1
54490,0
54491,1
54492,0
54493,0
54494,0
54495,0
54496,1
54497,0
54498,1
54499,1
54500,0
54501,0
54502,0
54503,1
54504,0
54505,1
54506,0
54507,1
54508,0
54509,0
54510,0
54511,0
54512,0
54513,0
54514,0
54515,1
54516,0
54517,0
54518,0
54519,0
54520,1
54521,0
54522,0
54523,0
54524,0
54525,0
54526,0
54527,0
54528,0
54529,0
54530,0
54531,0
54532,0
54533,1
54534,1
54535,0
54536,1
54537,1
54538,0
54539,1
54540,1
54541,0
54542,0
54543,0
54544,1
54545,1
54546,1
54547,0
54548,0
54549,0
54550,0
54551,0
54552,0
54553,0
54554,0
54555,0
54556,1
54557,0
54558,0
54560,0
54561,0
54562,1
54563,0
54564,0
54565,0
54567,0
54568,0
54569,0
54571,1
54572,0
54573,0
54574,0
54575,1
54576,0
54577,0
54578,0
54579,0
54580,0
54581,1
54582,0
54583,0
54584,0
54585,1
54586,0
54587,0
54588,0
54589,0
54590,0
54591,0
54592,0
54594,0
54595,1
54596,0
54597,0
54598,0
54599,0
54600,0
54601,0
54602,0
54603,0
54604,0
54605,0
54606,0
54607,0
54608,0
54609,0
54610,0
54611,0
54612,0
54613,0
54614,0
54615,0
54616,0
54617,0
54618,1
54619,0
54620,1
54622,0
54623,0
54625,0
54626,0
54627,0
54628,1
54629,1
54630,0
54631,0
54632,1
54633,0
54634,0
54635,0
54636,0
54637,1
54639,0
54640,0
54641,0
54642,0
54643,0
54644,0
54645,0
54647,0
54649,0
54650,0
54651,0
54652,0
54653,0
54654,0
54655,0
54657,0
54658,0
54659,0
54660,0
54661,1
54663,0
54665,0
54666,0
54667,1
54668,0
54669,0
54670,0
54671,0
54672,0
54673,0
54674,1
54675,0
54676,1
54677,1
54678,0
54679,0
54680,0
54681,0
54682,1
54683,0
54684,1
54685,0
54686,0
54687,0
54688,0
54689,1
54690,0
54691,1
54692,1
54693,0
54694,0
54695,0
54696,0
54697,0
54698,1
54699,0
54700,0
54701,0
54702,0
54704,0
54705,0
54706,0
54707,0
54709,1
54710,0
54712,0
54713,0
54714,1
54715,0
54716,0
54717,1
54718,1
54719,1
54720,0
54721,0
54722,0
54723,0
54724,1
54725,0
54726,0
54727,1
54728,0
54729,0
54730,0
54731,0
54732,0
54733,1
54734,0
54735,0
54736,0
54737,0
54738,1
54739,1
54740,0
54741,0
54742,1
54743,0
54744,0
54745,1
54746,1
54747,0
54748,1
54749,1
54750,0
54751,0
54752,0
54753,1
54754,0
54755,0
54756,1
54757,0
54758,1
54759,1
54760,0
54761,1
54762,1
54763,0
54764,0
54765,1
54766,1
54767,1
54768,0
54769,1
54770,1
54771,0
54772,0
54773,1
54774,1
54775,0
54776,1
54777,0
54778,1
54779,1
54780,0
54781,1
54782,1
54783,1
54784,1
54785,1
54786,0
54788,0
54789,0
54790,0
54791,0
54792,1
54793,0
54794,0
54795,0
54796,1
54797,0
54798,1
54799,0
54800,0
54801,0
54802,0
54803,1
54804,0
54805,1
54806,0
54807,0
54808,0
54809,0
54810,0
54811,0
54812,0
54813,0
54814,1
54815,1
54816,0
54817,1
54818,1
54819,1
54820,0
54821,0
54822,0
54823,0
54824,0
54825,0
54826,0
54827,0
54828,1
54829,0
54830,0
54831,0
54832,0
54833,0
54834,0
54835,0
54836,0
54837,1
54838,1
54839,1
54840,0
54841,1
54842,1
54843,0
54844,1
54845,0
54846,0
54848,0
54849,0
54850,1
54851,0
54852,0
54853,0
54854,0
54855,0
54856,0
54857,1
54858,0
54860,0
54861,1
54862,1
54863,1
54864,0
54865,0
54867,1
54868,0
54869,0
54870,0
54871,0
54872,0
54873,0
54875,0
54876,0
54877,0
54878,0
54879,0
54880,0
54881,0
54882,0
54883,0
54884,1
54885,1
54886,0
54887,1
54888,0
54889,0
54890,0
54891,0
54892,0
54893,0
54894,0
54895,0
54896,0
54897,0
54898,0
54899,1
54900,0
54901,1
54902,1
54903,0
54904,1
54905,1
54906,0
54907,0
54908,0
54909,1
54910,0
54911,0
54912,0
54913,0
54914,0
54915,0
54916,0
54917,0
54918,0
54919,0
54920,0
54921,0
54922,0
54923,1
54924,0
54925,1
54927,0
54928,0
54929,0
54930,0
54931,0
54932,1
54933,0
54934,0
54935,0
54936,0
54937,0
54938,0
54939,0
54940,0
54941,0
54944,1
54945,0
54946,0
54947,0
54948,1
54949,0
54950,1
54951,0
54952,0
54953,0
54954,0
54955,0
54956,0
54957,1
54958,0
54959,0
54960,0
54961,0
54962,0
54963,1
54964,0
54965,0
54966,0
54967,0
54968,0
54969,0
54970,0
54972,0
54973,0
54974,0
54975,0
54976,0
54977,0
54978,0
54979,0
54980,0
54981,0
54982,0
54983,0
54984,0
54985,0
54986,0
54987,1
54988,0
54989,0
54990,0
54991,0
54992,1
54993,0
54994,0
54995,0
54996,0
54997,1
54998,1
54999,0
55000,0
55001,0
55002,0
55003,0
55004,0
55005,0
55006,0
55007,0
55008,0
55009,0
55010,1
55011,0
55012,1
55013,0
55014,0
55015,0
55016,1
55018,0
55019,0
55020,0
55021,1
55022,0
55023,0
55024,0
55025,0
55026,0
55027,0
55028,0
55029,0
55030,0
55031,0
55033,0
55034,0
55035,0
55036,0
55037,0
55038,0
55039,0
55040,1
55041,0
55042,0
55043,0
55044,1
55045,1
55046,0
55047,0
55048,0
55049,0
55050,0
55051,0
55052,0
55053,0
55054,0
55056,0
55058,0
55059,0
55060,0
55062,1
55063,0
55064,0
55065,0
55066,1
55068,0
55069,0
55070,0
55071,0
55072,0
55073,0
55074,1
55075,0
55076,0
55077,1
55078,0
55079,0
55080,0
55081,0
55082,0
55083,0
55084,0
55085,0
55086,0
55087,0
55088,1
55089,0
55090,0
55091,0
55092,0
55093,0
55094,0
55095,0
55096,0
55097,1
55098,0
55099,0
55100,0
55101,0
55102,1
55103,0
55104,0
55105,0
55106,0
55107,1
55108,1
55109,0
55110,1
55111,0
55113,0
55114,1
55115,0
55116,1
55117,1
55118,0
55119,0
55120,1
55121,0
55122,0
55123,0
55124,1
55125,0
55126,0
55127,0
55128,0
55129,0
55130,1
55131,0
55132,0
55133,1
55134,0
55135,0
55136,1
55139,0
55140,0
55142,1
55143,0
55144,0
55145,0
55146,0
55147,0
55149,0
55150,0
55151,1
55152,0
55153,0
55154,0
55155,0
55156,0
55158,0
55159,0
55160,0
55161,1
55162,0
55164,0
55165,0
55166,0
55168,1
55169,0
55172,0
55174,0
55175,0
55176,0
55177,1
55178,0
55179,0
55181,0
55182,0
55183,0
55184,1
55185,1
55186,0
55187,1
55188,1
55189,1
55190,1
55191,0
55192,0
55193,0
55194,0
55195,0
55196,0
55197,0
55198,0
55199,0
55200,0
55202,0
55203,0
55204,1
55205,0
55206,0
55207,0
55208,0
55209,0
55210,0
55211,0
55212,1
55214,0
55216,0
55217,0
55218,0
55219,0
55220,1
55221,0
55222,0
55223,0
55224,0
55225,0
55226,0
55227,0
55228,0
55229,0
55231,0
55232,0
55233,0
55234,0
55235,0
55237,1
55238,0
55239,0
55240,0
55243,0
55244,1
55245,0
55246,1
55247,0
55248,0
55249,0
55250,0
55251,0
55252,0
55253,0
55254,1
55255,0
55256,0
55257,0
55258,0
55259,0
55261,0
55262,1
55263,0
55265,0
55266,0
55267,1
55268,1
55269,0
55270,0
55271,0
55272,0
55273,0
55274,0
55275,0
55276,1
55277,0
55278,0
55279,0
55280,0
55281,1
55282,0
55284,0
55285,0
55286,0
55287,0
55288,0
55289,0
55290,0
55291,0
55292,0
55293,1
55294,0
55295,0
55296,0
55297,0
55298,0
55299,0
55300,1
55301,1
55302,0
55303,0
55304,1
55306,1
55307,0
55308,1
55309,1
55310,0
55312,0
55313,0
55314,0
55315,0
55316,1
55317,0
55318,0
55319,0
55320,0
55321,1
55322,1
55323,0
55324,0
55325,0
55328,0
55329,1
55330,1
55332,1
55333,0
55334,0
55335,1
55336,1
55337,0
55338,0
55339,0
55340,1
55341,1
55342,1
55343,0
55344,0
55345,0
55346,0
55347,1
55348,0
55349,1
55350,0
55351,0
55352,0
55353,0
55354,0
55355,0
55356,0
55357,0
55358,0
55359,0
55360,0
55361,0
55364,1
55365,0
55366,0
55367,0
55368,0
55369,0
55370,0
55371,0
55372,0
55373,0
55374,0
55376,0
55377,0
55378,1
55379,0
55380,1
55381,0
55382,1
55383,0
55384,1
55385,1
55386,1
55387,0
55388,0
55389,0
55390,0
55391,1
55392,1
55393,1
55394,0
55395,1
55396,0
55397,0
55398,1
55399,0
55400,0
55401,1
55402,1
55403,0
55404,0
55405,1
55406,0
55407,0
55408,0
55409,0
55410,1
55411,1
55413,0
55414,0
55415,0
55416,1
55417,0
55419,1
55420,0
55421,1
55422,0
55423,0
55425,0
55426,0
55427,0
55428,0
55429,1
55430,0
55431,0
55432,0
55433,0
55434,0
55435,1
55436,0
55437,1
55438,0
55439,0
55440,0
55442,0
55443,0
55444,1
55445,1
55446,1
55447,1
55448,1
55449,0
55450,0
55451,0
55452,0
55455,1
55456,0
55457,1
55458,0
55459,1
55460,1
55461,0
55462,0
55463,0
55464,0
55465,1
55466,0
55467,0
55468,0
55469,1
55470,0
55471,0
55472,0
55473,0
55475,0
55476,0
55477,1
55478,0
55480,0
55481,0
55482,0
55483,0
55484,0
55485,1
55486,0
55487,0
55488,0
55489,1
55490,1
55491,0
55493,1
55494,0
55495,0
55496,0
55497,0
55498,0
55499,1
55500,0
55501,0
55502,0
55504,0
55505,0
55506,0
55507,1
55508,1
55509,0
55510,0
55513,1
55514,0
55515,0
55516,0
55517,0
55518,1
55519,1
55520,0
55521,0
55522,1
55523,1
55524,0
55525,1
55526,0
55527,0
55528,1
55529,1
55530,1
55531,0
55532,0
55533,0
55534,1
55535,0
55536,0
55537,1
55538,1
55539,0
55540,0
55541,0
55542,0
55543,0
55544,0
55545,1
55546,1
55547,1
55548,0
55549,1
55550,0
55551,0
55552,1
55553,0
55554,1
55555,1
55556,1
55557,0
55558,0
55559,1
55560,0
55561,0
55562,0
55563,1
55564,0
55565,1
55567,1
55568,0
55569,1
55570,1
55571,0
55572,1
55573,0
55574,0
55575,0
55576,1
55577,1
55578,0
55579,0
55580,0
55581,1
55582,0
55583,0
55584,1
55585,0
55586,1
55587,1
55588,0
55589,0
55590,0
55591,0
55592,0
55593,1
55594,0
55595,0
55596,1
55597,0
55598,1
55599,0
55600,0
55601,1
55602,0
55603,0
55604,0
55605,0
55608,0
55609,0
55610,0
55611,0
55612,0
55613,0
55614,0
55615,0
55616,0
55617,0
55618,0
55619,0
55620,0
55621,1
55622,0
55624,0
55625,1
55626,0
55627,0
55628,0
55629,0
55630,0
55631,0
55632,0
55633,0
55634,0
55635,0
55636,0
55637,0
55638,0
55639,0
55640,0
55641,0
55642,0
55643,1
55644,0
55645,0
55646,0
55647,0
55648,0
55649,0
55650,1
55651,0
55652,0
55653,0
55654,0
55655,0
55656,0
55657,0
55658,0
55659,0
55660,1
55661,0
55662,0
55663,0
55664,0
55665,0
55666,0
55667,1
55668,1
55669,0
55670,0
55671,0
55672,1
55673,0
55674,0
55675,0
55676,1
55677,0
55678,0
55679,0
55680,0
55681,0
55682,0
55683,0
55684,0
55685,0
55686,0
55687,0
55688,0
55689,0
55690,0
55691,0
55692,0
55693,0
55694,0
55695,0
55696,0
55697,0
55698,0
55699,1
55700,0
55701,0
55702,0
55703,0
55704,1
55705,0
55706,0
55707,0
55708,1
55709,0
55710,0
55711,0
55712,1
55713,1
55714,0
55715,0
55716,0
55717,0
55718,0
55719,0
55720,0
55721,0
55722,0
55723,0
55724,0
55725,1
55726,0
55727,0
55728,0
55729,1
55730,1
55731,0
55732,0
55733,1
55734,0
55735,0
55736,0
55737,0
55738,0
55739,0
55740,0
55741,0
55742,0
55743,0
55744,0
55745,0
55746,0
55747,0
55748,0
55749,0
55750,0
55751,0
55752,0
55753,1
55754,0
55756,0
55757,1
55758,0
55759,0
55760,0
55761,1
55762,0
55763,1
55764,0
55765,0
55766,0
55767,0
55768,0
55769,0
55770,0
55771,1
55772,0
55773,0
55774,0
55775,0
55776,0
55777,0
55778,0
55779,1
55781,0
55782,0
55783,0
55784,0
55785,1
55786,0
55787,1
55788,0
55789,0
55790,0
55791,1
55792,0
55793,0
55794,0
55795,0
55796,0
55797,0
55798,0
55799,0
55800,0
55801,0
55802,0
55803,0
55804,0
55805,0
55806,0
55808,0
55809,0
55810,0
55811,0
55812,1
55813,1
55815,0
55816,0
55818,0
55819,0
55821,0
55822,1
55823,0
55824,1
55825,1
55827,1
55828,0
55829,1
55830,0
55831,0
55832,0
55833,1
55834,0
55835,0
55836,0
55837,0
55838,0
55839,1
55840,0
55841,1
55842,0
55843,0
55844,0
55845,0
55846,1
55847,1
55848,0
55849,0
55850,0
55851,0
55852,0
55853,0
55854,0
55855,0
55856,0
55857,0
55858,1
55859,0
55860,0
55861,0
55862,0
55863,0
55864,0
55865,0
55866,1
55867,0
55868,0
55870,0
55871,0
55872,1
55873,1
55874,0
55875,0
55876,0
55877,0
55878,0
55880,0
55881,1
55882,0
55883,0
55886,0
55887,0
55888,1
55889,1
55890,0
55891,0
55892,0
55893,0
55894,0
55895,0
55896,0
55897,0
55898,0
55899,1
55900,1
55901,1
55902,1
55903,0
55904,0
55905,0
55906,0
55907,0
55908,0
55909,1
55910,0
55911,0
55912,0
55913,0
55914,0
55915,0
55916,0
55917,0
55918,1
55919,0
55920,0
55921,1
55923,0
55924,0
55925,0
55926,0
55927,0
55928,0
55929,0
55930,1
55932,0
55933,0
55934,0
55935,0
55936,0
55937,0
55938,0
55939,0
55940,0
55941,0
55942,0
55943,0
55944,0
55945,0
55946,0
55947,0
55948,1
55949,0
55950,0
55951,0
55952,0
55953,0
55954,0
55955,1
55956,0
55957,0
55958,0
55959,1
55960,0
55961,0
55962,0
55964,1
55965,0
55966,0
55967,1
55968,1
55969,0
55970,0
55971,0
55972,0
55973,1
55974,0
55975,0
55976,0
55977,1
55978,0
55979,0
55981,0
55982,0
55983,0
55984,1
55985,1
55986,0
55987,0
55988,1
55990,0
55991,0
55992,0
55993,0
55994,1
55995,0
55996,0
55997,0
55998,0
55999,0
56000,1
56001,1
56002,1
56003,0
56004,0
56005,1
56006,0
56007,1
56008,0
56009,0
56010,0
56011,0
56013,0
56014,1
56015,0
56016,0
56017,1
56018,0
56019,0
56020,0
56021,0
56022,0
56024,0
56025,1
56026,0
56027,0
56028,0
56029,0
56030,0
56031,0
56032,0
56033,0
56034,0
56035,1
56036,1
56037,1
56038,0
56039,0
56040,1
56041,0
56042,1
56043,0
56044,0
56045,0
56046,0
56047,0
56048,0
56049,1
56050,1
56051,1
56052,0
56053,0
56054,1
56055,0
56056,0
56057,0
56058,0
56059,1
56060,0
56061,0
56062,0
56063,0
56064,0
56065,0
56066,0
56067,0
56068,0
56070,0
56071,1
56072,1
56073,0
56074,0
56075,0
56076,0
56077,0
56078,1
56079,1
56080,0
56084,1
56085,0
56086,0
56087,0
56089,1
56090,0
56091,1
56092,0
56093,0
56094,0
56095,0
56096,1
56097,0
56098,0
56099,1
56100,0
56101,0
56102,0
56103,0
56104,0
56105,0
56106,0
56107,0
56108,0
56109,0
56110,0
56111,0
56112,1
56113,0
56114,0
56115,0
56116,0
56117,0
56118,1
56119,0
56120,0
56121,0
56122,0
56123,0
56124,0
56125,0
56126,1
56127,0
56128,0
56129,0
56130,1
56131,0
56133,0
56134,0
56135,0
56136,1
56137,0
56138,0
56139,0
56140,0
56141,0
56142,0
56143,1
56144,1
56145,0
56146,0
56147,0
56148,0
56149,0
56150,0
56151,0
56152,1
56153,1
56155,0
56156,0
56157,0
56158,0
56159,0
56160,0
56162,0
56163,0
56164,0
56165,0
56166,0
56167,0
56169,1
56170,0
56171,1
56173,1
56174,0
56175,0
56176,0
56177,0
56178,0
56180,0
56181,0
56182,0
56183,0
56184,0
56185,0
56186,0
56187,0
56188,0
56189,1
56190,1
56191,0
56192,1
56193,0
56194,0
56197,0
56199,1
56200,0
56201,0
56202,0
56203,0
56204,0
56205,1
56206,0
56207,0
56208,0
56209,0
56210,0
56211,1
56212,0
56213,0
56214,0
56215,0
56216,0
56217,1
56218,0
56219,0
56220,0
56221,0
56222,0
56223,0
56224,0
56225,0
56226,0
56227,0
56228,0
56229,0
56230,0
56231,0
56232,0
56233,0
56234,1
56235,0
56236,0
56237,0
56238,1
56239,0
56240,0
56241,0
56242,0
56243,0
56244,0
56245,1
56246,0
56247,1
56248,0
56249,1
56250,0
56251,0
56252,0
56253,0
56254,0
56255,0
56256,0
56257,0
56258,0
56259,0
56260,0
56261,0
56262,1
56263,0
56264,0
56265,1
56266,1
56267,1
56268,0
56269,0
56270,1
56271,1
56272,1
56273,0
56274,0
56276,0
56280,0
56281,0
56282,1
56283,0
56284,0
56285,1
56287,1
56290,1
56292,0
56293,0
56294,0
56295,0
56296,1
56297,0
56298,0
56299,0
56300,0
56301,0
56302,0
56304,1
56306,1
56307,0
56308,0
56309,0
56310,0
56311,0
56312,0
56313,0
56314,0
56315,0
56316,0
56317,0
56318,0
56319,0
56320,0
56321,0
56322,0
56323,0
56324,0
56325,1
56326,0
56327,0
56328,0
56329,0
56330,0
56331,0
56332,1
56333,0
56334,0
56335,1
56336,1
56337,0
56340,0
56341,0
56343,0
56344,0
56345,1
56346,0
56347,0
56348,0
56349,0
56350,0
56351,0
56352,1
56353,0
56354,0
56355,0
56356,0
56357,0
56358,0
56359,1
56360,0
56361,0
56362,0
56363,0
56364,1
56365,0
56366,0
56367,0
56368,0
56369,0
56370,0
56371,0
56372,0
56373,0
56374,0
56375,0
56376,1
56377,0
56378,1
56379,0
56380,0
56381,0
56382,0
56383,0
56384,1
56385,0
56386,0
56387,0
56388,0
56389,1
56390,0
56391,0
56393,0
56394,0
56395,0
56396,1
56397,0
56398,0
56399,1
56400,0
56401,0
56402,0
56403,1
56404,0
56405,0
56406,1
56407,0
56408,0
56409,0
56410,0
56411,0
56412,0
56413,1
56415,0
56416,0
56417,0
56418,0
56419,0
56420,1
56421,0
56422,1
56423,0
56424,0
56425,0
56426,0
56427,0
56428,0
56429,0
56430,0
56431,0
56432,0
56433,0
56434,0
56435,0
56436,0
56437,0
56438,0
56439,0
56440,0
56441,0
56442,0
56443,0
56445,0
56446,0
56447,0
56448,0
56449,0
56450,0
56451,0
56452,0
56453,0
56454,0
56455,1
56456,0
56457,0
56458,0
56459,0
56460,0
56461,0
56462,0
56463,0
56464,0
56465,0
56466,0
56469,1
56470,0
56471,1
56472,1
56473,0
56474,0
56476,0
56477,0
56478,0
56479,0
56480,1
56481,0
56482,1
56483,1
56484,1
56485,1
56486,0
56487,0
56488,0
56489,0
56490,0
56491,1
56492,0
56493,0
56494,0
56495,0
56498,0
56499,0
56500,0
56501,0
56502,0
56503,0
56504,0
56505,0
56506,0
56507,0
56508,0
56509,1
56510,0
56511,0
56512,0
56513,0
56514,0
56515,0
56516,0
56517,0
56518,0
56519,1
56520,0
56521,0
56522,0
56523,0
56524,0
56525,0
56526,0
56527,0
56528,0
56529,0
56530,0
56531,0
56532,0
56533,0
56534,0
56535,0
56536,0
56537,1
56538,0
56539,0
56540,0
56541,0
56542,0
56543,0
56544,0
56545,0
56546,0
56547,0
56548,0
56549,0
56550,0
56551,0
56552,0
56553,1
56554,1
56555,0
56556,0
56557,1
56558,0
56559,1
56560,0
56562,0
56563,1
56564,0
56565,1
56566,0
56567,0
56568,0
56569,0
56570,0
56571,0
56573,0
56574,0
56575,0
56576,0
56577,0
56578,0
56579,0
56580,0
56582,0
56583,1
56584,0
56585,0
56586,0
56587,0
56588,0
56589,0
56590,0
56591,0
56592,1
56593,0
56594,0
56595,0
56596,0
56598,0
56599,0
56600,0
56601,0
56602,0
56603,0
56604,0
56605,0
56606,0
56607,1
56608,1
56609,0
56610,0
56611,0
56612,1
56613,0
56614,0
56615,0
56616,1
56617,0
56618,0
56619,0
56620,0
56621,0
56622,0
56623,0
56625,1
56626,1
56628,0
56629,0
56630,0
56631,0
56632,1
56633,0
56634,1
56635,0
56636,0
56637,0
56638,0
56639,0
56640,0
56641,0
56642,0
56643,0
56644,0
56645,1
56646,0
56647,1
56648,0
56649,0
56650,0
56651,1
56653,0
56654,1
56655,0
56656,0
56657,0
56658,0
56659,1
56660,0
56662,0
56663,0
56664,0
56665,0
56666,0
56667,0
56668,0
56669,0
56670,0
56671,0
56672,0
56673,1
56674,0
56675,0
56676,1
56677,0
56678,0
56679,0
56680,0
56682,0
56683,1
56684,0
56685,1
56686,1
56688,0
56689,0
56690,0
56691,0
56693,0
56694,0
56695,0
56696,0
56697,0
56698,1
56699,1
56700,0
56701,0
56702,0
56703,0
56704,0
56705,1
56706,0
56707,0
56708,1
56709,0
56710,0
56711,0
56712,0
56713,0
56714,0
56715,0
56716,0
56717,0
56718,0
56719,0
56720,0
56721,0
56722,0
56723,1
56724,0
56728,0
56729,0
56730,1
56731,1
56732,0
56733,0
56734,0
56735,0
56736,1
56737,0
56738,0
56739,0
56740,0
56741,0
56742,0
56743,0
56744,0
56745,0
56746,0
56747,0
56748,0
56749,0
56751,0
56752,0
56753,0
56754,0
56755,0
56756,0
56757,1
56758,0
56759,0
56760,0
56761,0
56763,0
56764,0
56765,0
56766,0
56767,0
56768,0
56769,0
56770,0
56771,0
56772,1
56773,1
56775,0
56776,0
56777,0
56778,0
56779,0
56780,0
56781,0
56782,0
56783,1
56785,0
56786,1
56787,0
56788,0
56789,0
56791,0
56793,0
56794,1
56795,0
56796,0
56797,0
56798,0
56799,0
56800,0
56801,0
56802,0
56803,0
56804,0
56805,0
56806,0
56807,0
56808,0
56809,0
56810,0
56811,0
56812,0
56813,0
56814,1
56815,0
56816,0
56817,1
56818,0
56819,0
56820,0
56821,0
56822,0
56823,1
56824,0
56825,0
56826,0
56827,0
56828,1
56829,0
56830,0
56831,1
56832,0
56833,1
56834,0
56835,0
56836,1
56837,0
56838,0
56839,0
56840,1
56841,0
56842,1
56843,0
56844,1
56845,0
56846,0
56847,0
56848,0
56849,0
56850,0
56851,1
56852,0
56853,1
56854,0
56855,0
56856,0
56857,0
56858,0
56859,0
56860,1
56861,1
56862,0
56863,0
56866,0
56867,0
56868,0
56869,1
56870,1
56872,0
56873,0
56874,0
56875,0
56876,0
56877,0
56878,0
56879,0
56880,0
56881,0
56882,0
56883,0
56884,0
56887,0
56888,0
56889,0
56890,0
56891,0
56892,0
56893,1
56894,0
56895,0
56896,0
56898,1
56899,0
56900,1
56901,1
56902,0
56903,0
56904,0
56905,1
56906,1
56908,0
56909,0
56910,1
56911,0
56912,0
56913,1
56914,1
56915,0
56916,0
56917,0
56918,0
56919,0
56920,0
56921,0
56922,0
56923,0
56924,0
56925,0
56927,1
56928,0
56929,1
56930,0
56931,0
56932,1
56933,0
56934,0
56935,1
56936,0
56937,0
56939,0
56940,1
56941,0
56942,1
56943,1
56944,1
56945,0
56946,0
56947,0
56948,0
56949,1
56950,1
56951,0
56952,0
56953,0
56954,0
56955,0
56956,0
56957,1
56958,0
56959,0
56960,0
56961,0
56962,0
56963,0
56964,0
56965,1
56966,0
56967,1
56968,0
56969,0
56970,0
56972,0
56973,0
56974,0
56976,1
56977,0
56978,0
56979,0
56980,0
56981,0
56982,0
56983,0
56984,1
56985,0
56986,1
56987,0
56988,1
56989,0
56990,0
56991,0
56993,0
56994,1
56996,0
56997,0
56998,0
56999,0
57000,0
57001,0
57002,0
57003,0
57004,1
57005,1
57006,1
57008,0
57010,0
57011,0
57012,1
57013,0
57014,0
57015,0
57016,0
57018,0
57019,0
57020,0
57021,0
57022,0
57023,0
57024,0
57025,0
57026,1
57027,0
57028,1
57030,0
57031,0
57032,1
57033,1
57034,1
57035,0
57036,1
57037,0
57038,0
57039,0
57040,0
57041,0
57042,0
57043,0
57044,0
57045,0
57046,0
57047,0
57048,0
57049,0
57050,0
57052,0
57053,0
57054,0
57056,0
57057,0
57058,0
57059,0
57060,0
57061,0
57062,0
57063,1
57064,0
57065,0
57066,0
57067,0
57070,0
57071,0
57072,0
57073,0
57074,1
57075,0
57076,0
57077,1
57078,1
57081,0
57082,0
57083,1
57085,0
57086,1
57087,0
57088,0
57089,0
57090,0
57091,0
57092,1
57093,0
57094,0
57095,0
57096,0
57097,0
57098,1
57099,0
57100,1
57101,0
57102,0
57103,0
57104,0
57105,0
57106,0
57107,0
57108,0
57109,0
57110,0
57111,0
57113,0
57114,0
57115,0
57116,1
57117,0
57118,1
57119,0
57120,0
57121,0
57122,0
57123,0
57124,0
57125,1
57126,0
57127,0
57128,1
57129,0
57130,0
57131,0
57132,0
57133,1
57134,1
57135,1
57136,0
57137,0
57138,0
57139,0
57140,0
57141,1
57142,0
57143,0
57144,0
57145,1
57146,1
57147,0
57148,0
57149,1
57150,0
57151,0
57152,1
57153,1
57154,1
57156,0
57157,0
57158,0
57159,0
57161,0
57162,1
57163,0
57164,0
57165,0
57167,1
57168,0
57171,0
57172,0
57173,0
57174,0
57176,0
57177,1
57179,0
57180,0
57181,1
57182,1
57183,0
57184,0
57185,0
57186,1
57188,1
57189,1
57190,0
57191,0
57192,0
57193,1
57195,0
57196,0
57197,0
57198,0
57199,1
57200,0
57201,0
57202,1
57203,0
57204,0
57205,0
57206,0
57208,0
57209,0
57210,0
57211,1
57212,0
57213,0
57214,1
57215,0
57216,0
57217,0
57219,1
57220,0
57221,1
57222,1
57223,1
57225,1
57226,1
57227,1
57228,0
57229,1
57230,1
57232,1
57233,0
57234,0
57235,0
57236,0
57237,0
57238,1
57239,0
57240,1
57241,0
57242,0
57243,0
57244,0
57246,1
57247,0
57248,1
57249,0
57250,0
57251,0
57252,0
57253,1
57254,1
57255,0
57256,0
57257,1
57258,0
57259,0
57260,1
57261,0
57263,0
57264,0
57265,0
57266,0
57267,0
57268,0
57269,0
57271,0
57272,0
57273,0
57274,0
57275,1
57277,0
57278,0
57280,0
57281,0
57282,0
57283,0
57284,1
57285,0
57286,0
57287,0
57289,0
57290,0
57291,0
57292,0
57294,0
57295,1
57296,1
57297,0
57298,0
57299,0
57300,0
57301,1
57302,0
57303,0
57304,0
57305,0
57306,0
57307,0
57309,0
57310,0
57311,1
57312,0
57313,1
57314,0
57315,0
57316,1
57317,0
57318,0
57319,0
57320,0
57321,0
57322,0
57323,0
57324,0
57325,0
57326,1
57327,1
57328,0
57329,0
57330,0
57331,1
57332,0
57333,0
57334,0
57335,0
57336,0
57337,1
57338,0
57339,0
57340,0
57341,1
57342,0
57343,0
57344,0
57345,1
57346,0
57347,0
57348,0
57349,1
57350,0
57351,1
57352,0
57353,0
57354,0
57355,0
57356,0
57357,0
57358,0
57359,1
57360,0
57361,0
57362,0
57363,0
57364,0
57365,0
57366,0
57367,0
57368,0
57369,0
57370,0
57371,0
57372,1
57373,0
57374,0
57375,1
57376,0
57377,0
57378,1
57379,0
57380,0
57382,0
57383,0
57384,0
57385,0
57386,0
57387,0
57388,1
57389,0
57390,0
57391,1
57392,0
57393,0
57394,0
57395,0
57398,0
57399,0
57400,0
57401,0
57402,0
57403,0
57404,1
57405,0
57406,1
57407,0
57408,0
57409,0
57410,0
57411,0
57412,0
57413,1
57414,0
57416,0
57417,0
57418,0
57419,0
57420,1
57421,0
57422,0
57424,0
57425,1
57426,0
57427,0
57428,0
57429,0
57430,0
57431,1
57432,0
57433,1
57434,0
57435,0
57437,1
57438,0
57440,0
57441,0
57442,0
57443,1
57444,0
57445,0
57446,0
57447,1
57448,0
57449,0
57450,0
57452,0
57453,0
57454,0
57455,1
57456,0
57457,0
57458,0
57460,0
57462,0
57463,0
57464,1
57465,0
57466,1
57467,0
57468,0
57469,1
57470,0
57471,0
57472,0
57473,0
57474,0
57475,1
57477,0
57478,1
57479,0
57480,0
57481,0
57482,1
57483,0
57484,0
57485,0
57486,0
57488,0
57489,0
57490,0
57491,0
57492,0
57493,0
57494,0
57495,1
57496,1
57497,0
57499,0
57500,1
57501,0
57502,0
57503,0
57504,1
57505,0
57506,0
57507,0
57508,0
57509,0
57510,0
57511,0
57513,0
57514,0
57515,0
57516,0
57517,0
57520,0
57521,0
57522,1
57523,0
57524,0
57525,0
57526,0
57527,1
57528,0
57531,1
57533,0
57534,0
57535,1
57536,0
57537,1
57538,0
57539,1
57540,0
57541,0
57542,0
57543,0
57545,0
57546,0
57547,0
57549,1
57550,0
57551,0
57552,0
57553,1
57554,0
57555,1
57556,0
57557,1
57558,1
57559,1
57560,0
57561,0
57562,0
57563,1
57564,1
57565,0
57566,1
57567,1
57568,1
57569,0
57570,1
57571,1
57572,1
57573,1
57574,1
57575,0
57576,0
57577,0
57578,0
57579,0
57580,0
57581,0
57583,0
57584,0
57585,0
57586,0
57587,0
57588,1
57589,0
57590,0
57591,0
57592,1
57593,0
57594,0
57595,0
57596,0
57597,1
57598,1
57599,0
57600,1
57601,0
57602,0
57603,0
57604,0
57605,0
57606,0
57607,0
57608,0
57609,0
57610,0
57611,0
57612,0
57613,0
57614,0
57615,0
57616,1
57617,0
57618,0
57619,0
57620,0
57621,0
57622,0
57623,1
57624,0
57625,0
57626,0
57627,0
57628,1
57629,1
57630,0
57631,1
57632,0
57633,0
57634,0
57635,0
57636,0
57637,1
57638,1
57639,0
57640,1
57641,1
57642,0
57644,1
57645,0
57646,0
57647,0
57648,0
57649,0
57650,0
57653,0
57655,1
57656,0
57657,1
57658,0
57659,0
57660,0
57661,0
57664,0
57665,1
57667,0
57668,0
57669,0
57670,0
57671,1
57672,0
57673,0
57674,0
57675,1
57676,0
57677,0
57678,1
57679,0
57680,0
57682,0
57683,0
57684,0
57685,0
57687,0
57689,0
57690,0
57691,0
57692,1
57693,1
57694,0
57695,0
57696,1
57697,0
57698,1
57699,0
57700,1
57701,0
57702,0
57703,0
57704,0
57705,1
57706,0
57707,0
57708,0
57709,1
57710,0
57712,0
57713,0
57714,0
57715,1
57716,0
57718,0
57719,0
57720,0
57721,0
57722,0
57723,0
57724,1
57725,0
57726,0
57727,1
57728,0
57729,0
57730,0
57731,0
57732,0
57733,0
57734,0
57735,1
57736,0
57737,0
57738,0
57740,0
57741,1
57742,0
57743,0
57744,0
57745,0
57746,0
57749,1
57750,0
57751,0
57752,1
57753,0
57754,0
57755,0
57756,1
57757,1
57758,1
57759,0
57760,0
57761,1
57762,0
57763,0
57764,1
57765,0
57766,1
57767,0
57768,0
57769,0
57770,1
57771,0
57772,0
57773,0
57774,0
57775,0
57776,1
57778,0
57779,0
57780,1
57781,0
57783,0
57784,1
57785,0
57787,1
57788,1
57789,0
57790,0
57791,0
57792,1
57793,0
57794,1
57796,0
57797,1
57798,0
57799,0
57800,1
57801,0
57802,1
57803,0
57804,0
57805,1
57806,0
57807,1
57808,0
57809,1
57810,0
57813,0
57815,0
57816,0
57817,0
57818,1
57819,0
57820,0
57821,0
57822,0
57824,1
57825,1
57826,1
57827,0
57828,1
57829,1
57830,1
57831,0
57832,1
57833,0
57834,0
57835,1
57836,1
57837,1
57839,0
57840,0
57842,0
57843,1
57845,0
57847,1
57848,0
57850,1
57851,1
57852,0
57853,1
57854,0
57855,0
57857,0
57858,0
57859,0
57860,0
57862,0
57863,0
57864,0
57865,1
57866,1
57868,1
57869,0
57870,1
57871,0
57872,1
57873,1
57874,0
57875,0
57876,0
57877,0
57878,0
57879,1
57880,0
57882,0
57883,0
57885,1
57886,1
57887,0
57888,0
57889,0
57890,1
57891,1
57892,1
57893,1
57894,1
57895,1
57896,1
57897,1
57898,1
57899,0
57900,0
57901,0
57902,0
57903,1
57904,1
57905,1
57906,1
57907,0
57908,0
57909,1
57910,1
57911,0
57912,0
57913,0
57914,0
57915,0
57916,1
57917,0
57919,0
57920,0
57921,0
57922,0
57923,0
57924,0
57925,0
57926,0
57927,0
57928,0
57929,0
57930,1
57931,1
57932,0
57933,1
57934,1
57935,0
57936,0
57937,1
57938,1
57939,0
57940,0
57941,0
57942,0
57943,0
57944,1
57945,0
57946,0
57947,1
57948,0
57949,0
57950,1
57952,0
57953,0
57954,0
57955,1
57956,0
57957,1
57958,1
57959,1
57961,0
57962,0
57963,1
57965,0
57966,1
57967,0
57968,1
57969,0
57970,0
57971,0
57972,1
57973,0
57974,1
57975,0
57976,0
57977,0
57978,0
57979,1
57980,1
57981,1
57982,0
57983,0
57984,1
57985,0
57986,0
57987,0
57988,0
57989,0
57990,0
57991,0
57992,0
57993,1
57995,0
57996,0
57997,0
57998,0
57999,0
58000,0
58001,0
58002,1
58003,0
58004,0
58005,0
58007,0
58008,0
58009,0
58010,0
58011,1
58012,0
58013,0
58014,0
58015,1
58016,0
58017,0
58018,0
58019,0
58020,0
58022,0
58023,0
58024,0
58025,0
58026,0
58027,0
58028,0
58029,0
58030,1
58031,1
58032,1
58033,1
58034,1
58035,0
58036,1
58037,0
58038,0
58039,0
58041,0
58042,0
58044,0
58045,1
58048,0
58049,0
58050,0
58051,1
58052,0
58053,0
58054,1
58055,0
58056,1
58057,0
58058,0
58059,0
58060,1
58061,1
58062,0
58063,0
58064,0
58065,0
58066,0
58067,0
58068,0
58069,1
58070,0
58071,0
58072,0
58073,0
58074,0
58075,0
58076,0
58077,1
58079,0
58080,0
58081,0
58082,0
58083,0
58084,0
58085,1
58086,0
58087,0
58088,1
58090,0
58091,1
58092,0
58093,1
58094,0
58095,0
58096,0
58097,0
58098,0
58099,0
58100,0
58101,0
58102,0
58103,0
58104,0
58105,1
58107,0
58108,1
58109,0
58110,0
58111,0
58114,1
58115,1
58116,0
58117,1
58118,0
58119,0
58120,0
58121,0
58122,0
58123,0
58128,0
58129,0
58130,1
58131,0
58132,0
58133,0
58134,0
58135,0
58136,0
58137,1
58138,1
58139,0
58140,0
58141,0
58142,1
58143,0
58144,0
58146,1
58147,1
58148,0
58149,1
58150,0
58151,0
58152,1
58153,0
58155,0
58156,0
58157,0
58158,1
58160,0
58161,0
58162,0
58163,0
58164,1
58165,0
58166,0
58167,0
58168,1
58169,0
58170,0
58171,0
58172,0
58173,0
58174,0
58175,1
58176,1
58177,0
58178,0
58179,0
58181,0
58182,0
58183,0
58185,1
58186,0
58188,1
58189,1
58190,0
58191,0
58192,0
58195,0
58196,0
58197,0
58199,0
58200,0
58201,0
58202,0
58203,0
58204,1
58205,0
58206,0
58207,0
58208,0
58209,0
58210,0
58211,0
58212,0
58213,0
58214,0
58215,1
58216,1
58217,0
58218,0
58219,0
58220,0
58221,0
58222,0
58223,1
58224,0
58225,0
58226,0
58227,0
58228,0
58229,0
58230,1
58231,0
58232,0
58234,0
58235,0
58236,0
58237,0
58238,0
58239,0
58240,0
58241,1
58242,0
58243,1
58244,1
58245,0
58246,0
58247,0
58248,0
58249,0
58250,0
58251,0
58252,0
58253,0
58254,0
58255,0
58256,0
58257,0
58260,1
58261,0
58262,0
58263,0
58264,1
58265,0
58267,1
58269,0
58270,1
58271,0
58272,1
58273,1
58274,0
58275,0
58276,0
58277,0
58278,0
58279,0
58280,0
58281,0
58283,1
58284,0
58286,1
58287,1
58289,1
58290,0
58291,0
58292,1
58294,0
58296,0
58297,0
58299,1
58301,1
58302,0
58303,1
58304,1
58305,1
58306,1
58307,1
58308,0
58309,0
58310,1
58311,1
58312,1
58313,1
58314,0
58315,1
58316,0
58317,0
58318,0
58319,0
58321,0
58322,0
58324,1
58325,0
58326,1
58327,1
58329,0
58330,0
58331,0
58332,0
58333,1
58334,1
58335,0
58336,0
58337,0
58339,0
58340,0
58341,1
58342,0
58343,0
58344,0
58345,0
58347,0
58348,1
58349,1
58350,0
58352,1
58353,0
58354,0
58355,0
58356,0
58357,0
58358,1
58359,0
58360,0
58361,1
58362,0
58363,0
58364,0
58365,0
58367,0
58368,1
58369,0
58370,1
58371,1
58372,0
58373,0
58374,1
58375,0
58376,0
58377,0
58378,0
58380,1
58381,0
58382,0
58383,0
58384,0
58385,1
58386,0
58387,0
58388,0
58389,0
58390,0
58391,0
58392,1
58393,0
58394,0
58395,0
58396,0
58397,0
58398,0
58399,0
58400,0
58401,0
58402,0
58403,0
58404,0
58405,0
58406,1
58407,0
58408,0
58409,1
58410,0
58411,0
58412,1
58413,0
58414,0
58415,0
58416,0
58417,0
58418,1
58419,0
58420,0
58421,0
58422,0
58423,0
58424,0
58425,0
58426,0
58427,0
58428,1
58429,0
58430,0
58431,0
58432,1
58433,1
58434,0
58435,0
58436,0
58437,0
58438,0
58439,0
58440,1
58442,0
58443,0
58444,0
58445,0
58446,0
58447,0
58448,1
58449,1
58450,0
58451,0
58452,1
58454,0
58455,0
58456,0
58458,0
58459,0
58460,0
58461,0
58462,0
58463,0
58465,0
58467,1
58468,0
58469,0
58470,0
58471,0
58472,1
58473,0
58474,0
58475,0
58476,0
58477,0
58478,0
58479,0
58480,1
58481,0
58482,0
58483,0
58484,0
58485,0
58486,0
58487,1
58488,1
58489,0
58490,0
58491,1
58492,1
58493,0
58494,0
58495,0
58496,1
58497,1
58498,1
58499,0
58500,0
58501,0
58502,0
58503,0
58504,0
58505,0
58506,1
58508,0
58509,0
58510,0
58511,1
58512,0
58513,0
58515,0
58516,0
58517,0
58518,0
58519,0
58520,0
58521,1
58522,0
58523,0
58524,0
58525,0
58526,0
58527,0
58528,0
58529,0
58530,0
58531,1
58532,0
58533,0
58534,0
58535,0
58536,0
58537,0
58538,0
58539,1
58540,0
58541,1
58543,0
58544,0
58545,0
58546,0
58547,0
58548,0
58549,0
58550,0
58551,1
58552,0
58553,0
58554,0
58555,0
58556,0
58557,0
58558,1
58559,0
58560,0
58561,1
58562,0
58563,0
58564,0
58565,0
58566,0
58567,0
58568,0
58569,0
58570,0
58571,0
58572,0
58573,0
58574,0
58575,1
58576,0
58578,0
58579,0
58580,0
58581,0
58582,1
58583,0
58584,0
58585,1
58586,0
58587,0
58588,0
58589,0
58591,0
58592,0
58593,0
58594,0
58595,0
58596,1
58598,0
58599,0
58600,0
58601,0
58602,1
58603,0
58604,0
58605,0
58606,1
58608,0
58609,0
58610,0
58611,1
58612,0
58613,0
58614,0
58615,0
58616,0
58618,1
58619,0
58620,1
58621,1
58622,1
58623,1
58624,1
58625,0
58626,0
58627,0
58628,0
58629,1
58630,0
58631,1
58632,0
58633,0
58634,1
58635,0
58636,0
58637,1
58638,0
58639,1
58640,0
58641,0
58642,0
58643,0
58644,0
58645,0
58646,1
58647,0
58648,1
58649,0
58650,0
58651,1
58652,0
58653,0
58654,0
58655,0
58656,0
58657,0
58658,1
58659,0
58660,0
58661,0
58662,0
58663,0
58664,1
58665,0
58666,0
58667,0
58668,0
58669,0
58670,1
58671,0
58672,0
58673,0
58674,0
58675,0
58676,0
58677,0
58678,0
58679,0
58680,0
58681,0
58682,0
58683,1
58684,0
58685,0
58686,0
58687,0
58688,0
58689,0
58690,0
58691,0
58692,0
58693,0
58694,1
58695,1
58696,0
58697,0
58699,0
58700,0
58701,0
58702,0
58703,0
58705,0
58706,0
58707,0
58708,0
58709,0
58710,0
58711,0
58712,0
58713,0
58714,0
58715,0
58716,0
58718,0
58719,0
58720,0
58721,0
58722,0
58723,0
58724,0
58725,0
58726,0
58727,0
58728,0
58729,1
58730,0
58731,0
58732,0
58733,1
58734,0
58735,0
58736,1
58737,1
58738,0
58740,0
58741,0
58742,0
58743,0
58744,0
58745,0
58746,0
58747,0
58749,0
58750,0
58752,0
58753,0
58754,0
58755,0
58756,1
58757,1
58758,1
58759,0
58760,0
58761,0
58762,0
58763,0
58764,0
58765,0
58766,1
58767,0
58768,1
58769,1
58770,0
58771,0
58772,0
58773,1
58774,0
58775,1
58776,0
58778,0
58779,0
58780,0
58781,0
58782,0
58783,0
58784,0
58785,0
58786,0
58787,0
58788,0
58789,0
58790,0
58791,0
58792,0
58793,1
58794,0
58795,0
58796,0
58797,0
58798,0
58799,0
58800,0
58801,0
58802,0
58803,0
58804,0
58805,0
58806,0
58807,0
58809,0
58810,0
58811,0
58812,1
58814,0
58815,0
58816,1
58817,0
58818,0
58819,0
58820,0
58821,0
58823,0
58825,0
58826,0
58827,0
58828,0
58829,0
58830,0
58831,0
58832,0
58833,0
58834,1
58835,0
58836,0
58837,0
58838,0
58839,0
58840,0
58841,0
58842,0
58843,0
58844,1
58845,0
58846,0
58847,0
58848,0
58849,0
58850,1
58851,0
58852,0
58853,0
58854,0
58855,0
58856,0
58857,0
58858,0
58859,0
58860,0
58861,0
58862,0
58863,0
58864,0
58865,0
58866,0
58867,1
58868,0
58869,0
58870,0
58871,0
58873,0
58874,0
58875,0
58876,0
58877,0
58878,0
58879,0
58880,0
58881,0
58882,0
58883,0
58884,0
58885,0
58886,0
58888,0
58889,0
58890,0
58891,1
58892,1
58893,1
58894,1
58895,1
58896,0
58897,0
58898,0
58899,1
58900,0
58901,0
58902,0
58903,0
58904,0
58905,0
58906,0
58907,1
58908,1
58909,0
58910,0
58911,0
58912,0
58913,0
58914,0
58915,0
58916,0
58917,0
58918,0
58919,0
58920,0
58921,0
58922,0
58923,0
58924,0
58925,0
58926,0
58927,0
58928,0
58929,1
58930,0
58931,0
58932,0
58933,0
58934,0
58935,1
58936,0
58937,0
58938,1
58939,0
58940,0
58941,0
58942,0
58943,0
58945,0
58946,0
58947,0
58948,0
58949,0
58950,0
58951,1
58952,0
58953,1
58954,0
58955,1
58957,1
58959,1
58961,0
58962,0
58963,1
58964,0
58965,0
58966,0
58967,0
58968,0
58969,0
58970,0
58971,0
58972,1
58973,0
58974,0
58975,0
58976,0
58977,0
58978,1
58979,0
58980,0
58981,0
58982,0
58983,1
58984,0
58985,0
58986,0
58987,0
58988,0
58989,0
58990,0
58991,0
58992,1
58993,1
58994,0
58995,1
58996,1
58997,0
58998,0
58999,0
59000,0
59001,0
59002,0
59003,0
59004,0
59005,0
59006,0
59007,0
59008,0
59009,0
59010,0
59011,0
59012,0
59013,0
59014,0
59015,0
59016,0
59019,1
59020,0
59021,0
59022,0
59023,0
59024,0
59026,1
59028,0
59029,0
59030,0
59031,1
59032,0
59034,0
59035,0
59036,0
59038,1
59040,1
59041,0
59042,0
59043,0
59045,0
59046,0
59047,0
59048,0
59049,0
59050,0
59051,0
59052,0
59053,0
59054,0
59056,0
59057,0
59058,0
59059,0
59060,0
59061,0
59062,0
59063,0
59064,0
59065,0
59066,0
59067,0
59068,0
59069,0
59070,0
59071,0
59072,0
59073,0
59074,0
59075,0
59076,0
59077,0
59078,0
59079,0
59080,0
59081,0
59082,0
59083,1
59084,0
59085,0
59086,0
59087,0
59089,0
59090,0
59091,0
59092,0
59093,1
59094,0
59095,1
59096,0
59097,0
59098,1
59099,0
59100,0
59101,1
59102,0
59103,0
59104,0
59105,0
59106,1
59107,1
59108,0
59109,0
59110,0
59111,1
59112,0
59113,0
59114,0
59115,0
59117,0
59118,1
59119,0
59120,1
59121,0
59122,0
59123,0
59125,0
59126,0
59128,0
59129,0
59130,0
59131,0
59132,0
59133,0
59134,0
59135,0
59136,0
59137,1
59138,0
59139,1
59140,0
59141,0
59142,0
59143,0
59144,1
59145,0
59147,0
59148,0
59149,0
59150,0
59151,0
59152,0
59153,0
59154,0
59155,0
59156,1
59157,0
59158,0
59159,0
59161,0
59162,0
59163,0
59164,0
59165,0
59166,0
59167,1
59169,0
59170,0
59172,0
59173,0
59174,0
59175,0
59176,1
59177,0
59178,0
59179,0
59180,1
59181,0
59182,0
59183,0
59184,0
59185,1
59186,0
59187,0
59188,0
59189,0
59190,0
59191,0
59192,0
59193,1
59194,0
59195,1
59196,0
59198,0
59199,0
59200,0
59201,0
59202,1
59203,0
59204,0
59205,0
59206,0
59207,0
59208,1
59211,0
59212,0
59213,0
59214,0
59215,0
59216,0
59217,0
59218,0
59219,0
59220,1
59221,0
59222,0
59223,0
59224,0
59225,0
59226,0
59227,0
59228,0
59229,0
59231,0
59232,0
59233,0
59234,0
59235,0
59236,0
59237,1
59238,1
59239,0
59240,0
59241,0
59242,1
59243,0
59244,1
59245,0
59247,0
59248,1
59249,0
59250,1
59252,0
59253,0
59254,1
59255,0
59256,1
59257,0
59258,0
59259,0
59263,0
59264,1
59265,1
59266,0
59267,0
59268,0
59270,0
59271,0
59272,0
59273,0
59274,0
59275,1
59276,0
59277,0
59278,0
59279,0
59280,0
59281,0
59282,0
59284,0
59285,0
59286,1
59287,0
59288,0
59289,0
59290,0
59291,0
59292,0
59294,0
59295,0
59296,0
59297,0
59298,0
59299,0
59300,0
59301,0
59302,0
59303,1
59304,0
59305,0
59306,1
59309,0
59310,0
59311,0
59312,0
59313,0
59314,0
59315,1
59316,0
59318,0
59319,0
59320,1
59321,0
59322,0
59323,1
59324,1
59325,0
59326,0
59327,0
59328,0
59329,0
59330,0
59331,0
59332,0
59333,0
59334,1
59335,0
59336,1
59337,0
59338,0
59339,0
59340,0
59341,0
59342,0
59343,0
59344,0
59345,0
59346,0
59347,0
59349,0
59350,0
59351,0
59352,0
59353,0
59354,0
59355,0
59356,0
59357,0
59358,0
59359,0
59360,0
59361,0
59362,0
59363,0
59364,0
59365,0
59366,0
59367,0
59368,0
59369,0
59370,0
59371,0
59372,0
59373,0
59374,0
59375,1
59376,0
59377,0
59378,0
59379,0
59380,1
59381,0
59382,0
59383,0
59384,0
59385,0
59386,1
59387,0
59388,0
59389,0
59390,0
59391,0
59392,0
59393,0
59394,0
59395,0
59396,0
59398,0
59399,0
59400,1
59401,0
59402,1
59403,0
59408,0
59410,0
59411,0
59412,0
59413,0
59414,0
59415,0
59417,0
59418,0
59419,0
59420,0
59421,0
59422,0
59423,0
59424,1
59425,0
59426,0
59427,0
59429,0
59430,0
59431,0
59432,0
59433,0
59435,0
59436,0
59437,1
59439,0
59440,1
59441,0
59442,0
59443,1
59444,1
59445,0
59446,0
59447,0
59448,0
59449,0
59450,1
59451,0
59452,1
59453,0
59454,0
59455,0
59456,0
59457,0
59458,0
59459,0
59460,0
59461,0
59462,0
59463,0
59464,0
59465,0
59466,0
59467,1
59468,0
59469,1
59470,0
59471,0
59472,0
59473,0
59474,0
59475,0
59476,1
59477,1
59479,0
59480,1
59481,1
59482,0
59483,1
59484,0
59485,0
59486,0
59487,0
59488,0
59489,0
59490,0
59491,0
59492,0
59493,1
59494,1
59495,0
59496,1
59497,0
59498,0
59499,0
59500,1
59501,0
59502,0
59503,0
59504,0
59505,0
59506,1
59507,0
59508,1
59509,0
59510,0
59511,0
59512,0
59513,0
59514,0
59516,0
59517,0
59518,0
59519,0
59520,0
59521,0
59522,0
59523,0
59524,0
59525,0
59526,0
59527,0
59528,1
59529,0
59530,0
59531,0
59532,0
59534,1
59535,1
59536,0
59537,0
59538,0
59539,1
59540,0
59541,0
59542,0
59543,0
59544,1
59546,0
59548,0
59549,0
59550,0
59552,0
59553,0
59554,0
59556,0
59557,0
59558,0
59559,0
59560,0
59561,0
59562,0
59563,1
59564,1
59565,0
59566,0
59567,0
59569,1
59570,0
59572,1
59574,0
59575,0
59576,0
59577,1
59578,0
59579,0
59580,0
59581,1
59582,0
59583,0
59584,1
59585,0
59586,1
59587,1
59589,0
59590,0
59591,0
59592,0
59593,1
59594,1
59595,0
59596,0
59597,0
59598,0
59599,0
59600,0
59601,0
59602,0
59604,0
59605,0
59606,1
59607,0
59608,0
59609,0
59610,0
59611,0
59613,0
59614,0
59615,0
59616,1
59617,0
59618,0
59619,0
59620,0
59621,0
59622,0
59623,1
59624,0
59625,0
59626,0
59627,0
59629,0
59630,0
59631,0
59632,0
59633,0
59634,0
59635,0
59636,0
59637,1
59638,0
59639,0
59640,0
59641,0
59642,1
59643,0
59644,0
59645,0
59647,0
59648,0
59650,0
59651,0
59653,0
59654,0
59655,0
59656,0
59658,1
59659,0
59660,0
59661,0
59662,1
59663,0
59664,0
59666,0
59667,0
59668,0
59669,0
59670,1
59671,0
59672,0
59673,0
59674,0
59675,0
59676,1
59678,0
59679,0
59680,0
59681,0
59682,0
59683,0
59684,0
59685,1
59686,0
59687,0
59688,1
59689,1
59691,1
59692,0
59693,0
59694,1
59695,0
59696,0
59697,0
59698,0
59699,0
59700,0
59701,0
59702,0
59703,0
59704,1
59705,0
59706,0
59707,0
59708,0
59709,0
59710,0
59711,0
59712,0
59713,0
59714,0
59715,0
59716,0
59717,0
59718,1
59719,0
59720,1
59721,0
59722,0
59723,0
59725,0
59726,1
59727,0
59728,0
59729,1
59730,0
59732,0
59733,1
59734,0
59735,0
59737,1
59738,1
59739,0
59740,0
59741,0
59742,0
59743,0
59744,0
59745,0
59746,0
59747,0
59748,0
59749,0
59750,0
59751,0
59752,0
59753,1
59754,0
59755,0
59756,0
59757,0
59758,0
59759,1
59761,0
59762,0
59763,1
59764,0
59765,0
59766,1
59767,0
59768,0
59769,0
59770,0
59771,0
59772,1
59773,0
59774,0
59775,0
59776,0
59777,0
59778,0
59779,0
59781,0
59782,0
59783,0
59784,0
59785,0
59786,0
59787,0
59789,1
59790,0
59791,0
59792,0
59793,0
59794,0
59795,0
59796,0
59797,0
59798,1
59799,0
59800,0
59801,0
59802,0
59803,0
59804,0
59805,0
59806,0
59807,0
59808,0
59809,0
59810,0
59811,1
59812,1
59813,0
59814,0
59815,1
59816,1
59817,0
59818,0
59819,0
59820,1
59821,0
59822,0
59823,0
59824,0
59825,0
59826,0
59827,0
59828,0
59829,0
59830,0
59831,0
59832,0
59833,0
59834,0
59835,0
59836,0
59837,0
59838,0
59839,1
59840,0
59841,1
59842,1
59843,0
59844,1
59845,0
59847,0
59848,0
59849,0
59850,1
59852,0
59853,0
59854,1
59855,0
59856,0
59857,1
59859,0
59860,0
59861,1
59862,0
59863,0
59864,1
59865,0
59866,0
59867,1
59868,0
59869,0
59870,0
59871,1
59872,0
59873,0
59874,1
59875,0
59876,0
59877,0
59878,0
59879,0
59881,0
59882,0
59883,0
59884,0
59885,1
59886,0
59887,0
59888,0
59889,0
59890,0
59891,1
59892,0
59893,0
59894,0
59895,0
59896,0
59897,0
59898,1
59899,0
59901,1
59902,0
59903,0
59904,0
59905,1
59906,0
59907,1
59908,0
59910,1
59911,0
59913,0
59914,0
59915,1
59916,0
59917,1
59918,0
59919,1
59921,1
59922,0
59923,0
59924,0
59925,0
59926,1
59927,0
59928,0
59929,0
59930,0
59931,0
59932,0
59933,0
59934,0
59935,0
59936,0
59937,0
59938,0
59939,0
59940,1
59941,0
59942,1
59943,0
59945,0
59946,0
59947,0
59948,0
59949,1
59950,0
59951,0
59953,0
59954,0
59955,0
59956,0
59957,0
59958,0
59959,1
59960,0
59961,0
59962,0
59963,1
59964,0
59965,1
59966,0
59967,0
59968,1
59969,0
59971,0
59973,0
59974,1
59975,0
59976,0
59977,0
59978,0
59979,0
59980,0
59982,0
59983,1
59984,0
59985,0
59986,0
59987,0
59988,0
59989,0
59990,0
59991,0
59992,0
59993,1
59994,1
59995,0
59996,0
59997,0
59998,0
59999,0
60000,1
60001,0
60002,1
60003,0
60004,0
60005,0
60006,1
60007,0
60008,1
60009,0
60010,1
60011,1
60012,0
60013,1
60014,1
60015,1
60016,0
60017,1
60018,1
60019,0
60020,0
60021,1
60022,1
60023,0
60024,1
60025,1
60026,0
60027,1
60028,1
60029,0
60030,1
60031,1
60032,1
60033,1
60034,1
60035,0
60036,0
60037,0
60039,0
60040,0
60041,1
60043,0
60044,1
60045,0
60046,0
60047,0
60048,1
60049,0
60050,0
60051,0
60052,0
60053,0
60054,0
60055,0
60058,0
60059,0
60060,0
60061,1
60062,1
60064,0
60065,0
60066,0
60067,0
60068,0
60069,0
60070,0
60072,0
60073,0
60074,0
60075,0
60076,0
60077,0
60078,0
60079,1
60080,0
60081,0
60083,0
60084,0
60085,0
60086,0
60087,0
60088,0
60089,0
60090,0
60092,0
60093,0
60094,0
60095,0
60096,0
60097,1
60098,1
60099,0
60100,0
60101,0
60102,0
60103,1
60104,0
60105,1
60107,0
60108,1
60109,1
60110,1
60111,0
60112,0
60113,0
60114,0
60115,0
60116,0
60117,1
60118,0
60119,0
60120,0
60121,1
60122,0
60123,0
60124,0
60125,0
60126,0
60127,1
60128,0
60129,0
60130,0
60131,0
60132,0
60133,0
60134,0
60135,0
60136,0
60137,1
60138,0
60139,0
60140,0
60141,0
60142,1
60143,0
60144,0
60145,0
60146,0
60147,0
60148,0
60149,1
60150,1
60151,0
60152,1
60153,1
60154,0
60155,0
60156,0
60158,0
60159,0
60160,0
60161,0
60162,0
60163,0
60164,0
60165,0
60166,1
60167,0
60168,0
60169,0
60170,1
60171,0
60173,1
60174,0
60175,0
60176,0
60178,1
60179,0
60180,0
60181,0
60182,0
60183,1
60184,0
60185,1
60186,0
60187,1
60188,1
60189,1
60190,0
60191,0
60193,1
60195,0
60196,0
60197,0
60198,0
60199,0
60200,1
60201,1
60202,0
60203,0
60204,0
60207,0
60208,0
60209,0
60210,0
60211,0
60212,1
60213,0
60214,0
60215,0
60216,1
60217,0
60218,0
60219,1
60220,0
60222,0
60223,0
60224,1
60225,0
60226,1
60227,0
60228,0
60229,0
60230,0
60231,1
60232,1
60233,0
60235,1
60236,1
60237,0
60238,0
60239,0
60240,0
60241,1
60242,0
60243,0
60244,0
60245,0
60246,1
60247,0
60248,1
60249,0
60250,0
60251,0
60252,0
60253,1
60254,0
60255,0
60256,1
60257,0
60258,1
60259,0
60261,0
60262,1
60263,0
60264,0
60265,0
60266,0
60267,0
60268,1
60269,1
60270,0
60271,0
60272,0
60273,0
60276,0
60277,0
60278,0
60279,0
60280,0
60281,0
60282,1
60283,0
60285,0
60286,1
60287,1
60288,0
60289,0
60290,0
60291,0
60292,0
60293,1
60295,0
60296,0
60297,0
60298,0
60299,0
60300,0
60301,0
60302,0
60303,1
60304,0
60305,1
60306,0
60307,0
60308,0
60309,0
60310,0
60311,0
60312,0
60314,0
60315,0
60316,0
60317,0
60318,0
60319,0
60320,0
60321,1
60322,0
60324,0
60325,1
60326,0
60327,1
60328,0
60329,0
60330,0
60331,0
60332,1
60333,0
60334,0
60335,1
60336,0
60338,0
60339,0
60340,0
60341,1
60342,0
60343,0
60344,1
60345,0
60346,1
60347,0
60348,0
60349,0
60350,0
60351,0
60352,0
60353,0
60354,0
60356,0
60357,0
60358,0
60359,0
60360,0
60361,0
60362,1
60363,1
60364,0
60365,0
60366,0
60368,1
60369,0
60370,1
60371,0
60372,0
60373,0
60374,1
60375,1
60376,0
60378,1
60379,1
60380,1
60381,1
60382,0
60383,0
60384,0
60385,0
60386,0
60388,0
60390,1
60391,1
60392,0
60393,1
60394,1
60395,0
60396,1
60397,0
60398,0
60399,0
60400,0
60401,0
60402,0
60403,0
60404,0
60405,0
60406,1
60407,0
60409,1
60410,0
60411,0
60412,1
60413,0
60414,1
60416,1
60417,0
60418,0
60420,0
60422,0
60423,1
60424,1
60425,0
60426,0
60427,1
60428,0
60429,0
60430,0
60431,0
60432,0
60433,0
60434,0
60435,0
60436,1
60437,0
60438,0
60439,0
60440,0
60441,0
60442,0
60443,0
60444,0
60446,0
60447,0
60448,0
60449,0
60450,0
60451,0
60452,0
60453,0
60454,0
60455,0
60456,0
60457,0
60458,0
60459,0
60460,0
60461,0
60462,0
60463,0
60464,0
60465,0
60466,0
60467,0
60468,0
60470,0
60471,0
60472,0
60473,1
60474,0
60475,0
60476,0
60477,0
60478,1
60479,0
60480,1
60481,0
60482,0
60483,0
60484,0
60485,0
60486,0
60487,0
60488,0
60489,0
60490,0
60491,0
60492,0
60493,0
60494,0
60495,0
60497,0
60498,0
60499,1
60500,1
60501,0
60502,1
60503,1
60504,0
60505,0
60506,1
60508,0
60509,0
60510,0
60511,0
60512,0
60513,1
60514,0
60515,0
60516,0
60518,0
60519,0
60520,0
60521,0
60522,0
60523,0
60524,0
60525,0
60526,0
60527,0
60528,1
60529,1
60530,0
60531,0
60532,0
60533,0
60534,0
60535,0
60536,0
60537,0
60538,0
60539,0
60540,0
60541,0
60542,0
60543,0
60544,0
60545,1
60546,1
60547,1
60548,1
60549,0
60550,0
60551,0
60552,1
60553,1
60554,0
60555,1
60557,0
60558,1
60559,0
60560,1
60561,1
60563,1
60564,1
60565,0
60566,1
60567,0
60568,1
60569,1
60570,1
60571,0
60572,1
60573,1
60574,1
60576,0
60577,0
60578,0
60579,0
60580,0
60581,0
60582,1
60583,0
60584,0
60585,1
60586,0
60587,0
60588,0
60589,0
60590,0
60591,0
60592,1
60593,0
60594,0
60595,1
60597,0
60598,0
60599,1
60600,0
60601,0
60602,0
60603,0
60604,0
60605,0
60606,0
60607,1
60608,0
60609,0
60610,1
60611,0
60612,0
60613,0
60614,0
60615,0
60616,0
60617,0
60618,0
60619,1
60620,0
60622,0
60623,0
60624,0
60625,0
60626,0
60627,0
60628,1
60629,1
60630,1
60631,0
60632,0
60633,0
60634,0
60635,0
60636,0
60637,1
60638,0
60639,0
60640,0
60641,0
60642,1
60643,0
60644,1
60645,0
60647,0
60648,0
60649,0
60650,0
60651,0
60652,1
60653,1
60655,0
60656,1
60657,0
60658,0
60659,1
60660,0
60661,0
60662,1
60663,0
60664,0
60665,0
60666,0
60667,1
60668,0
60669,0
60670,0
60671,1
60672,0
60673,0
60674,1
60675,0
60677,0
60678,0
60679,1
60680,0
60681,0
60683,0
60684,0
60686,0
60687,0
60688,1
60689,0
60690,0
60691,0
60692,1
60693,1
60695,0
60696,0
60697,0
60698,0
60699,0
60700,0
60701,0
60702,1
60703,0
60704,1
60705,0
60706,0
60707,0
60708,0
60709,0
60711,1
60712,0
60714,0
60715,0
60716,0
60717,0
60718,0
60719,0
60720,0
60721,0
60722,1
60723,1
60724,1
60725,1
60726,0
60728,1
60729,0
60730,0
60731,0
60732,0
60733,0
60734,0
60735,1
60736,0
60737,0
60738,0
60739,0
60740,1
60741,0
60743,0
60744,1
60745,0
60746,1
60747,0
60748,0
60749,0
60750,0
60752,0
60753,0
60754,0
60755,0
60756,0
60757,0
60759,0
60760,0
60761,0
60762,1
60763,0
60764,1
60765,0
60766,0
60767,1
60768,0
60769,0
60770,0
60771,0
60772,0
60774,0
60775,0
60776,1
60777,0
60778,0
60779,0
60780,0
60781,1
60782,1
60783,0
60784,0
60785,0
60786,0
60787,0
60788,0
60789,0
60790,0
60791,0
60792,1
60793,0
60794,0
60796,0
60797,0
60798,1
60799,0
60800,0
60801,0
60802,0
60803,1
60804,0
60806,0
60807,0
60808,1
60809,1
60810,0
60811,1
60813,1
60814,0
60815,0
60816,0
60817,0
60818,0
60819,0
60820,0
60821,1
60822,0
60823,0
60824,0
60826,1
60827,1
60828,1
60829,1
60830,1
60831,1
60832,1
60833,0
60834,1
60835,0
60836,0
60837,1
60838,0
60839,0
60840,0
60841,1
60842,0
60843,0
60844,0
60846,1
60847,0
60849,0
60850,1
60852,0
60853,0
60854,1
60855,0
60856,0
60857,0
60858,0
60860,1
60861,0
60862,0
60863,0
60864,0
60865,1
60866,1
60867,0
60868,0
60869,0
60870,0
60871,0
60872,1
60873,0
60874,0
60875,0
60876,0
60878,0
60879,0
60880,0
60881,0
60882,1
60883,0
60884,0
60885,0
60886,0
60887,0
60888,0
60889,0
60890,0
60892,0
60893,0
60894,0
60895,0
60896,0
60897,1
60898,1
60899,0
60900,0
60901,0
60903,0
60904,0
60905,0
60906,0
60907,0
60908,0
60909,0
60910,0
60911,0
60912,1
60913,0
60914,0
60915,0
60916,0
60917,0
60918,0
60919,1
60920,1
60921,0
60922,0
60924,0
60925,0
60926,1
60927,1
60929,0
60930,0
60931,0
60932,0
60933,0
60934,1
60936,0
60937,0
60938,1
60939,1
60941,0
60942,1
60943,1
60944,0
60945,0
60946,0
60947,0
60948,0
60949,0
60950,0
60951,0
60952,1
60953,0
60954,0
60955,1
60956,0
60957,1
60958,0
60959,0
60962,0
60963,0
60964,0
60965,1
60966,0
60967,0
60968,0
60969,0
60970,0
60971,0
60972,1
60974,0
60975,0
60976,1
60977,0
60978,1
60979,0
60980,0
60981,0
60982,0
60983,0
60984,1
60985,0
60986,0
60988,0
60989,0
60990,0
60991,1
60992,0
60993,0
60994,0
60995,0
60996,0
60997,1
60998,0
60999,0
61000,0
61001,0
61002,0
61003,0
61004,1
61005,0
61006,0
61007,0
61008,1
61009,0
61010,0
61011,0
61012,1
61013,0
61014,0
61015,0
61016,0
61017,0
61018,0
61020,0
61021,0
61022,0
61023,0
61024,0
61025,1
61026,0
61027,0
61028,0
61029,0
61030,0
61031,1
61032,1
61033,0
61034,0
61035,0
61036,0
61037,0
61038,0
61039,1
61040,0
61041,0
61042,0
61043,0
61044,0
61045,0
61046,0
61047,0
61048,0
61049,0
61050,0
61051,0
61052,0
61053,0
61054,0
61055,0
61056,0
61057,0
61058,0
61059,0
61060,0
61061,0
61062,0
61063,0
61064,0
61065,1
61066,0
61067,0
61068,0
61069,1
61070,0
61071,0
61072,0
61073,0
61074,0
61075,0
61077,1
61078,1
61079,0
61080,1
61081,0
61082,0
61083,1
61084,0
61085,0
61086,0
61087,0
61088,0
61089,1
61090,0
61091,0
61092,1
61093,1
61094,0
61095,1
61096,1
61097,0
61098,1
61099,0
61100,1
61101,0
61102,0
61104,0
61105,1
61106,0
61107,0
61108,0
61109,1
61110,0
61111,0
61112,0
61113,0
61114,0
61115,1
61116,0
61117,0
61118,0
61119,1
61120,0
61121,0
61122,0
61123,0
61124,0
61125,0
61126,1
61127,0
61128,0
61129,0
61132,0
61133,0
61134,0
61135,0
61136,0
61137,0
61138,0
61139,0
61140,0
61141,0
61143,0
61144,1
61145,0
61147,0
61148,0
61149,1
61150,0
61151,0
61152,0
61153,0
61154,0
61155,0
61156,0
61157,1
61158,0
61159,1
61160,1
61161,0
61163,0
61164,0
61165,1
61166,1
61167,1
61168,0
61169,0
61170,1
61171,0
61172,0
61173,0
61174,1
61175,0
61176,0
61177,1
61178,1
61179,0
61180,0
61181,0
61182,0
61183,0
61184,1
61185,1
61186,0
61187,1
61188,0
61189,0
61190,0
61191,1
61192,0
61194,0
61195,0
61196,1
61197,1
61198,0
61199,0
61200,0
61201,0
61202,0
61203,0
61204,0
61205,0
61206,0
61207,0
61208,0
61209,0
61210,0
61211,0
61212,0
61214,0
61215,0
61216,0
61217,0
61218,0
61219,0
61220,0
61221,1
61222,0
61223,1
61224,1
61225,0
61226,1
61227,1
61228,1
61229,0
61230,0
61231,0
61232,0
61233,0
61234,0
61235,0
61236,0
61237,0
61238,0
61239,0
61240,0
61241,0
61242,0
61243,0
61244,1
61245,0
61246,0
61247,1
61248,0
61249,0
61250,0
61251,0
61252,0
61253,0
61254,0
61255,0
61256,0
61257,0
61258,1
61260,0
61261,0
61262,0
61263,0
61264,0
61265,0
61266,1
61267,0
61268,0
61269,0
61270,0
61271,0
61273,0
61274,0
61275,0
61276,1
61277,0
61278,0
61279,0
61280,0
61281,0
61282,0
61283,0
61284,0
61285,0
61286,0
61287,0
61288,0
61289,0
61290,0
61291,0
61292,1
61293,0
61294,0
61295,0
61296,0
61297,0
61298,0
61299,0
61300,1
61301,0
61302,0
61303,0
61304,0
61305,1
61306,1
61307,0
61308,0
61309,1
61310,0
61311,0
61312,0
61313,0
61314,0
61315,0
61316,0
61317,0
61318,0
61319,0
61320,0
61321,0
61322,1
61323,0
61324,0
61326,0
61327,0
61328,1
61329,0
61330,0
61331,0
61332,0
61333,0
61334,0
61335,0
61336,0
61337,0
61338,1
61339,0
61340,0
61341,0
61342,0
61343,0
61344,1
61345,0
61346,1
61347,0
61348,1
61349,0
61350,0
61351,0
61352,0
61353,0
61354,0
61355,0
61356,0
61357,0
61358,0
61359,0
61360,0
61361,0
61362,0
61364,0
61365,0
61366,0
61367,0
61368,0
61369,0
61370,0
61371,0
61372,0
61373,0
61374,0
61375,1
61376,0
61377,0
61380,0
61381,0
61382,0
61383,0
61385,0
61386,0
61387,0
61388,0
61389,0
61391,0
61393,0
61394,0
61395,0
61396,0
61397,0
61398,0
61399,0
61400,0
61401,0
61402,0
61403,0
61404,0
61405,0
61406,0
61407,0
61408,1
61409,0
61410,0
61411,0
61412,0
61413,0
61414,1
61415,0
61416,0
61417,0
61418,0
61419,0
61421,0
61423,0
61424,0
61425,0
61426,0
61427,1
61428,0
61429,0
61431,0
61432,0
61433,1
61434,0
61435,1
61436,1
61438,0
61439,0
61440,0
61441,0
61442,0
61443,0
61444,0
61446,0
61447,0
61448,0
61449,0
61450,0
61451,0
61452,0
61453,1
61454,0
61455,0
61457,0
61458,0
61459,0
61460,0
61461,0
61463,0
61464,0
61465,0
61466,1
61467,0
61468,0
61469,0
61470,0
61471,0
61472,0
61473,0
61474,1
61475,0
61476,0
61477,0
61478,0
61480,0
61481,0
61482,0
61484,0
61485,0
61486,0
61487,0
61488,0
61489,0
61490,0
61491,0
61493,0
61494,0
61495,0
61496,0
61497,0
61499,0
61502,0
61503,0
61504,0
61505,0
61506,0
61507,1
61508,0
61509,1
61511,0
61512,0
61513,0
61514,0
61515,0
61516,0
61517,1
61519,1
61520,1
61521,0
61522,1
61523,1
61524,0
61525,0
61526,0
61527,0
61528,1
61529,0
61530,0
61532,0
61533,0
61534,0
61535,1
61536,0
61537,0
61538,0
61539,1
61540,0
61541,0
61542,0
61543,0
61544,0
61545,0
61546,0
61547,0
61548,1
61549,0
61550,1
61551,0
61552,0
61553,0
61554,0
61555,0
61556,0
61557,0
61558,0
61559,0
61560,0
61561,0
61562,0
61563,1
61564,0
61565,0
61566,1
61567,0
61568,0
61569,1
61570,0
61571,1
61572,0
61574,1
61575,1
61576,0
61577,0
61578,0
61579,0
61580,1
61581,0
61582,0
61583,0
61584,0
61585,0
61586,0
61587,0
61588,1
61589,0
61591,1
61592,1
61594,0
61595,0
61596,0
61597,0
61598,0
61599,0
61600,0
61601,0
61602,0
61603,0
61604,0
61605,0
61606,0
61607,0
61608,0
61609,0
61610,0
61611,0
61612,0
61613,0
61614,0
61615,0
61616,0
61617,0
61618,0
61619,1
61620,0
61621,0
61622,0
61623,1
61624,0
61625,0
61626,0
61627,1
61628,0
61629,0
61630,0
61631,0
61632,1
61633,0
61634,0
61635,0
61636,0
61637,0
61638,0
61639,0
61640,0
61641,0
61642,0
61643,0
61644,0
61645,0
61646,1
61647,0
61648,0
61649,0
61650,0
61651,0
61652,0
61653,0
61654,0
61655,0
61656,0
61657,1
61658,0
61659,0
61660,0
61661,0
61662,0
61663,0
61664,0
61665,1
61666,0
61667,0
61668,1
61669,0
61670,0
61671,0
61672,0
61673,0
61674,0
61675,0
61676,0
61677,0
61678,0
61679,0
61680,1
61682,0
61683,0
61684,0
61685,1
61686,0
61687,0
61689,0
61690,0
61691,0
61692,0
61693,0
61694,0
61695,0
61696,0
61697,0
61698,0
61699,0
61700,0
61701,0
61702,1
61703,1
61704,0
61705,0
61706,1
61707,0
61709,0
61710,0
61711,0
61712,0
61713,0
61714,0
61715,0
61716,0
61718,0
61719,0
61720,1
61721,1
61722,0
61723,0
61724,0
61725,0
61726,0
61727,0
61728,0
61729,0
61730,0
61731,0
61733,0
61734,0
61735,0
61736,1
61737,0
61738,0
61740,0
61741,0
61742,0
61743,0
61744,0
61745,0
61747,0
61748,0
61749,1
61750,0
61751,0
61752,0
61753,0
61754,0
61755,1
61756,0
61757,0
61758,0
61759,0
61760,0
61761,0
61762,0
61763,0
61764,0
61765,0
61766,0
61767,0
61768,0
61769,0
61770,0
61771,1
61772,0
61773,0
61774,0
61775,0
61776,0
61777,0
61778,0
61779,1
61780,0
61781,0
61782,0
61783,1
61784,0
61785,0
61786,0
61787,0
61788,0
61789,1
61790,0
61791,0
61792,0
61793,0
61794,0
61795,1
61796,0
61797,0
61798,1
61799,0
61800,0
61802,0
61803,0
61804,0
61805,0
61806,0
61807,1
61808,0
61809,0
61810,0
61811,1
61812,1
61813,0
61814,0
61815,1
61816,1
61817,0
61818,1
61819,0
61820,0
61821,0
61822,0
61823,1
61824,0
61825,0
61826,0
61827,0
61828,0
61829,0
61830,0
61831,1
61832,0
61833,0
61834,0
61835,0
61836,1
61837,0
61838,0
61839,1
61840,1
61841,0
61842,0
61843,0
61844,1
61845,0
61846,0
61847,1
61848,0
61849,0
61850,1
61851,0
61852,0
61853,0
61854,0
61855,0
61856,0
61857,1
61858,0
61859,1
61860,0
61862,0
61863,0
61864,0
61865,0
61866,0
61868,0
61869,0
61870,0
61871,0
61872,0
61873,0
61874,0
61875,0
61876,0
61877,0
61878,0
61879,0
61880,0
61881,0
61882,0
61883,0
61884,0
61885,0
61886,0
61887,0
61888,1
61889,1
61890,1
61891,0
61892,0
61893,0
61894,0
61895,0
61896,0
61897,0
61898,0
61899,0
61900,0
61901,0
61902,0
61903,0
61904,0
61905,0
61906,0
61907,0
61908,0
61909,0
61910,0
61911,0
61912,0
61913,0
61914,0
61915,0
61916,0
61917,0
61918,0
61919,0
61920,0
61921,0
61922,0
61923,0
61924,0
61925,0
61926,1
61927,0
61928,0
61929,0
61930,0
61931,0
61932,0
61933,1
61934,0
61935,0
61936,0
61937,0
61938,0
61939,0
61940,0
61941,0
61942,1
61944,0
61946,1
61947,1
61948,0
61949,1
61950,0
61951,0
61952,0
61953,0
61955,0
61956,0
61957,0
61958,0
61959,0
61960,1
61961,0
61962,0
61963,0
61964,0
61965,0
61966,0
61967,0
61968,0
61970,0
61971,1
61972,0
61973,1
61974,0
61975,0
61976,0
61977,0
61978,0
61979,0
61980,0
61981,0
61982,0
61983,0
61984,0
61985,0
61986,0
61987,0
61988,0
61989,0
61991,0
61992,0
61993,0
61994,0
61995,0
61996,0
61997,0
61998,0
61999,0
62000,0
62001,1
62002,0
62003,0
62004,1
62005,0
62006,1
62007,0
62008,0
62009,0
62010,0
62011,0
62012,1
62013,0
62014,0
62015,0
62016,1
62017,0
62018,0
62019,0
62020,0
62021,1
62022,0
62023,1
62024,0
62025,1
62026,0
62027,0
62028,0
62029,0
62030,0
62031,0
62032,0
62033,1
62034,0
62035,0
62036,0
62037,0
62038,0
62039,0
62040,1
62041,1
62043,0
62044,0
62045,0
62046,0
62047,0
62048,0
62049,0
62050,0
62051,0
62052,0
62053,0
62054,0
62055,0
62056,0
62057,0
62058,0
62059,0
62060,0
62061,0
62062,0
62063,0
62064,0
62065,0
62066,0
62067,1
62068,0
62069,0
62070,0
62071,0
62072,0
62073,0
62074,0
62075,0
62077,0
62078,0
62079,0
62080,1
62081,0
62082,1
62083,0
62084,0
62085,0
62086,0
62087,1
62088,0
62089,0
62090,1
62091,0
62092,0
62093,1
62094,1
62095,0
62096,0
62097,0
62098,0
62099,0
62100,0
62101,1
62102,0
62103,1
62104,0
62105,0
62106,0
62107,1
62108,0
62109,0
62110,0
62111,0
62112,0
62113,0
62114,0
62115,0
62116,0
62117,0
62118,0
62119,0
62120,0
62121,0
62122,0
62123,0
62124,0
62125,0
62127,0
62128,1
62129,0
62130,1
62131,0
62132,0
62133,0
62134,1
62135,0
62136,0
62137,0
62138,0
62139,0
62140,0
62141,0
62142,0
62143,0
62144,0
62145,0
62146,1
62147,0
62148,0
62149,0
62150,0
62151,0
62152,0
62153,0
62154,0
62155,0
62156,0
62157,0
62158,0
62159,0
62160,0
62161,0
62162,0
62163,0
62165,0
62166,0
62167,0
62168,0
62169,0
62170,0
62171,1
62172,0
62173,0
62174,0
62175,0
62176,1
62177,0
62179,1
62180,1
62181,0
62182,1
62183,0
62184,0
62185,0
62186,0
62188,0
62189,0
62190,0
62191,0
62192,0
62193,1
62194,0
62195,1
62196,0
62197,0
62198,0
62199,0
62200,0
62201,0
62202,0
62203,0
62204,0
62205,0
62206,0
62207,0
62208,0
62209,0
62210,0
62211,0
62212,0
62213,0
62214,0
62215,0
62216,0
62217,0
62218,0
62219,0
62220,0
62221,0
62222,0
62223,0
62224,0
62225,0
62226,0
62227,0
62228,0
62229,0
62230,0
62231,1
62232,0
62233,0
62234,0
62235,0
62237,0
62238,0
62239,0
62240,0
62241,1
62242,0
62243,0
62244,0
62245,1
62246,1
62247,1
62248,0
62249,0
62250,0
62251,0
62252,0
62253,0
62254,0
62255,0
62256,0
62257,0
62259,0
62260,0
62261,0
62262,0
62263,0
62264,1
62265,0
62266,0
62267,0
62268,0
62269,0
62270,1
62271,0
62272,0
62273,1
62274,0
62275,0
62276,0
62277,0
62278,0
62279,0
62280,0
62281,0
62282,0
62283,0
62285,0
62286,0
62288,0
62289,0
62290,0
62291,1
62292,0
62293,0
62294,0
62295,0
62296,0
62297,1
62298,0
62299,0
62300,0
62301,0
62302,1
62303,0
62304,0
62305,1
62306,0
62307,0
62308,0
62309,0
62310,0
62312,1
62313,0
62314,0
62315,0
62316,1
62317,0
62318,1
62319,0
62320,0
62321,1
62322,0
62323,0
62324,0
62325,1
62326,0
62327,0
62328,1
62329,0
62330,0
62331,0
62332,0
62333,0
62334,0
62335,0
62336,0
62337,0
62338,0
62339,0
62340,0
62341,0
62342,0
62343,0
62344,0
62345,0
62346,0
62347,1
62348,0
62349,0
62350,0
62351,0
62352,0
62353,0
62354,0
62355,0
62356,0
62357,0
62358,0
62359,0
62360,0
62361,0
62362,0
62363,0
62364,0
62365,0
62366,0
62367,0
62368,0
62369,1
62370,0
62371,0
62372,0
62373,0
62374,0
62375,1
62376,0
62377,0
62378,0
62379,0
62380,0
62381,0
62382,0
62383,0
62384,0
62385,0
62387,0
62388,0
62389,0
62390,0
62391,0
62392,1
62393,1
62394,1
62395,1
62396,0
62397,0
62398,1
62400,0
62401,0
62402,0
62403,0
62404,0
62405,0
62406,0
62407,1
62408,1
62409,0
62410,1
62412,1
62413,0
62414,0
62415,0
62416,0
62417,0
62418,0
62419,0
62420,0
62421,1
62422,0
62423,0
62424,0
62425,0
62427,0
62428,0
62429,0
62430,0
62431,0
62432,0
62433,0
62434,0
62435,0
62436,0
62437,0
62438,0
62439,0
62440,0
62441,0
62442,0
62443,0
62444,0
62445,0
62446,0
62447,0
62448,0
62449,0
62450,0
62451,0
62452,0
62453,1
62454,0
62455,0
62456,0
62457,0
62458,0
62459,0
62460,1
62461,0
62462,0
62463,0
62464,0
62465,0
62466,0
62467,0
62468,0
62469,0
62470,0
62471,0
62472,0
62473,1
62474,1
62475,0
62476,0
62477,1
62478,0
62479,1
62480,0
62481,0
62482,0
62483,0
62484,0
62485,0
62486,0
62487,1
62488,0
62489,1
62490,0
62491,0
62492,0
62493,0
62494,0
62495,0
62496,0
62497,0
62498,0
62499,0
62500,1
62501,0
62502,0
62503,0
62504,0
62505,0
62506,0
62507,0
62508,0
62509,0
62511,1
62512,0
62513,0
62514,0
62515,0
62516,1
62517,0
62518,0
62519,0
62521,1
62522,0
62523,1
62524,0
62525,0
62526,0
62527,0
62528,0
62529,0
62530,0
62531,0
62532,0
62533,0
62534,0
62535,0
62536,0
62537,0
62538,0
62539,0
62540,0
62541,0
62542,0
62543,0
62544,0
62545,0
62546,0
62547,0
62548,0
62549,0
62550,0
62551,0
62552,0
62553,0
62554,0
62555,0
62556,0
62557,0
62558,0
62559,0
62560,0
62561,0
62562,0
62563,0
62564,0
62565,0
62566,0
62567,0
62568,1
62569,0
62570,0
62571,0
62572,0
62573,0
62574,0
62575,1
62576,0
62577,0
62578,0
62579,0
62580,0
62581,0
62582,1
62583,0
62584,0
62585,0
62586,0
62587,0
62588,0
62589,0
62590,1
62591,0
62592,0
62594,0
62595,0
62596,1
62598,0
62599,1
62600,0
62601,0
62602,0
62603,0
62604,0
62605,0
62606,0
62607,0
62608,0
62609,0
62610,0
62611,0
62612,0
62613,0
62614,0
62615,0
62616,0
62617,0
62618,0
62619,0
62620,0
62621,0
62622,0
62623,0
62624,0
62625,0
62626,1
62627,0
62628,0
62629,0
62630,0
62631,1
62632,0
62633,0
62634,0
62635,0
62636,0
62637,1
62638,0
62639,0
62640,0
62641,0
62642,0
62643,1
62644,0
62645,0
62646,1
62647,0
62648,0
62649,0
62650,1
62651,0
62652,0
62653,0
62654,0
62655,0
62656,0
62658,0
62659,0
62660,1
62661,1
62662,0
62663,0
62664,0
62665,0
62666,0
62667,1
62668,0
62669,0
62670,0
62672,0
62673,0
62674,0
62675,0
62676,0
62677,0
62678,1
62679,1
62680,0
62681,0
62682,0
62683,0
62684,0
62685,0
62686,1
62687,0
62688,0
62689,0
62690,0
62691,0
62692,0
62693,0
62694,0
62695,1
62696,1
62698,0
62699,0
62700,0
62701,0
62702,0
62703,0
62704,0
62705,1
62706,1
62707,0
62708,0
62709,0
62711,0
62712,0
62714,0
62715,0
62716,0
62717,0
62718,0
62719,1
62720,0
62722,0
62724,0
62725,0
62728,0
62729,0
62731,0
62732,1
62733,0
62734,0
62735,0
62736,0
62737,0
62738,0
62739,0
62740,1
62741,0
62742,0
62743,0
62744,0
62745,0
62746,0
62747,0
62748,0
62751,0
62752,1
62753,0
62754,0
62755,0
62756,1
62757,1
62758,0
62759,0
62760,0
62761,0
62762,0
62763,1
62764,1
62765,1
62766,1
62767,0
62768,0
62769,0
62770,0
62771,1
62772,1
62773,0
62774,1
62775,0
62776,0
62777,0
62778,0
62779,0
62780,0
62781,0
62782,0
62784,0
62787,0
62788,0
62789,1
62790,1
62791,1
62792,0
62793,0
62794,0
62795,1
62796,0
62797,0
62798,0
62800,1
62801,1
62802,1
62803,0
62804,0
62805,0
62806,0
62807,0
62808,1
62809,0
62810,0
62811,1
62812,0
62813,0
62814,0
62815,0
62816,1
62817,0
62818,0
62819,0
62820,0
62821,1
62822,0
62823,0
62824,0
62825,1
62827,0
62828,1
62829,0
62830,1
62831,0
62832,0
62833,0
62834,0
62835,0
62836,0
62838,1
62839,0
62840,1
62841,0
62842,1
62843,1
62844,1
62845,0
62846,0
62847,0
62848,1
62849,1
62852,0
62853,1
62854,1
62856,1
62858,1
62860,0
62861,0
62862,0
62863,0
62864,0
62866,1
62867,1
62868,0
62869,1
62870,0
62871,0
62872,1
62873,0
62874,1
62875,0
62876,1
62877,1
62878,0
62879,1
62881,0
62882,0
62884,1
62885,1
62886,1
62887,0
62888,0
62889,1
62890,0
62891,0
62892,1
62893,0
62894,0
62895,1
62896,0
62897,0
62901,0
62902,0
62903,0
62904,1
62906,0
62907,0
62908,0
62909,0
62910,0
62911,0
62912,0
62913,0
62914,0
62915,1
62916,1
62917,0
62918,0
62919,1
62920,0
62922,0
62923,1
62925,1
62926,0
62927,0
62929,1
62930,1
62931,0
62932,1
62933,0
62934,0
62935,0
62936,1
62937,1
62938,1
62939,0
62940,0
62942,0
62943,0
62944,0
62945,0
62946,0
62947,1
62948,1
62949,0
62950,0
62951,1
62952,0
62953,0
62954,0
62955,0
62956,0
62957,1
62958,0
62959,1
62960,1
62961,0
62962,0
62963,0
62964,0
62965,0
62966,1
62967,0
62968,0
62969,0
62970,0
62971,1
62972,0
62973,0
62974,1
62976,0
62977,0
62978,0
62979,0
62980,1
62981,0
62982,0
62983,1
62984,1
62985,0
62986,0
62987,1
62988,0
62989,0
62991,1
62992,1
62993,0
62994,1
62996,0
62997,1
62998,0
62999,0
63000,0
63001,1
63002,0
63003,1
63004,1
63006,0
63007,0
63008,0
63009,0
63010,0
63012,1
63013,0
63014,0
63015,0
63016,0
63017,0
63018,1
63019,0
63020,0
63021,0
63022,0
63023,0
63024,1
63025,0
63026,1
63027,0
63028,0
63029,1
63030,0
63031,0
63032,1
63034,1
63035,0
63036,0
63037,0
63038,0
63039,0
63040,0
63041,1
63042,1
63043,0
63044,1
63045,1
63046,0
63047,0
63049,0
63050,0
63051,0
63052,0
63053,1
63054,0
63055,0
63056,0
63058,0
63059,0
63063,1
63064,1
63065,0
63066,1
63067,0
63068,0
63069,0
63070,0
63071,0
63073,0
63074,0
63075,1
63076,0
63077,1
63078,0
63080,0
63081,0
63082,0
63083,0
63084,1
63085,0
63086,1
63088,0
63089,0
63090,1
63091,0
63092,0
63093,0
63094,0
63095,0
63096,0
63097,0
63098,0
63099,0
63100,0
63101,0
63102,0
63103,1
63105,0
63106,0
63107,0
63108,0
63109,0
63110,0
63111,0
63112,0
63113,0
63114,0
63115,0
63116,1
63117,1
63118,0
63119,1
63120,0
63121,1
63122,0
63123,1
63124,0
63125,0
63126,0
63127,0
63128,0
63129,1
63130,0
63131,0
63132,0
63133,0
63134,0
63135,0
63136,0
63137,1
63138,0
63139,0
63140,0
63141,0
63142,0
63143,0
63144,0
63145,0
63146,0
63147,0
63148,0
63149,0
63150,0
63151,1
63153,1
63154,1
63155,0
63156,0
63157,1
63158,0
63159,0
63160,0
63161,1
63162,0
63163,1
63164,0
63165,0
63166,0
63167,0
63169,0
63170,1
63171,0
63172,0
63173,1
63174,1
63175,0
63176,0
63177,0
63178,1
63179,1
63180,1
63181,0
63182,0
63183,0
63184,0
63185,1
63186,0
63187,0
63189,0
63190,1
63192,0
63193,0
63194,1
63195,1
63196,0
63197,1
63198,0
63199,1
63200,0
63201,0
63202,0
63203,0
63204,0
63205,0
63206,0
63207,0
63208,0
63209,1
63210,0
63211,0
63212,1
63213,1
63214,0
63215,0
63216,1
63217,0
63218,0
63219,0
63220,0
63221,0
63222,0
63225,0
63226,0
63227,0
63228,0
63229,0
63230,1
63231,0
63232,1
63234,1
63236,0
63237,0
63238,0
63239,0
63240,0
63241,0
63242,0
63243,0
63244,0
63245,0
63246,0
63247,0
63248,0
63249,0
63251,0
63252,1
63254,1
63255,0
63256,0
63257,0
63258,0
63259,1
63260,0
63261,1
63263,1
63264,0
63265,0
63266,0
63268,0
63269,0
63270,1
63271,0
63272,0
63273,0
63274,0
63276,0
63277,0
63278,0
63279,0
63280,1
63281,0
63283,0
63284,0
63285,0
63286,0
63287,1
63288,0
63289,0
63290,0
63291,0
63292,0
63293,0
63294,0
63295,1
63296,0
63298,0
63299,1
63300,0
63301,0
63302,0
63303,0
63304,0
63306,0
63307,0
63308,0
63309,0
63310,0
63311,1
63312,0
63313,0
63314,0
63315,0
63316,0
63317,0
63318,0
63319,0
63320,1
63321,0
63322,0
63323,0
63324,0
63325,0
63326,0
63327,0
63328,0
63329,0
63330,1
63331,0
63332,0
63333,0
63334,0
63335,0
63336,0
63337,0
63338,0
63339,0
63340,0
63341,0
63342,0
63344,1
63346,0
63347,0
63348,0
63349,0
63350,0
63351,0
63352,0
63353,1
63355,0
63356,0
63357,1
63358,1
63359,0
63360,0
63361,1
63362,0
63363,1
63364,0
63365,0
63366,0
63367,0
63368,0
63369,0
63370,0
63371,0
63372,1
63373,0
63374,0
63375,0
63376,0
63378,0
63379,0
63380,1
63381,1
63382,1
63383,0
63384,0
63385,0
63386,0
63387,1
63388,0
63389,0
63390,0
63391,0
63392,1
63393,0
63394,0
63395,0
63396,0
63397,0
63398,0
63399,0
63400,0
63401,0
63402,0
63404,0
63405,1
63406,0
63407,0
63408,0
63409,0
63410,0
63412,0
63413,0
63414,0
63415,0
63416,1
63417,0
63418,0
63419,0
63420,0
63421,1
63422,0
63423,0
63424,1
63425,0
63427,0
63428,0
63429,0
63430,0
63431,1
63432,0
63433,0
63434,0
63435,0
63436,1
63437,0
63438,0
63439,0
63440,0
63442,0
63443,0
63444,0
63446,0
63447,0
63448,0
63449,1
63451,0
63452,0
63453,0
63454,1
63455,1
63456,0
63457,1
63459,0
63460,0
63461,0
63462,0
63463,1
63464,0
63465,0
63466,1
63468,0
63469,0
63470,0
63471,0
63472,0
63473,0
63474,0
63475,1
63476,1
63477,1
63478,0
63479,0
63480,0
63481,0
63482,0
63483,0
63484,1
63485,0
63486,1
63487,0
63488,0
63489,0
63490,1
63491,1
63492,0
63493,1
63494,0
63495,0
63496,0
63497,0
63498,1
63499,0
63502,0
63503,0
63505,0
63506,1
63507,0
63508,1
63510,0
63511,1
63512,0
63513,0
63514,0
63515,1
63516,0
63517,0
63518,0
63519,0
63521,1
63522,0
63523,1
63524,0
63525,1
63526,1
63527,1
63528,0
63529,1
63531,1
63532,1
63533,0
63534,0
63535,0
63536,0
63537,1
63538,0
63539,0
63540,1
63541,0
63542,0
63544,0
63545,0
63546,0
63547,0
63548,0
63549,0
63550,1
63551,0
63552,0
63553,1
63554,0
63555,0
63556,0
63557,1
63558,0
63559,0
63560,0
63561,0
63562,0
63563,0
63564,0
63565,0
63566,0
63567,0
63568,0
63569,0
63570,0
63571,1
63572,0
63573,0
63574,0
63575,0
63576,0
63577,0
63581,0
63582,1
63583,0
63584,1
63585,1
63586,0
63587,1
63589,1
63590,1
63591,1
63592,1
63593,0
63594,0
63595,1
63596,1
63597,0
63598,1
63599,1
63600,1
63601,0
63602,1
63603,0
63605,0
63608,0
63611,1
63612,1
63613,1
63614,1
63615,0
63616,1
63617,1
63618,0
63619,1
63620,0
63621,0
63622,1
63623,0
63625,0
63626,0
63627,0
63628,0
63629,1
63630,0
63631,0
63632,0
63633,1
63634,0
63635,1
63638,0
63639,0
63640,0
63642,0
63643,1
63644,0
63645,0
63646,0
63647,1
63648,0
63649,0
63650,0
63651,0
63652,0
63653,0
63654,1
63655,1
63656,1
63657,0
63658,0
63659,0
63660,0
63661,0
63662,0
63663,1
63664,0
63665,1
63666,0
63667,0
63668,0
63669,0
63670,1
63671,0
63673,0
63674,0
63675,0
63676,1
63677,1
63678,1
63679,0
63680,0
63681,0
63682,0
63683,0
63684,0
63685,1
63686,0
63687,0
63688,0
63689,0
63690,0
63691,0
63692,1
63693,1
63694,1
63695,0
63696,0
63697,0
63698,0
63699,0
63700,0
63701,0
63702,0
63703,0
63704,0
63705,1
63706,0
63707,0
63708,0
63709,0
63710,0
63711,1
63712,0
63713,1
63714,0
63715,1
63716,0
63717,0
63718,0
63719,1
63720,0
63721,0
63722,0
63723,0
63724,1
63725,0
63726,0
63727,0
63728,1
63729,0
63730,0
63731,0
63732,0
63733,0
63734,0
63735,0
63736,1
63737,0
63738,1
63739,0
63740,0
63741,0
63742,0
63743,0
63744,0
63745,1
63746,0
63747,1
63748,1
63749,0
63750,0
63751,0
63752,0
63753,0
63754,0
63755,0
63756,0
63757,0
63758,0
63759,0
63760,0
63761,0
63762,0
63763,0
63764,0
63765,0
63766,0
63767,0
63768,0
63769,1
63770,0
63771,0
63772,0
63773,0
63774,0
63775,0
63776,0
63777,0
63778,0
63779,0
63780,0
63781,1
63782,0
63783,1
63784,0
63785,0
63786,0
63787,0
63788,0
63789,1
63790,1
63791,0
63792,1
63794,0
63795,1
63796,1
63797,0
63798,1
63799,0
63800,1
63801,0
63802,0
63803,0
63804,0
63805,0
63806,1
63807,0
63808,1
63809,1
63810,0
63811,0
63812,1
63813,0
63814,0
63815,0
63816,0
63817,1
63818,0
63819,0
63820,0
63821,0
63822,0
63823,1
63824,0
63825,0
63826,1
63827,0
63828,0
63829,1
63831,1
63832,0
63833,0
63834,0
63835,0
63836,0
63837,0
63838,0
63839,1
63840,0
63841,0
63842,1
63844,0
63845,0
63846,0
63847,1
63848,0
63849,0
63850,0
63851,0
63852,0
63853,0
63854,0
63855,0
63856,0
63857,1
63858,1
63859,0
63860,0
63861,1
63862,0
63863,1
63864,1
63865,0
63866,1
63867,0
63868,0
63869,0
63870,0
63871,0
63872,0
63873,0
63875,0
63876,0
63877,0
63879,0
63880,0
63883,0
63884,0
63885,1
63886,0
63887,0
63888,0
63889,0
63890,0
63891,0
63892,0
63893,0
63894,0
63895,0
63896,0
63897,0
63898,0
63899,1
63900,0
63901,0
63902,0
63903,0
63904,0
63905,0
63906,0
63907,0
63908,0
63909,0
63910,0
63911,0
63912,0
63913,0
63914,0
63916,0
63917,0
63918,0
63919,0
63920,0
63921,0
63922,0
63924,0
63925,0
63926,0
63927,0
63928,0
63929,0
63931,0
63932,0
63933,0
63934,0
63935,0
63936,0
63937,1
63938,0
63939,0
63940,1
63941,1
63942,0
63943,0
63944,0
63945,0
63946,0
63947,0
63948,0
63950,1
63951,0
63952,0
63953,0
63954,0
63955,0
63956,0
63957,0
63958,0
63959,0
63960,0
63961,0
63962,1
63963,0
63964,0
63965,0
63967,1
63968,0
63969,0
63970,0
63972,1
63973,1
63974,0
63975,0
63976,1
63977,0
63978,0
63979,1
63981,0
63982,1
63983,1
63984,0
63985,1
63986,0
63987,0
63988,0
63989,0
63990,0
63991,0
63992,0
63993,0
63994,0
63995,1
63996,0
63997,1
63998,0
63999,0
64000,0
64001,1
64002,0
64003,0
64004,0
64005,1
64006,0
64007,1
64008,0
64009,0
64010,0
64011,0
64012,0
64013,1
64014,1
64015,0
64017,0
64018,0
64019,0
64020,1
64021,0
64022,0
64023,1
64024,0
64025,1
64026,0
64027,0
64028,0
64029,0
64030,0
64031,0
64032,0
64033,0
64034,1
64036,0
64038,0
64039,0
64040,1
64041,1
64042,0
64043,0
64044,0
64045,1
64046,0
64047,0
64048,0
64049,0
64050,0
64051,0
64052,0
64053,1
64054,0
64055,0
64056,0
64057,0
64058,0
64059,1
64060,0
64061,1
64062,1
64063,0
64064,0
64065,0
64066,0
64067,1
64068,1
64069,0
64070,0
64071,0
64072,0
64073,1
64074,1
64075,1
64076,0
64077,0
64078,0
64079,1
64080,0
64081,0
64082,0
64083,1
64084,1
64085,0
64086,0
64087,1
64088,0
64089,0
64090,0
64091,0
64092,0
64093,1
64094,1
64095,0
64096,0
64097,0
64098,0
64099,0
64101,0
64102,0
64103,0
64104,0
64105,1
64107,0
64109,0
64110,1
64111,0
64112,0
64114,0
64115,0
64116,1
64117,0
64118,0
64119,1
64120,0
64121,0
64122,0
64123,0
64124,1
64125,0
64126,0
64127,1
64128,0
64131,1
64132,0
64133,1
64134,0
64135,1
64136,1
64137,1
64139,1
64140,0
64141,0
64142,1
64143,1
64144,0
64145,0
64146,1
64147,0
64148,0
64149,0
64150,0
64151,0
64153,1
64154,0
64155,0
64156,0
64157,0
64158,0
64159,0
64160,0
64161,0
64162,0
64163,0
64164,0
64165,0
64166,0
64167,0
64168,0
64169,0
64170,0
64171,0
64172,0
64173,0
64174,0
64175,1
64176,0
64177,0
64178,1
64179,0
64180,0
64181,0
64182,0
64183,0
64184,0
64185,1
64187,0
64188,0
64189,1
64190,1
64191,0
64192,1
64193,0
64194,0
64195,0
64196,0
64197,1
64198,0
64199,0
64200,0
64201,0
64202,0
64203,0
64204,0
64205,0
64206,0
64207,0
64208,0
64209,0
64210,0
64212,0
64213,0
64214,0
64215,0
64216,1
64217,1
64218,0
64219,0
64220,0
64221,0
64223,0
64226,1
64227,0
64228,0
64229,0
64231,0
64232,0
64233,0
64234,0
64235,0
64237,0
64238,1
64239,0
64240,0
64241,0
64242,0
64243,1
64244,0
64245,0
64246,0
64247,1
64248,0
64249,0
64250,1
64251,0
64252,0
64253,0
64254,0
64255,1
64256,1
64257,0
64258,0
64259,0
64260,0
64261,0
64262,0
64263,0
64264,1
64265,0
64266,0
64267,1
64268,0
64269,0
64270,1
64271,0
64272,1
64273,0
64274,1
64277,0
64278,1
64279,1
64280,0
64282,0
64283,1
64284,0
64285,1
64286,0
64287,1
64288,1
64289,1
64290,0
64291,1
64292,1
64293,0
64294,0
64295,0
64296,1
64297,0
64298,1
64299,0
64300,1
64301,0
64302,1
64303,0
64304,0
64305,0
64306,0
64307,1
64308,0
64309,0
64310,0
64311,0
64312,0
64313,1
64314,0
64316,0
64317,1
64318,0
64319,0
64320,0
64321,0
64322,1
64323,1
64324,1
64325,1
64327,0
64328,1
64329,0
64330,0
64331,0
64332,0
64333,0
64336,0
64337,0
64338,0
64339,0
64340,0
64341,0
64342,1
64344,1
64345,1
64346,1
64347,1
64349,0
64350,1
64351,0
64352,0
64353,0
64354,0
64355,0
64356,1
64357,0
64358,1
64359,0
64360,0
64361,0
64362,1
64363,0
64364,1
64365,1
64366,1
64367,0
64368,1
64369,1
64370,1
64371,1
64372,0
64373,0
64374,1
64375,0
64376,1
64377,1
64378,0
64379,1
64380,0
64381,0
64382,0
64383,1
64384,0
64385,0
64386,0
64387,0
64388,1
64389,0
64390,0
64391,1
64392,0
64393,0
64394,0
64395,0
64396,0
64397,0
64398,1
64399,0
64400,0
64401,0
64402,0
64403,0
64404,0
64405,0
64406,0
64407,1
64408,0
64409,0
64410,0
64411,0
64412,0
64413,0
64414,0
64415,0
64416,1
64417,1
64418,0
64419,0
64420,0
64421,1
64422,0
64423,1
64424,1
64425,0
64426,1
64427,1
64428,0
64429,0
64430,0
64431,0
64432,0
64433,0
64434,1
64437,0
64438,0
64439,0
64440,1
64442,0
64443,0
64444,0
64445,1
64446,1
64447,0
64448,0
64449,0
64450,1
64451,0
64452,1
64453,0
64454,0
64456,0
64457,0
64458,0
64459,0
64460,0
64461,0
64462,0
64463,0
64464,0
64465,0
64466,0
64467,0
64468,1
64469,0
64470,0
64471,1
64472,0
64473,1
64474,0
64475,0
64476,0
64477,0
64478,0
64479,0
64480,0
64481,0
64482,1
64483,1
64484,0
64485,1
64487,0
64488,1
64490,0
64491,0
64492,1
64494,0
64495,0
64496,0
64497,1
64498,0
64499,0
64500,0
64501,0
64502,0
64503,0
64504,1
64505,0
64506,0
64507,0
64508,1
64509,0
64510,0
64511,0
64512,0
64513,0
64514,0
64515,0
64516,1
64517,1
64518,0
64519,0
64520,0
64521,0
64522,0
64523,0
64524,0
64525,1
64526,0
64527,0
64528,0
64529,0
64530,0
64531,0
64532,0
64533,0
64534,0
64535,0
64536,1
64537,0
64538,0
64539,0
64540,1
64541,1
64542,0
64543,0
64544,0
64545,0
64546,0
64547,0
64548,0
64549,0
64550,0
64551,1
64552,1
64553,1
64554,0
64555,0
64556,0
64557,1
64558,0
64559,0
64560,0
64561,1
64562,1
64563,1
64564,0
64565,0
64566,1
64567,0
64568,0
64569,0
64570,0
64571,0
64572,0
64573,1
64574,0
64575,0
64576,0
64577,0
64578,0
64579,1
64580,0
64581,1
64582,0
64583,0
64585,0
64586,0
64587,0
64588,0
64589,0
64590,0
64591,0
64592,0
64593,0
64594,0
64595,0
64596,0
64597,0
64598,0
64599,0
64600,1
64601,1
64602,0
64603,1
64606,0
64607,0
64608,0
64609,0
64610,0
64611,0
64612,0
64613,0
64614,0
64615,1
64617,0
64618,0
64619,0
64621,1
64622,1
64623,0
64624,1
64625,0
64626,0
64629,1
64630,0
64631,0
64632,0
64633,0
64634,0
64635,1
64636,0
64637,0
64638,0
64639,0
64640,1
64641,0
64643,0
64644,0
64645,0
64646,0
64647,1
64648,0
64649,0
64650,0
64651,0
64652,0
64653,0
64654,0
64655,0
64656,0
64657,1
64658,0
64659,0
64660,0
64661,0
64662,0
64663,0
64664,0
64665,0
64666,0
64667,0
64668,0
64669,0
64670,0
64671,0
64672,0
64673,1
64674,1
64675,0
64676,0
64677,0
64678,0
64679,0
64680,1
64681,0
64682,0
64683,0
64684,0
64685,0
64686,0
64687,1
64688,0
64689,1
64690,0
64691,0
64692,0
64693,0
64694,0
64695,0
64696,1
64697,0
64698,0
64699,0
64700,1
64701,1
64702,1
64703,0
64704,1
64705,0
64706,0
64707,1
64708,0
64709,0
64710,0
64711,0
64712,0
64713,0
64714,1
64715,1
64716,0
64717,0
64718,1
64720,0
64721,1
64722,1
64723,0
64724,0
64725,1
64726,0
64727,0
64728,0
64729,1
64731,0
64732,1
64733,0
64734,0
64735,0
64736,1
64737,0
64738,0
64740,0
64741,0
64742,0
64743,0
64744,0
64745,0
64746,0
64747,0
64748,0
64749,0
64750,1
64751,0
64752,0
64753,0
64754,1
64755,0
64757,0
64758,0
64759,0
64760,0
64761,0
64762,0
64763,0
64765,0
64766,0
64768,1
64769,1
64770,0
64771,1
64772,0
64773,0
64774,1
64775,0
64776,1
64777,1
64779,0
64781,1
64782,1
64783,1
64784,0
64785,0
64786,0
64787,0
64788,0
64789,0
64790,0
64791,0
64792,1
64793,0
64794,0
64795,0
64796,1
64797,0
64798,0
64799,0
64800,0
64801,0
64802,0
64803,0
64804,0
64805,1
64806,1
64807,1
64808,0
64809,0
64810,0
64811,0
64812,1
64813,0
64814,1
64815,0
64816,0
64817,0
64818,0
64819,1
64820,0
64821,1
64822,1
64823,1
64824,0
64825,1
64826,0
64827,1
64828,1
64829,0
64830,1
64831,0
64832,0
64833,1
64834,1
64835,0
64836,0
64837,1
64838,0
64839,0
64840,0
64841,1
64842,1
64843,1
64844,1
64845,0
64846,0
64847,0
64848,0
64849,1
64850,1
64851,0
64852,0
64853,1
64854,0
64855,0
64856,0
64857,0
64858,0
64859,0
64860,0
64861,0
64862,0
64863,0
64864,1
64866,0
64867,1
64868,0
64869,0
64870,0
64871,0
64872,0
64873,0
64874,0
64875,0
64876,0
64877,0
64878,0
64879,0
64880,0
64881,1
64884,0
64885,0
64886,1
64888,0
64889,0
64890,0
64891,0
64892,0
64893,0
64894,0
64896,0
64897,0
64898,0
64899,0
64900,0
64901,1
64902,0
64903,0
64904,1
64905,0
64906,1
64907,1
64908,0
64909,0
64910,0
64911,1
64912,0
64913,0
64914,1
64915,0
64917,0
64918,0
64919,0
64920,1
64921,0
64922,1
64923,0
64924,0
64926,0
64927,0
64928,0
64929,0
64930,0
64931,0
64932,0
64933,0
64935,0
64936,1
64937,1
64938,0
64939,0
64940,0
64941,0
64942,0
64943,0
64944,0
64945,0
64946,1
64947,0
64948,0
64950,0
64951,0
64952,0
64953,0
64954,0
64955,0
64956,0
64957,0
64958,0
64960,0
64962,0
64963,0
64965,0
64966,0
64967,0
64968,0
64969,0
64973,0
64974,0
64975,0
64976,0
64977,1
64978,0
64979,0
64980,1
64981,0
64982,0
64983,0
64985,1
64986,0
64987,0
64988,0
64991,1
64993,1
64994,0
64995,0
64996,0
64997,0
64998,0
64999,0
65000,1
65002,0
65003,1
65005,0
65006,0
65008,1
65009,0
65010,0
65011,0
65013,0
65014,0
65015,0
65017,0
65018,0
65019,0
65020,1
65021,1
65022,0
65023,0
65024,0
65025,0
65026,1
65027,1
65028,0
65029,0
65030,0
65031,1
65032,0
65033,1
65034,0
65035,0
65036,0
65037,0
65038,0
65039,0
65040,1
65041,0
65042,0
65043,0
65044,0
65045,0
65046,1
65047,1
65048,0
65049,0
65050,1
65051,0
65052,0
65053,0
65054,1
65055,0
65056,1
65057,0
65058,0
65059,0
65060,0
65061,1
65062,1
65063,0
65064,0
65065,0
65066,1
65067,1
65068,0
65069,0
65070,1
65071,0
65072,0
65073,0
65075,1
65076,0
65077,0
65078,0
65079,0
65080,1
65081,0
65082,0
65083,0
65084,1
65085,1
65086,1
65087,1
65088,0
65089,1
65090,0
65091,0
65093,0
65094,0
65095,0
65096,0
65097,0
65099,0
65100,1
65102,1
65103,0
65104,0
65105,1
65106,0
65107,1
65108,0
65109,0
65110,1
65111,0
65112,1
65113,1
65115,1
65116,0
65117,0
65118,1
65119,0
65120,0
65121,1
65122,1
65123,0
65124,1
65126,0
65127,0
65128,0
65129,0
65130,1
65131,0
65132,1
65133,0
65134,1
65135,0
65136,1
65137,0
65138,0
65139,0
65140,0
65141,1
65142,1
65143,1
65144,0
65145,1
65146,1
65147,0
65148,0
65149,0
65150,1
65152,1
65153,1
65154,0
65155,0
65156,1
65157,0
65158,1
65161,0
65162,0
65164,0
65165,0
65166,0
65167,0
65168,0
65169,1
65170,0
65171,0
65172,0
65173,0
65174,0
65175,0
65176,0
65177,1
65178,0
65180,0
65181,1
65182,0
65183,1
65184,0
65185,1
65186,1
65187,0
65188,0
65191,1
65192,0
65193,0
65194,0
65195,0
65196,0
65197,1
65198,0
65199,0
65200,0
65201,1
65203,0
65204,1
65205,0
65206,0
65207,0
65208,0
65209,0
65210,1
65212,1
65213,0
65214,0
65215,0
65216,0
65217,0
65218,0
65219,0
65220,0
65221,0
65223,0
65224,1
65225,0
65226,0
65227,0
65228,0
65229,0
65230,0
65231,0
65232,0
65233,0
65234,0
65235,0
65236,0
65238,0
65239,0
65240,1
65241,0
65242,0
65243,0
65244,0
65245,0
65246,0
65247,0
65248,0
65249,0
65250,1
65251,0
65253,0
65254,0
65255,1
65256,0
65258,1
65259,1
65260,1
65261,0
65262,0
65263,0
65264,0
65265,0
65266,0
65267,0
65268,0
65269,1
65270,0
65271,0
65272,0
65273,0
65274,0
65275,0
65276,0
65277,1
65278,0
65279,0
65280,0
65282,0
65283,0
65284,0
65286,0
65287,0
65289,0
65290,1
65291,1
65292,0
65293,0
65294,0
65295,0
65296,0
65297,0
65298,0
65299,1
65300,1
65301,0
65302,1
65303,0
65304,0
65305,0
65307,0
65308,0
65309,1
65310,0
65311,0
65312,1
65313,0
65314,0
65315,0
65316,1
65317,0
65318,0
65319,1
65320,0
65321,1
65322,1
65323,0
65324,0
65325,1
65326,0
65327,0
65328,0
65329,0
65330,0
65331,0
65332,0
65333,1
65334,0
65335,0
65336,0
65337,0
65338,0
65339,0
65340,0
65341,0
65342,0
65344,0
65345,1
65346,0
65347,0
65348,0
65349,0
65350,0
65351,0
65352,0
65354,1
65355,0
65356,0
65357,0
65358,0
65359,0
65360,0
65362,0
65363,0
65364,0
65365,0
65366,0
65367,0
65368,0
65369,0
65370,0
65371,0
65372,0
65373,1
65374,0
65376,1
65377,0
65378,0
65379,1
65380,0
65381,0
65382,1
65383,0
65384,0
65385,1
65386,0
65387,0
65388,0
65389,0
65390,0
65391,0
65392,1
65393,1
65394,0
65396,0
65397,0
65398,0
65399,0
65400,1
65401,0
65402,0
65403,0
65404,0
65405,0
65406,0
65407,0
65408,0
65409,1
65411,0
65412,0
65413,0
65414,0
65415,1
65416,0
65417,0
65418,0
65419,0
65420,0
65421,0
65422,0
65423,0
65425,0
65426,0
65427,0
65428,1
65429,0
65430,0
65431,0
65432,0
65433,0
65434,0
65435,0
65436,0
65437,0
65438,0
65439,0
65440,0
65441,1
65442,0
65443,1
65444,0
65445,1
65446,1
65447,1
65448,0
65449,0
65450,0
65451,0
65452,0
65453,0
65454,0
65455,0
65456,0
65457,0
65458,0
65459,1
65460,0
65461,0
65462,0
65463,0
65464,0
65465,0
65466,0
65467,1
65468,1
65469,0
65470,0
65471,0
65472,0
65473,0
65474,1
65475,1
65476,1
65477,0
65478,0
65479,1
65480,0
65481,1
65482,1
65483,0
65484,0
65485,0
65486,1
65487,0
65488,0
65489,0
65490,0
65491,0
65492,1
65493,0
65494,0
65495,1
65496,0
65497,0
65499,1
65500,0
65501,1
65502,0
65503,1
65505,0
65506,0
65507,0
65508,0
65509,0
65510,1
65511,0
65512,0
65513,0
65514,0
65515,1
65516,0
65517,1
65518,0
65519,0
65520,0
65521,0
65522,1
65523,0
65524,1
65525,0
65526,0
65527,0
65528,1
65529,0
65530,0
65531,1
65532,0
65533,1
65534,0
65535,0
65536,0
65537,1
65538,0
65539,1
65540,0
65541,0
65543,0
65544,1
65545,0
65546,0
65547,1
65548,0
65549,0
65550,0
65551,0
65552,1
65553,0
65554,0
65555,0
65556,1
65557,1
65558,1
65559,0
65560,1
65561,0
65562,1
65563,0
65564,0
65565,0
65566,0
65567,0
65568,0
65569,0
65570,0
65571,0
65572,1
65573,0
65574,1
65575,0
65576,0
65577,1
65578,1
65580,1
65581,0
65582,1
65583,0
65584,0
65585,1
65586,0
65587,0
65588,1
65589,1
65590,1
65592,1
65593,0
65594,1
65595,0
65596,0
65597,1
65598,0
65599,1
65600,1
65601,1
65602,0
65604,1
65606,0
65608,0
65609,0
65610,1
65611,0
65612,1
65614,1
65615,0
65617,1
65618,1
65619,0
65620,1
65621,0
65622,0
65623,0
65624,1
65625,0
65626,0
65627,0
65628,0
65629,0
65630,0
65631,0
65632,1
65633,0
65634,0
65636,1
65637,0
65638,0
65639,0
65640,0
65641,0
65642,0
65643,0
65644,1
65645,1
65646,1
65647,1
65648,0
65649,1
65650,0
65651,0
65652,0
65653,1
65655,0
65656,1
65657,0
65658,1
65659,1
65660,0
65661,0
65662,0
65663,0
65664,1
65665,0
65666,1
65667,1
65668,0
65669,0
65670,0
65671,0
65672,0
65673,0
65674,0
65675,0
65676,0
65677,0
65678,0
65679,1
65680,0
65681,0
65682,0
65683,0
65684,0
65685,0
65686,1
65687,0
65688,1
65689,0
65690,0
65691,0
65692,0
65693,0
65694,0
65695,1
65696,0
65697,0
65698,0
65699,1
65700,0
65701,0
65702,0
65703,1
65704,0
65705,0
65706,0
65707,0
65708,0
65709,0
65710,0
65711,0
65712,0
65713,0
65714,0
65715,0
65716,0
65717,0
65718,0
65719,0
65720,1
65721,0
65723,1
65724,1
65725,0
65726,0
65727,0
65728,0
65729,0
65730,1
65731,0
65732,0
65733,1
65734,0
65735,0
65736,0
65737,0
65738,1
65739,0
65740,1
65741,1
65742,1
65743,1
65744,1
65746,1
65747,0
65748,0
65749,1
65750,0
65751,0
65752,1
65753,0
65754,0
65755,0
65756,0
65757,1
65759,1
65760,1
65761,0
65762,0
65764,0
65766,0
65767,0
65768,0
65769,1
65770,0
65772,0
65773,0
65774,1
65775,0
65776,0
65777,0
65778,1
65779,0
65780,0
65781,1
65782,0
65783,0
65784,0
65785,0
65786,0
65787,1
65788,1
65790,0
65792,0
65793,1
65794,1
65795,1
65796,1
65797,0
65798,1
65799,0
65800,0
65801,0
65802,0
65803,0
65804,0
65805,0
65806,0
65807,0
65808,0
65809,0
65811,1
65812,1
65813,0
65816,0
65817,0
65819,0
65820,0
65821,0
65822,0
65824,1
65825,0
65826,0
65827,0
65828,1
65829,0
65830,0
65831,0
65834,0
65840,0
65841,0
65842,0
65843,0
65844,0
65845,0
65847,1
65848,0
65849,1
65850,0
65851,0
65852,0
65853,1
65855,0
65856,0
65857,0
65858,0
65859,0
65861,0
65862,0
65864,1
65865,0
65866,0
65867,1
65868,0
65869,0
65870,0
65872,0
65873,0
65874,0
65875,0
65876,0
65877,0
65878,0
65880,0
65881,0
65882,0
65883,0
65884,0
65885,0
65886,1
65887,0
65888,0
65889,0
65890,0
65891,0
65892,1
65893,1
65894,0
65895,0
65896,0
65897,0
65898,0
65899,0
65901,0
65902,0
65903,0
65904,0
65905,1
65906,0
65907,1
65908,1
65909,0
65910,1
65911,1
65912,1
65913,1
65914,1
65915,1
65916,1
65917,0
65918,1
65919,0
65920,1
65922,1
65924,0
65925,0
65926,0
65927,0
65928,0
65929,1
65930,0
65931,1
65932,1
65933,0
65934,1
65935,0
65936,0
65937,0
65939,0
65940,0
65941,1
65942,0
65943,0
65944,0
65945,0
65946,0
65947,0
65948,0
65949,0
65950,0
65951,0
65952,0
65953,1
65954,0
65955,0
65956,0
65957,0
65959,1
65960,0
65961,0
65962,0
65963,0
65964,1
65965,0
65966,0
65967,1
65968,0
65969,0
65970,1
65971,1
65972,0
65973,1
65974,0
65975,1
65976,0
65977,1
65978,0
65979,0
65980,1
65981,1
65982,1
65983,1
65985,1
65986,1
65987,1
65988,0
65989,1
65990,0
65991,1
65992,0
65993,1
65994,0
65995,1
65996,0
65997,1
65998,0
65999,0
66000,0
66001,1
66002,0
66003,1
66004,0
66005,0
66006,0
66007,0
66008,0
66009,0
66010,0
66011,0
66012,0
66014,0
66015,0
66016,0
66017,0
66018,0
66019,0
66020,0
66021,0
66022,0
66023,0
66024,0
66025,0
66026,1
66027,1
66028,0
66029,0
66030,0
66031,0
66032,0
66033,0
66034,0
66035,0
66036,0
66037,0
66038,1
66039,0
66040,0
66041,0
66042,0
66043,0
66044,0
66045,1
66046,0
66047,1
66048,1
66049,1
66050,1
66051,0
66052,0
66053,0
66054,0
66055,0
66056,0
66057,0
66059,0
66060,0
66061,1
66062,0
66063,0
66064,1
66065,1
66066,0
66067,1
66068,0
66069,0
66070,0
66071,0
66072,0
66073,0
66074,0
66075,0
66076,0
66077,0
66078,0
66079,0
66080,1
66081,0
66082,0
66083,0
66084,0
66085,0
66086,0
66087,1
66088,0
66089,0
66090,0
66091,0
66092,0
66093,1
66094,0
66095,1
66096,1
66097,0
66098,0
66099,0
66101,1
66104,1
66105,0
66106,0
66107,0
66108,0
66109,0
66110,0
66111,0
66113,0
66114,0
66115,1
66116,0
66117,0
66118,1
66119,0
66120,0
66121,0
66122,0
66124,0
66125,0
66126,0
66127,0
66128,1
66129,0
66130,0
66131,0
66132,0
66133,0
66134,0
66135,0
66136,1
66137,1
66138,1
66139,0
66140,1
66141,0
66142,0
66143,0
66144,0
66145,0
66146,1
66147,0
66148,0
66149,0
66151,1
66152,0
66153,0
66154,1
66155,0
66156,0
66157,0
66158,0
66160,0
66161,1
66162,0
66163,0
66164,0
66165,0
66166,0
66167,1
66168,0
66169,0
66170,0
66171,0
66172,0
66173,0
66174,0
66175,0
66176,0
66177,0
66178,0
66179,0
66180,0
66181,0
66183,0
66184,0
66185,0
66186,0
66187,1
66189,0
66190,0
66191,0
66192,0
66193,0
66194,0
66195,0
66196,0
66198,0
66199,0
66200,0
66201,0
66202,1
66203,0
66204,0
66205,0
66206,1
66207,0
66208,1
66209,0
66210,1
66211,0
66212,0
66213,0
66214,0
66215,0
66216,1
66217,1
66218,0
66219,0
66220,0
66221,0
66222,0
66223,0
66224,0
66225,0
66226,0
66227,0
66228,0
66229,0
66230,0
66231,0
66232,1
66235,0
66236,0
66237,0
66239,0
66240,0
66241,0
66242,0
66243,0
66244,0
66245,0
66246,1
66247,0
66248,1
66249,1
66250,1
66251,1
66252,1
66253,0
66254,0
66255,0
66256,0
66257,0
66258,0
66259,0
66260,0
66261,1
66262,0
66264,1
66265,0
66266,0
66267,0
66268,1
66269,0
66272,0
66273,0
66274,0
66275,0
66276,0
66277,0
66278,1
66279,0
66280,1
66281,0
66282,0
66283,0
66284,1
66285,1
66286,0
66288,0
66289,0
66290,1
66291,0
66292,1
66293,0
66294,1
66295,1
66296,1
66297,1
66298,1
66299,1
66300,0
66301,0
66302,0
66303,0
66304,0
66305,1
66306,0
66307,0
66309,0
66310,0
66311,0
66313,0
66314,0
66316,1
66317,0
66318,1
66319,0
66320,0
66321,0
66322,0
66323,0
66324,0
66325,0
66327,0
66328,0
66329,0
66330,0
66331,1
66332,0
66333,0
66334,0
66335,0
66336,0
66338,0
66339,0
66340,0
66341,0
66342,0
66343,0
66344,1
66345,0
66346,0
66347,0
66348,1
66349,1
66350,1
66351,1
66352,0
66353,0
66354,1
66356,0
66357,0
66358,0
66359,0
66360,1
66361,0
66362,1
66363,1
66364,1
66365,1
66366,0
66368,0
66370,0
66372,0
66373,0
66374,0
66376,0
66377,0
66378,0
66379,0
66380,0
66381,1
66382,1
66383,0
66384,1
66385,1
66386,1
66387,0
66388,0
66389,0
66391,0
66392,0
66393,0
66394,0
66396,0
66397,0
66399,0
66400,0
66401,0
66402,0
66403,0
66404,0
66405,0
66406,0
66407,0
66409,0
66410,0
66411,0
66412,0
66413,0
66414,0
66415,0
66416,0
66417,0
66418,1
66419,0
66420,0
66421,1
66422,0
66426,0
66427,0
66429,1
66430,1
66431,0
66432,0
66434,1
66435,0
66436,1
66437,0
66438,0
66439,0
66440,0
66441,0
66442,0
66444,1
66445,0
66446,1
66447,0
66448,1
66449,0
66450,0
66452,0
66453,1
66455,0
66456,0
66457,0
66458,0
66459,0
66460,1
66461,0
66462,0
66463,0
66464,1
66465,0
66466,1
66467,0
66468,0
66469,0
66470,0
66471,0
66472,0
66473,0
66474,0
66476,0
66477,0
66478,0
66479,0
66480,0
66481,0
66482,0
66483,0
66484,0
66485,0
66487,0
66488,0
66489,0
66490,0
66491,1
66492,0
66493,0
66494,0
66495,0
66496,0
66497,0
66498,0
66499,1
66500,0
66501,0
66502,0
66503,0
66504,1
66505,0
66506,0
66507,0
66508,1
66509,0
66511,0
66512,1
66513,0
66514,0
66515,0
66516,0
66517,1
66518,1
66519,0
66520,1
66521,0
66522,0
66523,0
66524,1
66525,0
66526,0
66527,0
66529,0
66530,1
66531,0
66532,0
66533,0
66534,0
66535,1
66536,0
66537,1
66539,0
66540,0
66541,1
66542,1
66543,0
66544,0
66545,0
66546,0
66547,1
66549,0
66550,0
66552,0
66553,0
66555,0
66556,0
66557,0
66558,0
66559,0
66560,0
66561,0
66562,0
66563,0
66564,0
66565,0
66566,0
66567,0
66568,0
66569,0
66570,0
66573,0
66574,1
66575,0
66576,0
66577,0
66578,1
66579,1
66580,1
66581,0
66582,1
66583,0
66584,0
66585,0
66586,1
66587,0
66588,0
66590,1
66591,1
66592,0
66593,0
66594,0
66595,0
66596,0
66597,1
66598,1
66599,1
66601,0
66602,1
66603,0
66604,1
66605,1
66607,1
66608,1
66609,1
66610,1
66611,1
66612,0
66613,0
66614,0
66615,0
66616,0
66617,0
66618,0
66619,1
66620,0
66622,0
66624,0
66625,0
66626,0
66627,0
66628,0
66629,0
66630,0
66631,0
66632,0
66633,0
66634,0
66635,1
66636,1
66637,0
66638,0
66639,0
66640,0
66641,0
66642,0
66643,1
66644,0
66645,0
66646,0
66647,0
66648,0
66649,1
66650,0
66651,0
66652,0
66653,0
66654,0
66655,1
66656,1
66657,0
66658,0
66659,0
66660,1
66661,0
66662,1
66663,0
66665,1
66666,0
66667,1
66668,0
66669,0
66670,0
66671,0
66672,1
66673,1
66674,1
66675,1
66676,1
66677,1
66678,1
66679,1
66680,0
66681,1
66682,0
66683,0
66684,1
66688,0
66689,0
66690,0
66691,0
66693,0
66694,1
66696,0
66698,1
66699,1
66700,1
66701,1
66702,0
66703,1
66704,1
66705,1
66706,0
66707,0
66708,1
66709,0
66710,1
66712,1
66713,1
66714,1
66715,1
66716,1
66717,0
66718,0
66719,0
66720,0
66721,0
66722,0
66723,0
66724,0
66725,0
66726,1
66727,0
66728,0
66729,0
66730,0
66731,0
66732,0
66733,1
66734,0
66735,0
66736,0
66737,0
66738,0
66739,0
66740,1
66741,0
66742,0
66743,0
66744,1
66745,0
66746,0
66747,0
66748,0
66749,0
66750,0
66751,0
66752,0
66753,1
66754,1
66755,1
66756,1
66757,0
66758,0
66759,1
66760,0
66761,0
66762,0
66763,0
66764,0
66765,0
66766,0
66767,0
66768,0
66769,0
66770,0
66771,0
66772,0
66773,1
66774,0
66775,0
66776,1
66778,0
66779,1
66780,0
66781,1
66782,0
66784,0
66785,1
66786,1
66787,0
66788,0
66789,1
66790,1
66791,1
66793,1
66794,0
66795,0
66796,0
66797,0
66798,0
66799,0
66800,0
66801,1
66802,0
66803,0
66804,0
66805,0
66806,0
66808,0
66809,0
66810,1
66811,0
66812,0
66813,0
66814,0
66815,1
66816,0
66817,0
66818,0
66819,0
66820,0
66821,0
66822,0
66823,0
66824,0
66825,0
66826,1
66827,1
66828,1
66829,0
66830,1
66831,1
66832,1
66834,1
66835,1
66836,0
66837,0
66838,0
66839,0
66840,1
66841,0
66842,1
66843,0
66844,0
66845,0
66846,0
66847,0
66848,0
66849,0
66850,0
66852,0
66853,0
66854,0
66855,0
66856,0
66857,1
66858,0
66859,0
66860,0
66861,0
66862,0
66863,1
66864,0
66865,0
66866,0
66867,1
66868,0
66869,0
66870,0
66871,0
66872,0
66873,0
66874,0
66875,1
66876,0
66877,0
66878,0
66879,0
66880,0
66881,0
66882,0
66883,1
66884,0
66886,0
66887,0
66888,0
66889,0
66890,0
66891,0
66892,0
66893,0
66894,0
66895,0
66896,0
66897,0
66898,0
66899,0
66900,0
66901,0
66902,1
66903,1
66904,0
66905,0
66906,0
66907,0
66908,0
66909,0
66910,0
66911,0
66912,0
66913,0
66914,0
66915,0
66916,0
66917,0
66918,1
66919,1
66920,1
66921,1
66922,0
66923,0
66924,0
66925,0
66926,0
66927,0
66928,0
66929,0
66930,0
66931,0
66932,0
66933,1
66934,0
66935,1
66936,0
66937,0
66938,0
66939,0
66941,0
66942,0
66943,0
66944,0
66945,0
66946,0
66947,1
66949,1
66950,1
66951,0
66952,1
66953,0
66954,1
66955,0
66956,0
66957,0
66958,0
66959,0
66960,1
66961,0
66962,0
66963,1
66964,0
66965,0
66967,1
66968,0
66969,0
66970,0
66971,0
66972,0
66973,0
66974,0
66975,0
66976,0
66977,0
66978,0
66979,0
66981,1
66982,1
66983,0
66984,0
66985,1
66986,0
66987,0
66988,0
66989,0
66990,0
66991,0
66992,0
66993,0
66994,1
66995,0
66996,0
66997,1
66998,1
66999,1
67000,0
67001,0
67002,0
67003,0
67004,0
67005,1
67006,0
67007,0
67008,0
67009,0
67010,0
67011,1
67012,0
67013,0
67014,0
67015,0
67016,0
67017,1
67018,0
67019,0
67020,1
67021,1
67022,1
67023,1
67024,0
67026,0
67027,0
67028,0
67029,1
67030,0
67031,0
67032,0
67033,0
67034,0
67035,0
67036,0
67037,0
67038,0
67039,0
67040,0
67041,0
67042,0
67043,1
67044,1
67046,1
67047,1
67048,0
67050,1
67051,0
67052,1
67053,0
67054,1
67055,1
67056,1
67058,0
67059,0
67060,0
67061,0
67062,1
67063,0
67064,0
67065,0
67066,1
67067,1
67068,1
67069,1
67070,0
67071,0
67073,0
67074,1
67075,1
67076,0
67077,1
67078,1
67079,1
67080,1
67081,1
67082,0
67083,1
67084,1
67085,1
67088,1
67089,1
67090,0
67091,1
67092,1
67093,0
67094,1
67095,0
67096,0
67097,0
67098,0
67099,0
67100,0
67101,1
67102,0
67103,0
67104,1
67105,0
67106,0
67107,0
67108,0
67109,1
67110,0
67111,0
67112,0
67113,1
67114,0
67115,0
67116,0
67117,0
67118,1
67119,0
67120,1
67121,0
67122,0
67123,0
67124,0
67125,0
67126,0
67127,0
67128,0
67129,1
67130,0
67131,0
67133,0
67134,0
67135,0
67137,1
67138,0
67139,0
67140,0
67141,0
67142,0
67143,1
67144,0
67145,1
67146,0
67147,0
67150,0
67151,0
67152,0
67153,0
67154,0
67157,0
67159,0
67160,1
67161,0
67162,0
67163,0
67164,0
67165,1
67166,0
67167,1
67168,0
67169,0
67170,0
67171,0
67172,0
67173,0
67174,0
67175,0
67176,1
67177,1
67178,1
67179,1
67180,0
67181,0
67182,0
67183,0
67184,0
67185,0
67186,1
67187,0
67188,0
67189,0
67190,0
67191,0
67192,0
67193,1
67194,0
67196,0
67197,0
67198,0
67199,0
67200,1
67201,0
67202,1
67203,0
67204,0
67205,0
67206,0
67207,0
67208,0
67209,0
67210,0
67211,0
67212,0
67213,0
67214,0
67215,0
67216,0
67217,0
67218,0
67219,1
67220,0
67221,0
67222,0
67223,0
67224,0
67225,0
67226,0
67227,0
67228,1
67229,0
67230,0
67231,0
67232,0
67233,0
67234,0
67235,0
67236,0
67237,1
67238,0
67239,0
67240,0
67241,0
67242,1
67243,1
67244,0
67245,0
67246,0
67247,0
67248,1
67249,0
67250,1
67251,0
67252,0
67253,0
67254,0
67255,1
67256,0
67257,0
67258,0
67259,1
67260,0
67261,0
67262,0
67263,1
67264,0
67265,1
67266,0
67267,0
67268,1
67269,0
67270,0
67271,0
67272,0
67273,0
67274,1
67275,0
67277,0
67278,0
67279,0
67280,0
67281,0
67282,0
67283,0
67285,0
67286,1
67287,0
67288,0
67289,0
67290,0
67291,0
67292,0
67293,0
67294,0
67295,0
67296,0
67297,0
67298,0
67299,0
67300,0
67301,0
67302,0
67303,0
67304,0
67305,0
67306,0
67307,0
67308,0
67309,0
67310,0
67311,0
67312,1
67313,0
67314,0
67315,0
67316,0
67317,0
67318,0
67319,0
67320,0
67321,0
67322,0
67323,0
67324,0
67325,0
67326,0
67327,0
67329,0
67330,0
67331,0
67332,1
67333,0
67334,1
67335,0
67336,0
67337,1
67338,0
67339,0
67340,0
67341,1
67342,0
67343,0
67344,0
67345,0
67346,0
67347,0
67348,1
67349,0
67350,0
67351,0
67352,0
67354,0
67355,0
67356,0
67358,0
67359,0
67360,0
67361,0
67362,0
67363,1
67364,0
67365,0
67366,0
67368,0
67369,0
67370,1
67371,0
67372,0
67373,1
67374,1
67375,0
67376,0
67377,0
67378,0
67379,0
67380,0
67381,0
67382,0
67383,0
67384,0
67385,0
67386,0
67387,0
67388,0
67389,1
67390,0
67391,0
67392,0
67393,1
67394,0
67395,0
67396,0
67397,1
67398,1
67399,0
67400,0
67401,0
67402,1
67403,1
67404,0
67405,0
67407,0
67408,1
67409,1
67410,0
67411,0
67412,0
67413,1
67414,0
67415,0
67416,1
67417,0
67418,1
67419,0
67420,0
67421,0
67422,1
67423,0
67424,0
67425,0
67426,0
67427,1
67428,0
67429,0
67430,0
67431,0
67432,0
67433,0
67434,1
67435,0
67436,0
67437,1
67438,0
67440,0
67441,0
67442,0
67443,0
67444,0
67445,0
67446,0
67447,1
67448,0
67449,0
67450,0
67451,1
67452,0
67453,1
67454,0
67455,0
67456,0
67457,0
67458,0
67459,0
67460,0
67461,0
67462,0
67463,0
67464,0
67465,0
67466,0
67467,0
67468,0
67469,0
67470,0
67471,0
67472,1
67473,0
67474,0
67475,0
67476,0
67477,0
67478,0
67481,0
67482,0
67483,0
67484,0
67485,0
67486,0
67487,0
67488,0
67489,0
67490,0
67491,1
67492,0
67494,0
67495,1
67496,0
67497,0
67498,1
67499,1
67500,0
67501,0
67502,0
67503,0
67504,0
67505,0
67506,0
67508,1
67509,0
67510,0
67511,0
67512,0
67513,0
67514,1
67515,0
67516,1
67517,0
67518,0
67519,1
67520,0
67521,0
67522,0
67523,0
67524,0
67525,0
67526,1
67527,1
67528,0
67529,0
67530,0
67531,0
67532,1
67533,0
67534,0
67535,0
67536,0
67537,1
67538,1
67539,0
67540,0
67541,0
67542,1
67543,0
67544,0
67545,0
67546,1
67547,0
67548,0
67549,0
67550,0
67551,1
67552,1
67553,1
67554,0
67555,0
67556,0
67557,0
67559,0
67560,1
67561,1
67562,1
67563,1
67566,0
67567,1
67568,1
67569,1
67570,1
67571,1
67572,0
67573,0
67574,0
67575,0
67576,0
67577,0
67578,0
67579,0
67580,0
67581,1
67582,1
67583,0
67584,0
67585,0
67586,0
67587,0
67588,0
67589,0
67590,0
67591,0
67592,0
67593,1
67594,0
67595,1
67596,0
67598,0
67599,1
67600,0
67601,0
67602,0
67603,1
67604,1
67605,1
67606,0
67607,0
67608,1
67609,1
67610,0
67611,0
67613,0
67615,0
67616,1
67617,0
67618,0
67619,0
67620,0
67621,1
67622,1
67623,0
67624,0
67625,1
67626,0
67627,0
67628,0
67629,0
67630,0
67631,0
67632,0
67633,0
67634,0
67635,0
67636,0
67637,0
67638,0
67639,0
67640,0
67641,0
67642,0
67643,1
67644,0
67645,0
67646,1
67647,0
67648,0
67649,0
67650,0
67651,0
67652,0
67653,0
67654,0
67655,1
67656,1
67657,0
67658,1
67659,0
67660,0
67661,1
67662,0
67663,0
67664,0
67665,0
67666,0
67667,1
67668,1
67669,1
67671,0
67672,1
67673,0
67674,0
67675,0
67676,0
67677,0
67678,0
67679,0
67680,0
67681,0
67682,0
67683,0
67684,1
67685,0
67686,0
67687,1
67688,0
67690,0
67691,0
67692,0
67693,1
67694,0
67695,0
67696,0
67697,0
67698,0
67699,0
67700,0
67701,0
67702,0
67703,1
67704,0
67705,0
67706,0
67707,0
67708,0
67709,1
67710,0
67711,0
67712,1
67713,1
67714,0
67715,0
67716,0
67717,0
67718,0
67719,0
67720,0
67721,0
67722,1
67723,1
67724,0
67725,0
67728,1
67729,0
67730,0
67731,0
67734,0
67735,0
67736,1
67737,1
67738,0
67739,0
67740,1
67741,1
67742,0
67743,0
67744,0
67745,0
67746,0
67747,0
67748,1
67749,0
67750,0
67751,0
67752,0
67753,1
67754,0
67755,0
67756,0
67757,0
67758,0
67760,0
67761,0
67762,0
67763,1
67764,0
67765,1
67766,0
67767,0
67768,0
67769,0
67770,0
67771,1
67772,1
67774,0
67775,0
67776,0
67777,0
67778,0
67779,1
67780,1
67782,1
67783,0
67784,0
67785,0
67788,0
67789,1
67790,0
67791,0
67792,1
67793,1
67794,1
67795,1
67797,0
67798,0
67799,0
67800,0
67802,0
67803,0
67806,0
67807,0
67808,0
67809,0
67810,1
67811,1
67812,0
67813,0
67814,0
67815,0
67816,0
67817,0
67818,0
67819,0
67820,0
67823,0
67824,1
67825,0
67826,1
67827,0
67828,0
67829,0
67830,0
67831,0
67832,0
67833,1
67834,0
67835,0
67836,0
67837,0
67838,1
67839,0
67840,0
67841,0
67842,0
67843,0
67844,0
67845,0
67846,0
67847,0
67849,0
67850,0
67851,0
67852,0
67854,1
67855,0
67856,0
67857,0
67859,0
67860,0
67861,0
67862,1
67863,0
67865,1
67866,0
67867,1
67868,0
67869,0
67870,1
67871,0
67872,0
67873,0
67874,0
67875,0
67876,0
67877,0
67878,0
67879,0
67880,1
67881,0
67882,0
67883,0
67884,0
67886,1
67887,1
67889,0
67890,0
67891,0
67893,1
67894,1
67895,1
67896,0
67897,0
67898,0
67899,0
67900,1
67901,0
67902,1
67903,0
67906,0
67907,1
67908,0
67909,0
67910,1
67911,0
67912,1
67913,0
67914,0
67915,0
67916,0
67918,0
67919,1
67920,1
67921,0
67922,0
67923,0
67925,0
67927,1
67928,0
67929,0
67930,0
67931,0
67932,0
67933,0
67934,1
67935,0
67936,0
67937,0
67938,0
67939,0
67940,1
67942,1
67945,1
67946,1
67947,0
67949,1
67950,1
67951,0
67952,1
67953,0
67954,1
67955,1
67956,0
67957,1
67958,0
67959,1
67960,0
67961,0
67962,1
67963,1
67964,1
67965,1
67966,1
67967,1
67970,1
67971,1
67972,1
67973,0
67974,1
67975,1
67977,1
67978,1
67979,1
67980,1
67981,1
67982,1
67983,1
67984,1
67985,1
67986,1
67987,1
67988,1
67989,1
67990,1
67991,1
67992,1
67993,0
67994,1
67995,1
67997,0
67998,0
67999,0
68000,0
68001,1
68002,0
68003,1
68004,0
68005,1
68006,1
68008,0
68009,1
68010,0
68011,1
68012,1
68014,0
68015,0
68016,1
68017,0
68018,1
68019,0
68020,0
68021,1
68022,1
68023,0
68024,1
68025,1
68026,1
68028,1
68029,0
68031,1
68032,0
68033,0
68035,0
68037,0
68038,0
68039,1
68040,1
68041,0
68042,1
68043,1
68044,0
68045,0
68046,0
68047,0
68048,0
68049,0
68050,1
68051,1
68052,0
68053,0
68054,1
68055,0
68057,0
68058,0
68060,1
68061,1
68062,0
68063,0
68064,0
68066,0
68068,1
68069,1
68072,1
68073,0
68074,0
68075,1
68076,0
68077,0
68078,0
68080,0
68081,0
68082,1
68083,1
68084,0
68087,0
68088,0
68089,0
68090,0
68091,0
68092,1
68093,1
68094,0
68095,1
68097,1
68098,0
68099,0
68100,0
68101,0
68102,0
68103,0
68104,1
68105,1
68106,0
68107,0
68108,0
68109,1
68110,0
68111,1
68112,1
68113,0
68114,0
68115,0
68116,0
68117,0
68118,0
68119,0
68120,0
68121,0
68122,0
68123,0
68124,0
68125,1
68126,0
68127,0
68128,0
68129,1
68130,0
68132,0
68133,0
68134,0
68135,1
68136,0
68137,0
68139,0
68140,0
68141,1
68142,0
68143,1
68144,0
68145,1
68146,0
68147,0
68148,0
68149,0
68150,0
68153,0
68154,0
68155,1
68156,0
68157,1
68158,1
68159,0
68160,0
68161,0
68162,0
68163,0
68165,0
68166,0
68167,0
68168,0
68169,0
68170,0
68171,0
68173,0
68174,0
68175,0
68176,1
68177,1
68178,1
68179,1
68181,1
68182,1
68183,1
68184,0
68185,0
68187,0
68188,1
68189,0
68190,0
68191,0
68192,0
68193,0
68194,0
68195,0
68196,1
68197,0
68198,0
68199,0
68200,0
68201,0
68202,1
68203,1
68204,1
68205,0
68206,0
68207,1
68208,0
68209,0
68210,0
68211,0
68213,1
68214,0
68215,0
68216,1
68218,1
68219,0
68220,0
68221,0
68222,0
68223,0
68225,0
68226,0
68227,0
68228,1
68229,0
68230,0
68231,0
68232,0
68233,0
68235,0
68236,1
68238,0
68239,0
68240,0
68241,0
68242,0
68243,1
68245,1
68246,1
68248,0
68249,0
68250,1
68251,1
68252,1
68253,0
68254,0
68255,0
68257,1
68258,0
68259,1
68260,0
68261,0
68262,1
68263,0
68265,0
68266,0
68267,1
68268,0
68269,1
68270,1
68271,0
68272,0
68273,0
68275,0
68276,0
68277,1
68278,0
68279,0
68280,1
68281,0
68283,0
68284,1
68285,0
68286,1
68287,0
68288,0
68289,1
68290,0
68291,0
68292,0
68293,0
68295,1
68297,0
68298,0
68299,1
68300,0
68301,1
68303,1
68304,0
68305,0
68306,1
68307,0
68308,0
68309,0
68310,0
68311,0
68313,0
68314,0
68315,1
68316,1
68317,0
68318,1
68319,0
68320,0
68321,1
68322,0
68323,0
68324,0
68326,0
68327,1
68328,0
68329,0
68330,0
68331,0
68332,0
68334,0
68335,0
68336,0
68337,0
68338,0
68339,0
68340,0
68343,0
68344,0
68345,0
68346,1
68347,0
68348,0
68349,0
68350,0
68351,0
68352,0
68353,0
68354,0
68355,0
68356,1
68357,1
68358,1
68359,0
68360,0
68361,1
68362,0
68363,1
68364,1
68365,0
68366,0
68367,0
68368,0
68369,0
68370,1
68372,0
68373,1
68374,0
68375,0
68376,0
68377,0
68378,0
68379,0
68380,0
68381,1
68382,1
68383,1
68384,1
68385,0
68386,0
68387,0
68388,0
68389,1
68390,1
68391,0
68392,0
68393,0
68394,0
68395,0
68396,1
68397,0
68398,1
68399,0
68400,0
68401,0
68402,0
68403,0
68404,1
68405,1
68407,1
68408,0
68409,0
68410,0
68411,0
68412,0
68413,0
68414,1
68415,0
68416,0
68417,0
68419,0
68420,0
68421,0
68422,0
68423,0
68424,0
68425,0
68426,1
68427,0
68428,0
68430,1
68431,1
68432,1
68433,0
68434,0
68436,0
68437,1
68438,0
68439,0
68440,1
68441,0
68442,0
68443,1
68444,1
68445,1
68446,0
68447,1
68448,0
68449,0
68450,1
68451,0
68452,0
68453,0
68454,0
68455,0
68456,1
68457,0
68458,1
68459,0
68460,0
68461,1
68462,0
68463,0
68465,0
68466,0
68467,0
68468,0
68469,0
68470,0
68472,0
68473,0
68474,1
68475,1
68476,0
68478,0
68479,0
68480,1
68481,0
68482,0
68483,0
68484,0
68485,0
68486,0
68487,0
68489,1
68491,1
68492,0
68493,0
68494,0
68495,1
68496,0
68498,0
68499,0
68500,0
68501,0
68502,0
68503,1
68504,0
68505,0
68506,0
68507,0
68508,1
68509,0
68510,1
68511,0
68512,0
68513,0
68514,0
68515,1
68516,1
68518,0
68519,0
68520,1
68521,0
68522,0
68523,0
68524,0
68525,0
68527,0
68528,0
68529,0
68530,1
68531,0
68532,0
68533,0
68534,0
68535,0
68536,0
68537,0
68538,0
68539,0
68540,0
68541,0
68542,0
68543,0
68544,0
68545,0
68546,1
68547,0
68548,0
68549,0
68550,1
68551,1
68553,1
68554,0
68555,1
68556,0
68557,0
68558,0
68559,1
68560,0
68561,0
68563,0
68564,1
68565,0
68566,0
68567,0
68568,0
68569,0
68570,0
68571,0
68573,0
68574,1
68575,0
68576,0
68577,0
68578,0
68580,1
68581,1
68582,1
68583,0
68585,0
68586,0
68587,1
68589,0
68590,0
68591,0
68592,0
68593,0
68594,0
68595,0
68596,0
68597,0
68599,0
68600,0
68601,0
68602,0
68603,0
68604,0
68605,0
68606,0
68607,0
68608,0
68609,0
68610,0
68611,0
68612,0
68613,0
68614,0
68616,0
68617,0
68618,0
68619,0
68620,0
68622,0
68623,0
68624,0
68625,0
68626,0
68627,0
68628,0
68629,0
68630,1
68631,0
68632,0
68634,0
68635,0
68636,1
68637,0
68638,0
68639,0
68640,0
68641,0
68642,0
68643,0
68644,0
68645,0
68647,1
68648,0
68649,0
68650,1
68651,0
68652,0
68653,0
68654,0
68655,0
68656,1
68657,0
68658,0
68659,0
68660,0
68661,0
68662,0
68663,0
68664,0
68665,0
68666,0
68667,0
68668,0
68669,0
68670,0
68671,0
68672,0
68673,0
68675,0
68676,0
68677,0
68678,0
68679,0
68681,0
68682,0
68683,0
68684,0
68685,0
68686,0
68687,1
68688,0
68689,0
68690,0
68691,0
68692,0
68693,0
68694,0
68695,0
68696,0
68697,0
68698,1
68699,0
68700,0
68701,0
68702,0
68703,1
68704,0
68705,1
68706,0
68707,0
68708,1
68709,1
68710,0
68711,1
68712,0
68713,0
68714,0
68716,0
68719,0
68720,0
68721,0
68723,0
68724,0
68725,1
68726,0
68727,0
68728,1
68729,0
68730,0
68732,0
68733,1
68734,1
68735,0
68736,1
68737,0
68738,0
68739,0
68740,0
68741,0
68742,0
68743,0
68744,0
68745,0
68746,0
68747,1
68748,0
68749,0
68750,1
68752,0
68753,1
68754,0
68755,0
68756,1
68757,1
68758,0
68759,0
68760,0
68761,0
68762,0
68763,0
68764,1
68765,0
68766,0
68767,0
68768,1
68769,0
68770,0
68771,0
68772,0
68773,0
68774,0
68775,0
68776,0
68777,0
68778,0
68779,0
68780,0
68781,0
68782,0
68783,1
68784,1
68785,0
68786,0
68787,0
68788,0
68789,0
68790,0
68791,0
68793,0
68794,0
68796,0
68797,0
68798,0
68799,0
68800,0
68801,0
68802,1
68803,1
68804,0
68805,0
68806,1
68807,0
68808,0
68809,1
68810,1
68811,0
68812,0
68814,0
68815,0
68816,0
68817,0
68818,0
68819,1
68820,0
68821,1
68822,0
68823,0
68824,1
68825,0
68826,1
68827,1
68828,1
68829,0
68830,0
68831,1
68832,0
68833,0
68834,1
68835,1
68836,0
68837,0
68838,0
68839,0
68840,0
68841,0
68842,0
68843,1
68844,0
68845,1
68846,0
68847,0
68848,0
68849,0
68851,0
68852,0
68853,0
68854,0
68855,0
68856,0
68857,0
68858,1
68859,0
68860,1
68861,0
68862,1
68863,0
68864,0
68865,0
68866,0
68867,0
68868,0
68869,0
68870,0
68871,0
68872,0
68873,0
68874,1
68875,0
68876,0
68877,0
68878,0
68879,1
68880,1
68881,1
68882,0
68883,1
68885,0
68887,1
68888,1
68889,1
68890,1
68891,1
68892,1
68893,1
68894,0
68895,1
68896,0
68897,0
68898,0
68900,0
68901,0
68902,0
68903,0
68904,0
68906,0
68907,0
68908,0
68909,0
68911,0
68912,0
68913,1
68915,0
68916,1
68917,0
68918,0
68919,0
68920,0
68921,0
68922,1
68923,0
68924,0
68925,0
68926,0
68927,0
68928,1
68929,0
68930,0
68931,0
68932,0
68933,0
68934,1
68935,0
68936,0
68937,1
68938,0
68939,0
68940,1
68941,0
68942,0
68943,0
68944,0
68945,0
68946,0
68947,0
68948,0
68949,0
68950,0
68951,1
68952,0
68954,0
68955,0
68956,0
68957,0
68958,0
68959,0
68960,1
68961,0
68962,0
68963,1
68964,0
68965,0
68966,0
68967,0
68968,0
68969,1
68970,0
68971,0
68972,1
68973,1
68974,0
68975,0
68976,0
68977,0
68978,0
68979,0
68980,0
68981,0
68982,0
68983,0
68984,0
68985,0
68986,0
68987,1
68988,0
68989,1
68990,0
68991,0
68993,0
68994,1
68995,0
68996,0
68997,0
68998,0
68999,0
69000,0
69001,0
69002,0
69003,1
69004,0
69005,0
69006,0
69007,0
69008,0
69009,0
69010,0
69011,1
69012,0
69013,0
69014,0
69015,0
69016,0
69017,0
69018,0
69019,0
69020,0
69021,0
69022,0
69023,0
69024,0
69025,0
69026,0
69027,0
69028,0
69029,1
69030,0
69031,0
69032,1
69033,0
69034,0
69035,0
69036,0
69037,0
69038,1
69039,0
69040,0
69041,0
69042,0
69043,0
69044,0
69045,0
69047,0
69048,0
69049,0
69050,0
69051,0
69052,0
69053,0
69054,0
69056,1
69057,1
69058,0
69059,1
69060,0
69061,0
69062,0
69063,0
69064,0
69065,0
69066,0
69067,1
69068,1
69069,0
69070,1
69072,1
69073,1
69074,0
69075,0
69076,0
69077,1
69078,0
69079,0
69080,0
69081,0
69082,1
69083,0
69084,0
69085,0
69086,0
69087,0
69088,0
69089,0
69090,0
69091,0
69092,0
69093,1
69094,0
69095,0
69097,1
69098,0
69099,1
69100,0
69101,0
69102,0
69103,0
69104,0
69105,0
69106,0
69107,0
69108,0
69110,0
69111,1
69112,0
69113,0
69114,0
69115,0
69116,0
69117,1
69118,0
69119,0
69120,0
69121,1
69122,0
69123,1
69124,1
69125,1
69126,0
69127,0
69128,0
69129,0
69130,0
69132,1
69133,0
69134,0
69135,0
69136,0
69137,1
69138,1
69139,0
69140,1
69141,1
69142,0
69143,0
69144,0
69146,0
69147,1
69148,0
69149,1
69150,0
69151,0
69152,1
69153,0
69155,1
69156,0
69157,0
69158,0
69159,0
69160,0
69161,0
69162,0
69163,0
69164,1
69165,1
69166,0
69167,1
69168,0
69169,0
69170,0
69172,0
69173,1
69174,0
69175,1
69176,0
69177,1
69178,1
69180,1
69181,1
69182,1
69183,1
69185,0
69186,0
69187,1
69188,1
69189,0
69190,1
69191,1
69192,1
69193,1
69194,1
69196,0
69197,0
69199,0
69200,0
69201,0
69202,0
69203,1
69204,0
69205,0
69206,1
69207,1
69208,0
69209,0
69210,0
69211,0
69212,0
69213,0
69214,0
69215,0
69216,1
69217,1
69218,1
69219,1
69220,1
69221,0
69222,0
69223,0
69224,0
69225,0
69226,0
69227,0
69228,0
69230,0
69231,0
69232,0
69233,0
69235,0
69236,0
69237,0
69238,0
69239,0
69240,0
69241,0
69242,0
69243,0
69244,0
69246,0
69247,0
69248,0
69251,0
69252,0
69253,0
69254,0
69255,0
69256,0
69257,0
69258,0
69259,0
69260,0
69261,1
69262,1
69263,0
69264,0
69265,0
69266,0
69267,0
69268,0
69269,1
69270,0
69271,0
69272,0
69273,0
69274,0
69275,1
69276,1
69277,0
69278,0
69279,1
69280,0
69281,1
69282,0
69283,1
69284,0
69285,0
69286,0
69287,1
69288,1
69289,0
69290,0
69291,0
69292,1
69293,0
69294,0
69295,1
69296,0
69297,0
69298,0
69299,0
69300,0
69301,1
69302,1
69303,0
69304,1
69305,0
69307,0
69308,0
69309,0
69310,0
69311,0
69312,1
69313,0
69314,0
69315,0
69316,0
69317,0
69318,0
69319,0
69320,0
69321,0
69322,0
69323,0
69324,0
69325,0
69326,0
69327,0
69328,0
69329,1
69330,0
69331,0
69332,0
69334,1
69335,0
69336,0
69337,0
69338,0
69339,0
69340,1
69341,0
69342,1
69343,0
69344,0
69345,0
69346,0
69347,1
69348,0
69349,0
69350,1
69351,0
69352,0
69353,0
69354,0
69355,0
69356,0
69357,1
69358,1
69359,0
69360,0
69361,0
69362,0
69363,0
69365,0
69366,0
69368,1
69369,1
69370,1
69371,1
69372,0
69373,1
69374,1
69375,0
69376,0
69377,0
69378,0
69379,0
69380,0
69381,1
69382,1
69383,0
69384,0
69385,0
69386,0
69387,0
69388,1
69389,0
69390,0
69391,1
69392,0
69393,0
69395,0
69396,0
69397,1
69398,1
69399,0
69400,0
69401,0
69402,0
69403,1
69404,1
69405,1
69406,0
69407,0
69408,0
69409,0
69410,0
69411,0
69413,0
69414,0
69415,0
69416,0
69417,0
69418,1
69419,0
69420,0
69421,0
69422,0
69423,0
69424,0
69425,0
69427,0
69428,0
69429,0
69431,0
69432,0
69433,0
69434,0
69435,0
69436,0
69437,0
69438,0
69439,0
69440,0
69443,0
69444,1
69446,1
69447,0
69448,0
69449,0
69450,1
69451,0
69452,0
69453,0
69454,0
69455,0
69456,0
69457,0
69458,0
69459,0
69460,0
69461,0
69462,0
69463,0
69464,0
69465,0
69466,0
69467,0
69468,0
69469,0
69470,0
69471,0
69474,1
69475,0
69476,1
69477,1
69478,0
69479,0
69482,1
69488,0
69489,0
69490,0
69491,0
69492,0
69494,0
69495,0
69496,0
69497,0
69499,0
69500,0
69501,0
69502,0
69503,0
69504,0
69505,0
69507,1
69509,0
69510,0
69511,0
69512,0
69513,0
69514,0
69515,0
69516,0
69518,0
69519,0
69520,0
69521,0
69522,1
69523,0
69524,0
69525,1
69526,1
69527,1
69529,1
69530,1
69531,0
69532,0
69533,0
69535,0
69537,0
69538,0
69540,0
69541,0
69542,0
69543,0
69544,1
69545,0
69546,0
69547,0
69548,0
69549,0
69550,0
69552,0
69553,0
69554,0
69555,0
69556,0
69557,0
69559,0
69560,0
69561,0
69562,0
69563,0
69564,1
69565,0
69566,0
69567,0
69568,1
69569,0
69570,0
69571,1
69572,0
69573,0
69574,0
69575,0
69576,0
69577,0
69578,0
69579,0
69580,0
69581,0
69582,0
69583,0
69584,0
69585,0
69586,0
69587,0
69588,0
69589,0
69590,1
69591,0
69592,0
69593,0
69594,0
69595,0
69596,1
69597,0
69598,0
69599,1
69600,1
69601,0
69602,0
69603,1
69604,0
69605,0
69606,0
69607,0
69608,0
69609,0
69610,0
69611,1
69612,0
69613,0
69614,0
69615,0
69616,0
69617,0
69618,0
69619,0
69620,0
69622,0
69623,0
69624,0
69625,0
69626,0
69627,0
69628,0
69629,0
69630,1
69631,0
69632,0
69633,0
69635,0
69636,0
69637,1
69638,1
69639,0
69640,0
69641,0
69642,0
69643,0
69644,0
69645,0
69646,0
69647,0
69649,0
69650,1
69651,0
69652,1
69653,0
69654,0
69655,0
69656,0
69657,1
69658,0
69659,1
69660,0
69661,0
69662,0
69663,0
69664,0
69666,0
69667,0
69668,0
69669,0
69670,0
69671,0
69672,0
69673,1
69674,0
69675,0
69676,0
69677,0
69679,0
69680,0
69682,0
69683,0
69684,1
69685,0
69686,0
69687,0
69688,1
69689,0
69690,0
69691,0
69692,0
69693,0
69694,0
69695,0
69696,0
69698,0
69699,0
69700,0
69701,0
69702,0
69703,0
69704,0
69706,0
69707,0
69708,0
69709,0
69710,0
69711,0
69712,0
69713,0
69714,0
69715,0
69716,0
69717,1
69718,0
69719,0
69720,0
69721,1
69722,0
69723,1
69724,0
69725,0
69726,0
69727,0
69728,0
69729,0
69730,1
69731,0
69732,0
69733,0
69734,0
69735,1
69736,1
69737,0
69738,0
69739,0
69740,1
69741,0
69742,0
69743,1
69744,0
69745,0
69746,0
69747,0
69748,0
69749,0
69750,1
69751,0
69752,0
69753,0
69754,1
69755,0
69756,0
69757,0
69758,0
69759,0
69760,0
69761,0
69762,0
69763,0
69764,1
69765,0
69766,0
69767,0
69768,1
69769,0
69770,1
69771,0
69772,0
69773,0
69774,1
69775,0
69776,0
69777,1
69778,0
69779,0
69780,0
69781,0
69782,0
69783,0
69784,1
69785,1
69786,0
69787,1
69790,1
69792,0
69793,1
69794,0
69795,1
69796,1
69797,0
69798,0
69799,1
69800,0
69801,0
69802,0
69803,0
69807,0
69808,1
69809,1
69810,1
69812,1
69813,0
69814,0
69815,1
69816,0
69817,0
69818,0
69819,0
69821,0
69822,0
69823,0
69824,0
69825,0
69826,0
69827,0
69828,0
69829,1
69830,1
69831,0
69832,0
69833,0
69834,0
69835,0
69837,0
69838,0
69839,1
69840,1
69841,0
69842,0
69843,0
69844,0
69845,0
69846,0
69847,0
69848,0
69849,0
69850,0
69852,0
69853,0
69854,0
69855,0
69856,0
69857,0
69858,0
69859,0
69860,0
69861,0
69862,0
69864,0
69865,0
69866,0
69867,0
69868,0
69869,0
69871,0
69872,1
69873,0
69874,0
69875,0
69876,0
69877,0
69878,1
69879,1
69880,1
69881,0
69882,0
69883,0
69884,0
69885,0
69886,0
69887,0
69888,0
69889,0
69890,1
69891,0
69892,0
69893,0
69894,0
69895,0
69896,0
69897,0
69898,0
69899,0
69900,0
69901,0
69902,0
69903,0
69905,0
69906,0
69907,0
69908,1
69909,0
69911,0
69912,1
69913,1
69914,0
69915,0
69916,0
69917,0
69918,0
69919,0
69920,1
69921,0
69922,0
69923,0
69924,1
69926,0
69927,1
69929,0
69930,0
69931,1
69932,1
69933,0
69934,0
69935,1
69936,0
69937,0
69938,0
69939,0
69940,0
69941,0
69942,0
69943,0
69944,0
69946,0
69947,0
69948,0
69949,0
69950,0
69951,0
69952,0
69953,1
69954,0
69955,0
69956,0
69957,0
69959,0
69960,0
69961,0
69962,0
69963,0
69964,0
69965,0
69966,0
69967,0
69968,0
69969,0
69970,0
69971,0
69972,0
69973,0
69974,1
69976,0
69977,0
69978,0
69979,0
69980,0
69981,0
69982,1
69984,1
69985,0
69986,0
69987,1
69988,1
69989,0
69991,0
69992,0
69993,0
69994,0
69995,0
69996,1
69997,1
69998,0
69999,1
70000,0
70001,0
70002,0
70003,0
70004,0
70005,0
70006,0
70007,0
70008,0
70009,0
70010,0
70011,0
70012,0
70013,0
70014,0
70015,0
70016,0
70017,0
70018,0
70019,0
70020,0
70021,0
70022,0
70023,0
70024,0
70025,0
70026,0
70027,0
70028,0
70029,0
70030,0
70031,0
70032,0
70033,0
70034,0
70035,0
70036,0
70037,0
70038,0
70039,0
70040,0
70041,0
70042,0
70043,0
70044,0
70045,0
70046,0
70047,0
70048,0
70049,0
70051,0
70052,0
70053,0
70054,0
70055,0
70056,0
70057,0
70058,0
70059,0
70060,1
70061,0
70062,0
70063,0
70064,0
70065,0
70066,0
70067,0
70068,0
70069,0
70070,0
70071,0
70072,0
70073,0
70074,0
70075,0
70076,1
70077,0
70078,1
70079,0
70080,1
70081,0
70082,0
70083,0
70084,0
70085,0
70086,0
70087,0
70088,0
70089,0
70090,0
70091,1
70092,0
70095,1
70096,0
70097,0
70098,0
70099,0
70100,0
70101,0
70102,0
70103,0
70104,0
70105,0
70106,0
70107,0
70108,0
70109,0
70110,0
70111,1
70112,1
70113,0
70114,0
70115,0
70116,0
70118,0
70119,0
70120,0
70121,0
70122,0
70123,0
70124,0
70125,0
70126,0
70127,0
70128,0
70129,0
70130,0
70131,1
70132,1
70134,0
70135,0
70136,0
70137,0
70138,0
70139,0
70140,0
70141,1
70142,0
70143,0
70144,0
70145,0
70146,0
70147,1
70148,0
70149,0
70150,0
70151,0
70152,0
70153,0
70154,0
70155,1
70156,1
70157,1
70158,0
70159,0
70160,0
70161,1
70162,0
70163,0
70165,1
70166,0
70168,0
70169,1
70170,1
70171,0
70172,0
70173,0
70174,0
70175,0
70176,0
70177,0
70178,0
70179,1
70180,0
70181,0
70182,0
70183,0
70184,0
70185,0
70186,0
70187,0
70189,0
70190,0
70191,0
70192,0
70193,0
70194,1
70195,0
70196,0
70197,0
70198,0
70199,0
70200,0
70201,0
70202,0
70203,0
70204,1
70205,0
70206,0
70207,0
70208,0
70209,0
70210,1
70211,0
70212,0
70213,0
70214,0
70215,0
70216,0
70217,0
70218,0
70219,1
70220,0
70221,0
70222,0
70223,0
70224,0
70225,0
70227,1
70228,0
70229,0
70230,0
70231,0
70232,0
70233,1
70234,0
70235,0
70236,0
70237,0
70239,0
70240,0
70241,0
70242,0
70244,0
70245,0
70246,0
70247,0
70248,1
70249,0
70250,0
70251,0
70252,1
70253,0
70254,0
70255,0
70256,1
70257,0
70258,0
70259,0
70261,0
70262,0
70263,0
70264,0
70265,0
70266,1
70267,1
70268,0
70269,0
70270,0
70271,0
70272,0
70273,0
70274,0
70275,0
70276,0
70277,0
70278,0
70279,0
70280,0
70281,1
70282,0
70283,1
70284,0
70285,0
70286,0
70287,0
70288,1
70289,1
70290,0
70291,0
70292,0
70293,0
70294,0
70295,0
70296,1
70297,0
70298,0
70299,0
70300,0
70301,0
70302,0
70303,0
70304,0
70305,0
70306,0
70309,0
70310,0
70311,0
70312,0
70313,0
70314,0
70315,0
70316,0
70317,0
70318,0
70319,0
70320,0
70321,0
70322,1
70323,0
70324,0
70326,1
70328,0
70329,0
70330,0
70331,0
70332,1
70333,0
70334,0
70335,0
70336,0
70337,0
70338,1
70339,0
70340,0
70341,0
70342,1
70343,0
70345,0
70349,0
70350,0
70351,0
70354,1
70355,0
70356,0
70357,1
70358,1
70359,0
70360,1
70361,1
70363,0
70364,1
70365,0
70366,1
70367,1
70369,0
70370,0
70371,0
70372,0
70373,0
70374,0
70375,0
70376,0
70377,0
70378,0
70379,0
70380,0
70381,0
70382,0
70383,0
70384,0
70385,1
70386,0
70387,0
70388,0
70389,0
70390,0
70391,0
70392,0
70393,0
70394,0
70395,0
70396,0
70397,0
70398,1
70399,0
70402,0
70403,0
70404,1
70405,0
70407,0
70408,0
70409,0
70410,0
70411,0
70412,0
70413,0
70414,1
70415,0
70416,0
70417,0
70418,0
70419,0
70420,0
70421,0
70422,0
70423,0
70424,0
70425,0
70426,0
70427,0
70428,1
70429,1
70430,0
70431,0
70432,0
70433,0
70434,0
70435,0
70436,0
70437,0
70438,0
70439,0
70440,0
70441,1
70442,1
70443,0
70446,0
70448,1
70449,0
70450,0
70451,0
70452,0
70453,0
70454,0
70455,0
70456,0
70457,0
70458,0
70459,1
70460,0
70461,0
70462,0
70463,1
70464,0
70465,0
70466,0
70467,0
70468,0
70469,0
70470,0
70471,0
70472,0
70474,0
70475,0
70476,0
70477,0
70478,0
70479,0
70480,0
70481,0
70482,1
70483,0
70484,0
70485,1
70487,0
70488,0
70489,1
70490,0
70491,1
70492,0
70493,0
70494,0
70495,0
70496,1
70497,0
70498,0
70499,0
70500,0
70501,1
70502,0
70503,0
70504,0
70505,0
70506,0
70507,0
70508,0
70509,0
70510,1
70511,0
70512,1
70513,0
70514,0
70515,0
70516,0
70518,0
70519,1
70520,0
70521,0
70522,0
70523,0
70524,0
70525,1
70526,0
70527,0
70528,1
70529,1
70530,0
70531,1
70532,1
70533,0
70534,1
70535,0
70536,0
70537,1
70538,1
70539,1
70540,0
70541,0
70542,1
70543,1
70544,1
70545,1
70546,0
70547,0
70548,0
70549,0
70550,0
70551,1
70552,1
70553,0
70554,0
70555,0
70556,0
70557,0
70558,0
70559,0
70560,0
70561,0
70562,0
70563,0
70564,0
70565,0
70566,0
70567,0
70568,0
70569,1
70570,0
70571,0
70572,0
70573,0
70574,0
70575,0
70576,0
70577,0
70578,0
70579,0
70580,1
70581,1
70582,0
70583,0
70584,0
70585,0
70586,0
70587,0
70588,0
70589,0
70590,0
70591,0
70592,0
70593,0
70595,0
70596,0
70597,1
70598,1
70599,0
70600,1
70601,0
70602,0
70603,0
70604,1
70605,0
70607,0
70608,1
70609,1
70610,0
70611,0
70612,0
70613,0
70614,0
70616,0
70617,0
70618,0
70619,0
70620,0
70621,0
70622,0
70624,0
70625,0
70626,0
70627,1
70628,1
70629,0
70631,1
70632,0
70633,0
70634,0
70635,0
70638,0
70639,0
70640,0
70641,0
70642,0
70643,0
70644,0
70645,0
70646,0
70647,0
70649,0
70650,0
70651,0
70652,0
70653,1
70654,0
70656,0
70657,0
70658,0
70659,0
70660,0
70661,0
70662,0
70663,0
70664,0
70665,1
70666,0
70667,0
70668,0
70669,0
70670,0
70671,0
70672,1
70674,0
70675,0
70676,0
70677,1
70679,0
70682,0
70683,0
70684,0
70685,1
70686,0
70687,0
70688,0
70689,0
70690,1
70691,0
70692,0
70693,0
70694,0
70695,0
70696,0
70697,0
70699,0
70700,0
70701,0
70702,0
70703,0
70704,0
70705,1
70706,0
70707,0
70708,0
70709,0
70710,0
70711,0
70712,1
70713,0
70714,0
70715,0
70716,0
70718,1
70719,0
70720,0
70721,1
70722,0
70723,0
70724,1
70725,0
70726,0
70727,1
70728,0
70729,1
70730,0
70731,0
70732,0
70733,0
70734,1
70735,0
70736,0
70737,1
70738,1
70739,1
70740,0
70741,0
70742,0
70743,1
70744,0
70745,1
70746,1
70747,0
70748,0
70749,0
70750,1
70751,0
70752,0
70753,0
70754,0
70755,1
70756,0
70757,0
70758,0
70759,0
70760,0
70761,1
70762,1
70763,0
70764,0
70765,0
70766,0
70767,0
70768,1
70769,0
70770,0
70772,0
70773,0
70774,0
70775,0
70777,0
70778,0
70779,0
70780,0
70781,0
70783,0
70784,0
70785,0
70786,0
70787,1
70788,0
70789,0
70790,0
70791,0
70792,0
70793,0
70794,0
70795,0
70796,0
70797,0
70798,0
70799,0
70800,0
70801,1
70802,0
70803,0
70804,0
70805,0
70806,0
70807,0
70808,0
70809,0
70810,0
70811,0
70812,0
70813,0
70814,1
70815,0
70817,0
70818,0
70819,0
70820,1
70821,0
70822,0
70823,1
70824,0
70825,0
70826,1
70827,0
70828,0
70829,0
70830,0
70831,1
70832,0
70833,0
70835,0
70836,0
70837,1
70838,0
70839,0
70840,1
70841,0
70842,0
70843,0
70845,0
70846,0
70847,1
70848,0
70849,0
70850,0
70851,1
70852,0
70853,0
70854,0
70855,0
70856,0
70857,0
70858,0
70859,0
70861,0
70862,0
70863,0
70864,1
70865,0
70866,0
70867,0
70869,0
70870,1
70871,1
70872,0
70873,0
70874,0
70875,0
70876,0
70877,0
70878,0
70879,0
70880,0
70881,0
70882,0
70883,0
70884,0
70885,0
70886,0
70887,0
70888,0
70889,0
70891,0
70894,0
70895,0
70896,0
70897,0
70898,0
70899,0
70900,0
70901,0
70902,0
70903,0
70905,0
70906,0
70907,1
70908,1
70909,0
70910,0
70911,0
70912,0
70913,0
70914,0
70915,0
70916,0
70917,0
70918,1
70919,1
70920,0
70921,0
70922,0
70923,0
70924,0
70925,1
70926,0
70927,0
70928,0
70929,0
70930,0
70931,0
70932,0
70933,0
70935,0
70936,1
70937,0
70938,1
70939,0
70940,0
70941,0
70942,0
70943,1
70944,0
70945,0
70946,0
70947,1
70948,0
70949,0
70950,0
70951,0
70952,0
70953,0
70954,1
70955,1
70956,0
70957,0
70958,0
70959,0
70960,0
70961,0
70962,1
70963,1
70964,0
70965,0
70966,0
70967,0
70968,0
70969,1
70970,1
70971,0
70972,0
70973,1
70974,0
70975,0
70976,0
70977,0
70978,0
70979,1
70980,0
70981,0
70982,0
70983,0
70984,0
70985,0
70988,0
70989,1
70990,0
70991,0
70992,0
70995,0
70996,0
70997,0
70998,0
70999,1
71000,0
71001,1
71002,0
71003,0
71004,0
71005,1
71006,1
71007,0
71008,0
71009,0
71010,0
71011,0
71013,1
71014,1
71016,0
71017,0
71018,1
71019,0
71020,1
71021,0
71022,0
71023,0
71024,0
71025,1
71026,0
71027,0
71028,0
71029,0
71030,0
71031,1
71032,0
71033,0
71034,0
71035,1
71036,1
71037,1
71038,1
71039,1
71040,0
71041,0
71042,1
71043,0
71044,1
71045,0
71046,0
71047,0
71048,0
71050,0
71051,0
71052,1
71053,0
71054,0
71055,0
71056,0
71058,0
71059,1
71060,1
71061,0
71062,0
71063,0
71064,0
71065,0
71066,0
71067,0
71068,1
71069,1
71071,0
71072,0
71073,0
71074,0
71075,0
71076,1
71077,0
71078,1
71079,1
71080,0
71081,0
71084,0
71086,0
71087,0
71088,0
71089,0
71090,0
71091,0
71092,0
71093,1
71094,0
71095,1
71096,0
71097,0
71098,0
71099,0
71100,1
71101,1
71102,0
71103,0
71104,0
71106,0
71107,0
71108,0
71109,0
71110,0
71111,0
71113,1
71114,0
71115,0
71117,0
71118,0
71119,0
71121,0
71122,1
71123,0
71124,0
71125,0
71126,0
71127,0
71128,0
71129,1
71130,0
71131,0
71132,0
71133,0
71134,0
71135,0
71136,0
71137,0
71138,1
71140,0
71141,0
71142,0
71143,0
71144,0
71145,0
71146,0
71147,0
71148,1
71149,0
71150,0
71151,0
71152,0
71153,0
71154,0
71155,0
71156,0
71157,0
71158,0
71159,0
71160,0
71161,0
71162,0
71163,0
71164,1
71166,0
71167,0
71168,1
71169,0
71170,0
71171,0
71172,1
71173,0
71174,1
71175,0
71177,1
71178,0
71179,1
71180,0
71181,0
71182,0
71183,0
71185,1
71186,1
71187,0
71188,1
71189,0
71190,1
71191,1
71192,0
71193,0
71194,0
71195,1
71196,0
71197,0
71198,0
71199,1
71200,0
71201,0
71202,0
71203,0
71204,0
71205,1
71206,0
71207,0
71208,0
71209,0
71210,1
71211,0
71212,1
71213,0
71214,0
71215,0
71216,1
71217,1
71218,0
71219,1
71220,0
71221,0
71222,0
71223,0
71224,1
71225,0
71226,0
71227,0
71228,0
71229,1
71230,0
71231,0
71232,0
71233,0
71234,0
71235,0
71236,0
71237,0
71238,0
71239,1
71240,0
71241,0
71242,0
71243,1
71244,0
71245,1
71247,0
71248,0
71249,1
71250,1
71251,0
71252,0
71253,0
71254,0
71255,0
71256,0
71257,0
71258,0
71259,1
71261,0
71262,1
71263,0
71264,0
71265,0
71266,1
71267,1
71268,0
71269,0
71270,0
71271,0
71273,0
71274,0
71275,0
71276,0
71277,0
71278,0
71279,0
71280,0
71281,0
71283,0
71284,0
71285,0
71286,0
71287,0
71288,0
71289,0
71290,0
71291,0
71292,0
71293,0
71294,0
71295,0
71296,0
71297,0
71298,0
71299,0
71300,1
71301,0
71302,0
71303,0
71304,0
71305,1
71306,0
71307,0
71308,0
71309,1
71310,0
71311,1
71312,0
71313,0
71314,0
71315,0
71316,1
71317,0
71318,1
71319,0
71320,0
71321,0
71322,0
71323,0
71324,1
71326,0
71327,0
71328,0
71329,0
71330,0
71331,1
71332,0
71333,0
71334,0
71335,0
71336,0
71337,1
71339,0
71340,1
71341,0
71342,0
71343,1
71344,0
71345,1
71346,0
71347,1
71348,1
71349,0
71350,1
71351,0
71352,0
71353,1
71354,0
71355,0
71356,0
71357,0
71358,1
71359,0
71360,0
71361,0
71362,0
71363,0
71364,0
71365,0
71366,0
71367,0
71368,1
71369,0
71370,1
71371,0
71372,0
71373,0
71374,0
71375,0
71376,0
71377,0
71378,0
71379,0
71380,0
71381,0
71382,0
71383,0
71384,0
71385,0
71386,0
71387,0
71388,0
71389,0
71390,0
71391,0
71392,1
71393,0
71395,0
71397,0
71398,1
71399,0
71400,0
71401,0
71402,0
71403,0
71404,0
71405,0
71406,0
71407,0
71408,0
71409,0
71410,0
71412,0
71413,1
71414,0
71415,0
71416,0
71417,0
71418,0
71419,0
71420,0
71421,0
71423,0
71424,0
71425,0
71426,1
71427,0
71429,0
71431,1
71432,1
71433,0
71434,0
71435,0
71436,0
71437,1
71438,0
71439,0
71441,0
71442,1
71443,0
71444,0
71445,0
71446,1
71448,0
71449,1
71450,0
71451,1
71452,0
71453,0
71454,0
71455,0
71456,0
71457,0
71458,0
71459,0
71460,0
71461,0
71462,1
71463,0
71464,0
71466,0
71467,0
71468,0
71469,0
71471,0
71472,0
71474,0
71475,0
71476,0
71477,0
71478,1
71479,1
71480,0
71481,0
71482,0
71483,0
71484,0
71485,0
71487,0
71489,0
71490,0
71491,0
71492,1
71493,0
71494,0
71495,0
71496,0
71497,1
71498,0
71499,0
71500,0
71501,0
71502,0
71504,0
71505,0
71506,0
71507,0
71508,1
71509,0
71510,0
71511,0
71512,1
71513,0
71514,1
71515,0
71516,0
71517,1
71518,0
71519,0
71520,0
71521,0
71523,0
71524,0
71525,0
71526,0
71527,0
71528,0
71529,1
71530,0
71531,0
71532,0
71534,1
71535,0
71537,0
71538,0
71539,0
71540,1
71541,0
71542,0
71543,0
71544,1
71545,0
71546,0
71547,0
71548,1
71550,0
71551,0
71553,0
71554,0
71555,0
71556,0
71557,0
71558,0
71559,1
71560,0
71561,0
71562,0
71563,0
71565,0
71566,0
71567,0
71568,0
71569,0
71570,0
71571,0
71572,0
71573,0
71574,0
71576,0
71577,0
71578,0
71579,0
71580,0
71581,0
71582,0
71583,0
71585,0
71586,0
71587,0
71588,0
71589,0
71590,0
71591,0
71592,0
71593,0
71594,1
71595,0
71596,0
71597,1
71598,1
71599,0
71600,0
71601,0
71602,0
71603,0
71604,0
71605,0
71606,0
71607,0
71608,0
71609,0
71610,0
71611,0
71612,0
71613,0
71614,0
71615,0
71617,0
71618,0
71620,0
71621,0
71622,0
71623,0
71624,0
71625,0
71626,1
71627,0
71628,0
71629,0
71630,0
71631,0
71632,0
71633,0
71634,0
71635,0
71636,0
71637,0
71638,0
71639,0
71641,0
71642,0
71643,0
71644,0
71645,0
71646,0
71647,1
71648,0
71649,0
71650,0
71651,0
71652,0
71653,0
71654,0
71655,0
71656,0
71658,0
71659,0
71660,0
71661,0
71662,0
71663,0
71664,0
71665,1
71666,0
71667,0
71669,0
71670,0
71671,0
71672,0
71673,0
71674,0
71675,0
71676,0
71677,0
71678,0
71679,0
71680,1
71681,0
71682,1
71683,1
71684,0
71685,0
71686,0
71687,0
71688,0
71689,0
71690,0
71691,0
71692,1
71693,0
71695,0
71696,0
71697,0
71698,0
71699,0
71700,0
71701,0
71702,0
71703,0
71704,0
71705,0
71706,1
71707,0
71708,1
71709,1
71710,1
71711,1
71712,1
71713,0
71714,0
71715,1
71716,1
71717,0
71718,0
71719,0
71720,0
71721,0
71722,0
71723,0
71724,1
71725,0
71726,0
71727,0
71728,0
71729,0
71730,0
71731,0
71732,1
71733,1
71734,0
71735,0
71736,0
71737,0
71738,0
71740,0
71741,0
71742,0
71744,0
71745,0
71746,0
71747,0
71748,0
71749,0
71750,0
71751,0
71752,0
71753,1
71754,1
71755,0
71756,0
71757,0
71758,0
71759,0
71760,1
71761,0
71762,0
71763,1
71764,0
71765,1
71766,0
71768,0
71771,1
71772,1
71773,1
71774,0
71777,0
71779,1
71780,1
71782,1
71783,1
71784,0
71790,0
71791,0
71792,0
71793,0
71794,0
71795,0
71796,0
71797,0
71799,0
71800,0
71801,0
71803,1
71804,0
71805,1
71806,1
71807,0
71808,0
71809,0
71810,0
71811,1
71812,0
71813,0
71814,0
71815,1
71816,0
71817,0
71818,1
71819,1
71820,0
71822,0
71823,0
71824,0
71825,0
71826,0
71827,0
71829,0
71830,1
71831,0
71832,1
71833,0
71834,0
71835,0
71836,0
71837,0
71838,0
71839,0
71840,0
71841,0
71842,1
71843,1
71844,0
71845,0
71846,1
71847,0
71848,0
71849,0
71850,0
71851,0
71852,0
71853,1
71854,1
71855,0
71856,0
71857,0
71858,0
71859,0
71860,0
71861,0
71862,0
71863,0
71864,0
71865,0
71866,1
71868,0
71869,1
71870,0
71871,0
71873,0
71875,0
71876,0
71878,0
71879,0
71880,0
71881,0
71882,0
71883,0
71884,0
71885,0
71886,0
71887,0
71888,0
71890,1
71891,0
71892,0
71893,0
71895,0
71896,1
71897,0
71898,0
71899,0
71900,0
71901,0
71902,0
71903,0
71904,1
71905,0
71908,0
71909,0
71910,0
71911,0
71912,0
71913,0
71915,0
71919,1
71920,0
71921,0
71922,0
71923,0
71924,0
71925,0
71926,0
71927,0
71929,0
71930,0
71931,0
71932,0
71933,0
71934,0
71935,1
71936,0
71937,0
71938,0
71939,0
71940,0
71941,0
71942,0
71943,0
71944,0
71945,0
71946,0
71947,0
71948,0
71949,0
71950,0
71951,0
71952,1
71953,0
71954,0
71955,0
71956,0
71957,0
71958,0
71959,1
71960,0
71961,1
71962,0
71963,0
71964,1
71965,0
71966,0
71967,0
71968,0
71969,0
71970,0
71971,1
71972,0
71973,0
71974,0
71975,0
71976,0
71977,0
71978,0
71979,0
71980,1
71981,0
71982,0
71983,0
71984,1
71985,0
71986,1
71987,0
71988,1
71989,0
71990,0
71991,0
71992,1
71993,0
71994,0
71995,0
71996,0
71997,1
71998,0
71999,0
72000,1
72001,1
72002,1
72003,0
72004,0
72005,0
72006,0
72007,0
72008,0
72009,0
72010,0
72011,0
72012,0
72013,0
72014,0
72015,0
72016,0
72017,0
72018,0
72019,0
72020,0
72021,0
72022,0
72023,0
72024,0
72025,0
72026,0
72027,0
72028,0
72029,0
72030,0
72031,0
72032,0
72033,0
72034,0
72035,0
72036,0
72038,0
72039,0
72040,0
72041,1
72042,1
72043,0
72044,0
72045,0
72046,1
72047,0
72048,1
72049,0
72050,0
72051,0
72052,0
72053,0
72054,0
72055,0
72056,0
72057,0
72058,0
72059,0
72060,0
72061,0
72062,0
72063,0
72065,0
72066,0
72067,0
72068,0
72069,0
72070,0
72071,0
72072,0
72073,0
72074,0
72076,0
72077,1
72078,1
72079,0
72080,0
72081,0
72082,1
72083,0
72084,0
72085,0
72086,1
72087,1
72088,0
72089,0
72090,0
72091,0
72092,0
72093,0
72094,0
72095,0
72096,0
72097,0
72098,0
72099,1
72100,0
72101,0
72102,1
72103,0
72104,0
72105,0
72106,0
72107,0
72108,0
72109,0
72110,0
72111,0
72112,0
72113,0
72114,0
72115,0
72116,0
72117,0
72118,0
72119,0
72120,0
72121,0
72122,0
72123,0
72124,0
72125,0
72126,0
72127,1
72128,0
72129,0
72130,0
72131,0
72133,0
72134,0
72135,0
72136,0
72137,0
72138,0
72139,0
72140,0
72141,0
72142,0
72143,0
72144,0
72146,0
72147,0
72148,0
72149,0
72150,1
72151,0
72152,0
72153,0
72154,0
72155,0
72156,1
72157,0
72158,0
72159,0
72160,0
72161,1
72162,1
72163,1
72164,0
72165,0
72166,0
72167,1
72168,0
72169,1
72170,0
72171,0
72172,0
72173,0
72174,1
72175,1
72176,0
72177,0
72178,0
72179,0
72180,0
72181,0
72182,1
72183,0
72184,0
72185,0
72186,1
72187,0
72188,0
72189,0
72190,0
72191,0
72193,1
72194,0
72195,0
72196,0
72197,0
72198,1
72199,1
72200,0
72201,0
72202,0
72203,0
72204,0
72205,0
72206,0
72207,0
72208,0
72209,0
72210,0
72211,0
72212,1
72213,0
72214,0
72215,0
72216,0
72217,0
72218,0
72219,0
72220,1
72221,0
72222,0
72223,0
72224,0
72225,0
72226,0
72227,0
72228,0
72229,0
72230,0
72231,0
72232,0
72233,0
72234,0
72235,1
72237,1
72238,1
72239,1
72240,1
72241,1
72243,1
72244,0
72245,1
72246,1
72247,1
72249,0
72250,0
72251,0
72252,0
72253,0
72254,1
72256,0
72257,0
72258,1
72259,1
72260,0
72261,0
72262,0
72263,0
72264,1
72265,0
72266,0
72267,0
72268,0
72269,0
72270,0
72271,1
72272,0
72273,0
72274,0
72275,1
72276,0
72277,1
72278,0
72279,0
72280,0
72281,0
72282,0
72283,0
72284,0
72285,0
72286,0
72287,0
72288,0
72289,1
72290,0
72291,1
72292,1
72293,0
72294,0
72295,0
72296,0
72297,0
72298,0
72299,1
72300,1
72301,0
72302,0
72303,1
72304,0
72305,0
72306,0
72307,0
72308,0
72309,0
72310,1
72311,0
72312,0
72313,0
72314,0
72315,0
72316,0
72317,0
72318,0
72319,0
72320,0
72321,0
72322,1
72323,0
72324,0
72325,0
72326,0
72327,0
72329,0
72330,0
72331,0
72332,0
72333,0
72335,1
72336,0
72337,1
72338,0
72339,0
72340,0
72341,0
72342,0
72343,1
72344,0
72345,1
72346,0
72347,0
72348,0
72349,0
72350,0
72351,0
72352,0
72353,0
72354,0
72356,0
72357,0
72358,0
72359,0
72360,0
72361,0
72362,0
72363,1
72364,0
72365,0
72366,0
72367,0
72368,0
72369,0
72370,0
72371,0
72372,0
72373,0
72374,0
72376,0
72377,0
72378,0
72379,0
72380,0
72382,0
72383,0
72384,0
72385,0
72386,0
72387,0
72388,0
72389,0
72390,1
72391,0
72392,0
72393,0
72394,0
72395,0
72396,0
72397,0
72398,0
72399,0
72400,0
72401,0
72402,0
72403,0
72404,0
72405,1
72406,0
72407,0
72408,0
72409,0
72410,0
72411,0
72412,0
72413,0
72414,0
72415,0
72416,0
72417,0
72418,0
72419,0
72420,1
72421,0
72422,1
72423,1
72424,1
72425,0
72426,0
72427,0
72428,0
72429,0
72430,0
72431,1
72432,1
72433,0
72434,1
72435,1
72436,0
72437,0
72438,0
72439,0
72440,0
72441,0
72442,1
72443,0
72444,1
72445,0
72446,0
72447,0
72448,0
72449,0
72450,0
72451,0
72452,1
72453,0
72454,1
72455,0
72456,1
72457,0
72458,1
72459,0
72460,0
72461,0
72462,0
72463,0
72464,0
72465,1
72466,0
72467,1
72468,0
72469,0
72470,0
72471,1
72472,0
72473,0
72474,0
72475,1
72476,0
72477,0
72478,0
72479,0
72481,0
72482,0
72483,1
72484,0
72485,1
72486,1
72487,1
72488,0
72489,0
72490,0
72491,0
72492,0
72493,0
72494,0
72495,0
72496,0
72497,0
72498,0
72499,0
72500,0
72501,0
72502,0
72503,1
72504,0
72505,0
72507,0
72508,0
72509,0
72510,0
72511,0
72512,0
72513,0
72514,0
72515,0
72516,0
72517,0
72518,0
72519,0
72520,0
72522,0
72523,0
72524,1
72525,1
72526,1
72527,1
72528,0
72529,0
72530,0
72531,0
72532,0
72533,0
72534,0
72535,0
72536,0
72537,0
72539,0
72540,0
72541,0
72542,0
72543,0
72544,0
72545,0
72546,0
72547,0
72548,0
72549,0
72550,0
72551,0
72552,1
72553,1
72554,0
72555,0
72556,0
72557,0
72558,0
72559,0
72560,0
72561,0
72562,0
72563,0
72564,0
72565,0
72566,0
72567,0
72568,0
72569,0
72571,0
72572,0
72573,0
72574,1
72575,0
72576,0
72577,0
72578,0
72579,1
72581,0
72582,0
72583,0
72584,0
72585,0
72586,0
72587,0
72588,0
72589,0
72590,0
72591,0
72592,0
72593,0
72594,0
72595,0
72596,0
72597,0
72598,0
72599,0
72600,0
72601,0
72602,0
72603,0
72604,0
72605,0
72606,0
72607,0
72608,0
72609,0
72610,0
72611,0
72612,0
72613,0
72614,0
72615,0
72616,0
72617,0
72618,0
72619,0
72620,0
72621,0
72622,0
72623,0
72624,0
72625,0
72626,0
72628,0
72629,0
72630,1
72631,0
72632,0
72633,0
72634,0
72635,0
72636,0
72638,0
72639,0
72640,0
72641,1
72642,0
72643,1
72644,0
72645,0
72647,0
72648,0
72649,0
72650,0
72651,1
72652,1
72653,1
72654,0
72655,1
72656,0
72657,1
72658,0
72659,1
72660,0
72661,0
72662,0
72663,1
72664,0
72665,1
72666,1
72667,1
72668,0
72669,0
72670,1
72671,1
72672,0
72673,0
72675,0
72676,1
72677,0
72678,0
72679,0
72680,0
72681,0
72682,0
72683,1
72684,0
72685,0
72686,0
72688,0
72689,0
72690,0
72691,0
72692,0
72693,0
72694,0
72695,1
72696,0
72697,0
72698,0
72699,0
72700,0
72701,0
72702,0
72703,1
72704,0
72705,1
72706,0
72707,0
72708,0
72709,0
72710,0
72711,0
72712,0
72713,0
72714,0
72715,0
72716,0
72717,1
72718,0
72719,0
72720,1
72721,0
72722,0
72723,0
72724,0
72725,0
72726,0
72727,0
72729,0
72730,0
72731,0
72732,1
72733,0
72734,0
72735,0
72736,1
72737,1
72738,0
72739,0
72740,1
72741,0
72742,0
72743,0
72744,1
72745,0
72746,0
72747,0
72748,0
72749,0
72750,0
72751,0
72752,0
72753,0
72754,0
72755,0
72756,0
72757,1
72758,1
72759,0
72760,0
72761,0
72762,0
72763,0
72764,0
72765,0
72766,0
72767,0
72768,0
72769,0
72770,0
72771,0
72772,0
72773,0
72774,0
72775,0
72776,0
72777,0
72778,0
72779,0
72780,0
72781,0
72782,0
72783,0
72784,0
72785,0
72786,0
72787,0
72788,0
72789,0
72790,0
72791,0
72792,0
72793,0
72794,0
72795,0
72796,0
72797,0
72798,0
72799,0
72800,0
72801,0
72802,0
72803,0
72804,0
72806,0
72807,0
72808,0
72809,0
72810,1
72811,0
72812,0
72813,1
72814,1
72816,0
72817,0
72818,0
72819,0
72820,1
72821,0
72822,0
72824,0
72825,1
72826,1
72827,1
72828,0
72829,1
72830,0
72831,0
72832,0
72833,0
72834,0
72835,0
72836,0
72837,0
72838,0
72839,1
72840,1
72841,0
72842,0
72843,0
72844,0
72845,0
72846,0
72847,0
72848,0
72849,0
72850,0
72852,0
72853,0
72854,0
72855,0
72856,0
72857,0
72858,0
72859,0
72860,0
72861,0
72862,0
72863,0
72864,0
72865,0
72866,0
72867,0
72868,0
72869,0
72870,0
72871,0
72872,0
72873,0
72874,0
72875,0
72876,0
72877,0
72878,1
72879,0
72880,0
72881,0
72882,0
72883,0
72884,0
72885,0
72886,0
72887,1
72888,0
72889,0
72890,0
72891,0
72892,0
72893,0
72894,0
72895,0
72896,0
72897,0
72898,0
72899,0
72900,0
72901,0
72902,0
72903,0
72904,1
72905,0
72906,0
72907,0
72908,0
72909,0
72910,0
72911,0
72912,0
72913,0
72914,1
72915,0
72916,0
72917,0
72918,0
72919,0
72920,0
72921,0
72922,0
72923,0
72925,0
72926,0
72927,0
72928,0
72929,0
72930,0
72931,0
72932,0
72933,0
72934,0
72935,0
72936,0
72937,0
72938,0
72939,0
72940,0
72941,0
72942,0
72943,0
72944,1
72945,0
72946,1
72947,1
72948,0
72949,0
72950,0
72951,0
72952,1
72953,1
72954,0
72955,0
72956,0
72957,0
72958,0
72959,0
72960,0
72961,0
72962,0
72963,0
72964,0
72965,0
72966,0
72967,0
72968,0
72969,0
72970,0
72971,0
72972,0
72973,0
72974,0
72975,0
72976,1
72977,1
72978,0
72979,0
72980,1
72981,0
72982,0
72983,0
72984,0
72985,0
72986,1
72987,0
72988,0
72989,0
72990,0
72991,0
72992,0
72993,0
72994,0
72995,0
72996,0
72997,0
72998,1
72999,0
73000,0
73001,1
73002,0
73003,0
73004,0
73005,0
73006,0
73007,0
73008,0
73009,0
73010,0
73012,0
73013,0
73014,0
73015,0
73016,0
73017,0
73018,0
73019,0
73020,0
73021,1
73023,0
73024,0
73025,0
73026,0
73027,0
73028,0
73029,0
73030,0
73031,0
73032,0
73033,0
73034,0
73035,0
73036,0
73037,0
73038,0
73039,1
73041,0
73043,0
73044,0
73045,0
73046,0
73047,0
73048,0
73050,0
73051,0
73052,0
73053,0
73054,0
73055,1
73056,1
73057,0
73058,0
73059,0
73060,0
73061,1
73062,0
73063,0
73064,1
73065,1
73066,1
73067,1
73068,0
73069,0
73071,0
73072,0
73073,0
73074,0
73075,0
73076,0
73077,0
73079,0
73080,0
73081,0
73082,0
73083,0
73084,0
73085,0
73086,1
73087,1
73088,0
73089,0
73090,0
73091,0
73092,0
73093,0
73094,0
73095,0
73096,0
73097,0
73098,0
73099,0
73100,1
73101,0
73103,0
73104,1
73105,0
73106,0
73107,0
73108,0
73109,0
73111,0
73112,0
73113,0
73114,0
73115,0
73116,0
73117,0
73118,0
73119,0
73120,0
73121,0
73122,0
73124,0
73125,0
73126,0
73127,0
73128,0
73129,0
73130,0
73131,0
73132,0
73133,0
73134,1
73135,1
73136,1
73137,0
73138,0
73139,0
73141,0
73142,0
73143,1
73144,1
73146,0
73147,1
73148,1
73149,1
73150,0
73151,0
73152,0
73153,0
73154,0
73155,0
73156,0
73157,1
73158,1
73159,1
73160,0
73161,0
73162,1
73163,0
73164,0
73165,1
73166,0
73167,0
73168,0
73169,0
73170,0
73171,0
73172,0
73173,0
73174,0
73175,1
73176,0
73177,0
73178,1
73179,0
73180,0
73181,0
73183,1
73184,0
73185,0
73186,0
73188,0
73189,0
73190,0
73191,0
73192,0
73193,1
73194,0
73195,0
73196,0
73197,0
73198,0
73199,0
73200,1
73201,0
73202,0
73203,0
73204,1
73205,0
73206,0
73207,0
73208,0
73209,0
73210,0
73211,0
73212,0
73213,0
73214,0
73215,0
73216,0
73217,0
73218,0
73219,0
73220,0
73221,0
73222,0
73224,0
73225,0
73226,0
73227,0
73228,0
73229,0
73230,0
73231,0
73232,1
73233,0
73234,0
73235,0
73236,0
73238,0
73239,0
73240,0
73242,0
73243,0
73244,0
73245,0
73246,1
73247,0
73248,0
73249,0
73250,0
73252,0
73253,0
73254,0
73255,1
73256,0
73257,0
73258,0
73259,1
73260,0
73261,1
73262,0
73263,0
73264,0
73265,0
73266,0
73267,0
73268,0
73269,0
73270,0
73271,0
73272,0
73273,0
73274,0
73275,0
73276,0
73277,0
73278,0
73279,0
73280,0
73281,0
73282,0
73283,0
73284,0
73285,1
73286,0
73287,0
73288,0
73289,0
73290,1
73291,0
73292,0
73293,0
73294,0
73295,0
73296,0
73297,0
73298,0
73299,0
73300,0
73301,0
73302,0
73303,0
73304,0
73305,0
73306,0
73307,0
73308,0
73309,0
73310,0
73311,0
73312,0
73313,0
73314,1
73315,0
73317,0
73318,0
73319,0
73320,0
73321,0
73322,1
73323,0
73324,0
73325,0
73326,0
73327,0
73328,0
73329,0
73330,0
73332,0
73333,0
73334,0
73335,0
73336,0
73337,0
73338,1
73339,0
73340,1
73342,0
73343,0
73344,0
73345,1
73346,0
73347,0
73348,0
73349,0
73350,1
73351,0
73352,1
73353,0
73354,0
73355,0
73356,1
73357,1
73358,0
73359,0
73360,1
73361,0
73362,1
73363,0
73364,0
73365,1
73366,0
73367,0
73368,0
73369,0
73370,0
73371,0
73372,0
73373,0
73374,0
73375,0
73376,1
73377,0
73378,0
73379,0
73380,0
73381,0
73382,0
73383,0
73384,0
73385,1
73386,1
73387,0
73388,0
73389,0
73390,0
73391,0
73392,0
73393,0
73394,0
73395,0
73396,0
73397,0
73398,0
73399,0
73400,0
73401,0
73402,0
73403,0
73404,0
73405,0
73406,0
73407,0
73408,0
73409,0
73410,0
73411,0
73412,0
73413,0
73414,0
73415,0
73417,0
73418,0
73419,0
73420,0
73421,0
73422,1
73423,0
73424,0
73426,0
73427,1
73428,0
73429,0
73431,0
73432,0
73433,1
73434,0
73435,1
73436,1
73437,1
73438,1
73439,1
73440,1
73441,0
73442,1
73443,0
73444,0
73445,0
73446,0
73447,1
73448,0
73449,0
73450,0
73451,0
73452,0
73453,1
73454,1
73455,0
73456,0
73457,0
73458,0
73459,0
73460,1
73461,0
73462,0
73463,1
73464,0
73465,0
73466,0
73467,0
73468,0
73469,0
73470,0
73471,0
73472,0
73473,0
73474,0
73475,1
73476,0
73477,1
73478,1
73479,0
73480,0
73481,1
73483,0
73484,0
73485,0
73486,0
73487,0
73488,0
73489,0
73490,0
73491,0
73492,0
73493,0
73494,0
73495,0
73496,0
73497,0
73498,1
73499,0
73500,0
73501,0
73502,1
73503,0
73504,0
73505,1
73506,1
73507,1
73508,0
73509,0
73510,0
73511,0
73512,0
73513,0
73514,0
73515,0
73516,0
73517,0
73518,0
73519,0
73520,0
73521,0
73522,1
73523,0
73524,0
73525,0
73526,0
73527,0
73528,0
73529,0
73530,0
73531,0
73532,0
73533,1
73534,0
73535,0
73536,1
73537,1
73538,0
73539,0
73540,0
73542,0
73543,0
73544,0
73546,0
73548,0
73549,0
73550,0
73551,0
73552,0
73554,0
73555,0
73556,0
73557,0
73558,1
73559,1
73560,0
73561,0
73562,1
73563,0
73564,1
73566,0
73567,0
73568,0
73569,0
73570,1
73572,0
73573,1
73574,1
73575,1
73576,1
73577,0
73578,1
73579,0
73581,0
73582,0
73583,1
73584,0
73585,0
73586,0
73587,1
73588,0
73589,0
73590,0
73591,0
73592,0
73593,1
73594,0
73595,0
73596,1
73597,0
73598,0
73599,1
73600,1
73601,1
73602,1
73603,1
73604,0
73605,0
73606,0
73607,0
73608,0
73609,0
73610,0
73611,0
73612,1
73613,0
73614,0
73615,0
73616,0
73617,0
73618,0
73619,0
73620,0
73621,0
73622,1
73623,0
73624,0
73625,0
73626,0
73627,0
73628,0
73629,0
73630,1
73631,0
73632,0
73633,1
73634,0
73635,0
73636,0
73637,0
73638,0
73639,0
73640,0
73641,0
73642,0
73644,0
73646,1
73647,0
73648,0
73649,0
73650,0
73651,0
73653,0
73654,0
73655,1
73656,0
73657,0
73658,1
73659,1
73660,1
73661,1
73662,0
73663,1
73664,1
73665,0
73666,0
73667,0
73668,1
73669,0
73670,0
73672,1
73673,1
73674,1
73675,0
73676,0
73677,0
73678,0
73679,0
73680,0
73681,1
73682,0
73683,0
73684,0
73685,0
73686,0
73687,1
73688,0
73689,0
73690,0
73692,1
73694,1
73695,1
73696,0
73697,1
73699,0
73700,0
73701,1
73702,0
73703,1
73704,1
73705,0
73706,1
73707,0
73708,0
73709,0
73710,0
73711,0
73712,0
73713,0
73714,0
73715,0
73716,0
73717,1
73718,0
73719,0
73721,0
73722,0
73723,0
73724,0
73725,0
73726,0
73727,1
73728,1
73729,1
73730,0
73732,0
73733,0
73734,0
73735,1
73737,0
73738,0
73740,1
73741,0
73743,0
73744,0
73745,0
73746,0
73747,0
73748,1
73749,0
73750,0
73751,0
73752,0
73753,0
73754,1
73755,1
73756,0
73757,0
73758,0
73759,0
73760,0
73761,0
73762,1
73763,0
73764,0
73765,0
73766,1
73767,0
73768,0
73770,1
73771,1
73772,1
73773,0
73775,1
73776,1
73777,0
73778,1
73779,1
73781,1
73782,1
73783,1
73784,1
73785,1
73786,1
73788,1
73789,0
73790,0
73791,1
73792,0
73794,1
73795,1
73796,1
73797,1
73798,0
73799,0
73800,0
73801,0
73802,0
73803,0
73804,0
73806,0
73807,1
73808,1
73810,0
73811,0
73812,0
73813,1
73814,1
73815,0
73816,0
73817,1
73818,0
73819,1
73820,0
73821,0
73822,0
73823,0
73824,0
73825,0
73826,0
73827,1
73828,0
73829,1
73830,0
73831,1
73832,0
73833,0
73834,0
73835,1
73836,1
73837,0
73838,0
73839,1
73840,0
73841,0
73842,0
73843,0
73844,0
73845,0
73847,0
73848,0
73849,1
73850,1
73851,0
73852,0
73853,0
73854,0
73855,0
73856,0
73857,0
73858,0
73859,0
73860,0
73861,0
73862,0
73863,0
73864,0
73865,1
73866,0
73867,0
73868,0
73869,1
73870,1
73871,0
73872,0
73873,0
73874,1
73875,0
73876,0
73878,1
73879,0
73880,0
73881,0
73882,0
73883,0
73884,1
73885,0
73886,0
73887,1
73888,0
73889,0
73890,0
73891,1
73892,0
73893,0
73895,0
73896,0
73897,1
73898,0
73899,1
73900,1
73901,0
73902,0
73903,0
73904,0
73905,0
73906,0
73907,0
73908,0
73909,1
73910,0
73911,0
73912,0
73913,0
73914,0
73915,0
73916,0
73917,0
73918,1
73919,0
73920,0
73921,0
73922,0
73924,0
73925,0
73926,0
73927,0
73928,1
73929,0
73930,0
73931,0
73932,1
73933,0
73934,0
73935,0
73936,0
73937,0
73938,0
73939,0
73941,0
73942,0
73943,0
73944,0
73945,1
73946,0
73947,1
73948,0
73949,0
73950,1
73951,1
73952,0
73953,0
73954,1
73955,0
73956,1
73957,0
73958,0
73959,0
73960,0
73961,0
73962,0
73963,0
73964,0
73965,0
73966,0
73967,1
73968,0
73969,0
73970,1
73971,0
73972,1
73973,0
73974,0
73975,1
73976,0
73977,0
73978,0
73979,1
73980,0
73981,0
73982,1
73983,0
73984,0
73985,1
73986,0
73987,0
73989,0
73990,0
73991,0
73992,1
73993,0
73994,0
73995,0
73996,0
73997,0
73998,0
73999,0
74000,1
74001,1
74002,0
74003,1
74004,1
74005,0
74006,0
74007,1
74008,0
74009,0
74010,0
74011,0
74012,0
74013,1
74014,1
74015,0
74016,0
74017,0
74018,0
74019,0
74020,1
74021,1
74022,0
74023,0
74024,0
74025,0
74026,1
74027,0
74029,0
74031,1
74032,0
74033,0
74034,1
74035,0
74036,0
74037,0
74038,1
74039,0
74040,1
74041,0
74042,0
74043,0
74044,1
74045,0
74046,0
74047,0
74048,0
74049,0
74050,0
74052,0
74053,0
74054,0
74055,1
74056,0
74059,0
74060,0
74061,1
74062,0
74063,0
74064,0
74065,1
74066,0
74067,0
74068,0
74069,0
74070,1
74071,1
74072,0
74073,1
74074,0
74075,1
74076,0
74077,0
74078,0
74079,0
74080,0
74081,1
74082,0
74083,0
74084,0
74085,0
74086,1
74087,1
74088,0
74089,0
74090,0
74091,1
74092,0
74093,1
74094,0
74096,0
74097,0
74098,1
74099,1
74100,0
74101,0
74102,0
74103,0
74104,0
74105,0
74106,1
74107,1
74108,0
74109,0
74110,1
74111,0
74112,0
74113,1
74114,0
74116,0
74117,0
74118,0
74119,0
74120,0
74121,0
74122,0
74123,0
74124,0
74125,0
74126,0
74127,0
74128,0
74129,0
74131,0
74133,0
74134,0
74135,1
74136,0
74137,0
74138,0
74139,0
74140,1
74141,0
74142,0
74143,1
74144,0
74145,0
74146,1
74147,0
74148,0
74149,0
74150,0
74151,1
74153,0
74154,0
74155,0
74156,0
74157,1
74158,1
74159,0
74160,0
74161,0
74162,0
74163,1
74164,0
74165,0
74166,0
74167,0
74168,0
74169,0
74170,0
74171,0
74172,0
74173,0
74174,0
74175,0
74176,0
74177,0
74178,0
74179,1
74180,0
74181,0
74182,1
74183,0
74184,1
74185,0
74186,0
74187,0
74188,0
74189,0
74190,0
74191,1
74192,0
74193,0
74194,1
74195,0
74196,0
74197,1
74198,0
74199,0
74200,0
74201,1
74202,0
74203,0
74204,0
74205,1
74206,0
74207,0
74208,0
74209,1
74210,0
74211,0
74212,0
74213,0
74214,1
74215,0
74216,0
74217,0
74219,0
74220,1
74221,1
74222,1
74223,0
74224,0
74225,0
74226,0
74227,1
74228,0
74229,0
74230,0
74231,0
74232,0
74233,0
74234,0
74235,0
74236,0
74237,0
74238,0
74239,0
74240,0
74241,1
74242,1
74243,0
74244,0
74245,0
74246,0
74247,1
74248,0
74249,0
74250,0
74251,0
74252,0
74253,0
74254,1
74256,0
74257,1
74258,0
74259,0
74261,0
74263,0
74264,0
74265,0
74266,0
74267,1
74268,1
74269,0
74270,0
74271,0
74272,0
74273,0
74274,0
74275,1
74276,0
74277,1
74278,0
74279,0
74280,0
74281,0
74282,0
74283,0
74284,0
74285,0
74286,0
74287,0
74289,0
74290,0
74291,0
74293,1
74295,1
74296,0
74297,0
74298,0
74299,0
74300,0
74301,0
74302,0
74303,1
74304,0
74305,0
74306,1
74307,0
74308,0
74309,1
74310,0
74311,0
74312,0
74313,0
74314,0
74315,1
74316,0
74317,1
74318,0
74319,0
74321,0
74322,0
74323,0
74324,0
74325,0
74326,0
74327,0
74328,1
74329,0
74330,0
74331,0
74332,1
74333,0
74334,0
74335,0
74336,1
74337,1
74338,0
74339,0
74340,1
74341,1
74342,1
74343,0
74344,0
74345,0
74346,1
74347,1
74348,1
74349,0
74350,0
74351,0
74352,1
74353,0
74354,1
74355,1
74356,0
74357,0
74358,0
74359,1
74360,0
74361,1
74362,0
74363,0
74364,0
74365,0
74366,0
74367,1
74368,0
74369,0
74370,0
74372,1
74373,0
74374,0
74375,0
74376,1
74377,0
74378,1
74379,0
74380,1
74381,0
74382,1
74383,1
74384,0
74385,0
74386,1
74387,0
74388,0
74390,0
74391,0
74392,0
74393,0
74394,0
74395,0
74396,1
74397,0
74398,1
74399,0
74400,0
74401,1
74402,1
74404,0
74405,0
74406,0
74407,0
74409,0
74410,0
74411,0
74412,0
74413,0
74414,0
74415,0
74416,1
74417,0
74418,1
74419,0
74420,0
74421,0
74422,0
74423,0
74424,1
74425,1
74426,0
74427,0
74428,1
74429,1
74430,0
74431,1
74432,0
74434,0
74435,0
74436,1
74437,0
74438,1
74439,0
74440,0
74441,0
74442,0
74443,0
74444,0
74445,0
74446,1
74447,0
74448,1
74449,0
74450,1
74451,0
74452,0
74453,1
74454,1
74455,0
74456,0
74457,0
74458,0
74459,0
74460,0
74461,0
74462,1
74463,0
74464,0
74465,0
74466,0
74467,0
74468,0
74469,0
74470,1
74471,0
74473,0
74474,0
74475,0
74476,0
74477,0
74478,0
74479,0
74480,0
74482,0
74483,0
74484,0
74485,0
74486,1
74487,0
74488,0
74489,0
74490,0
74491,0
74492,0
74493,0
74494,0
74495,0
74496,1
74497,0
74498,0
74499,0
74500,0
74501,0
74502,0
74503,1
74504,0
74505,0
74506,0
74507,0
74508,0
74509,0
74510,1
74511,0
74512,0
74513,0
74514,1
74515,0
74516,1
74518,0
74519,0
74520,1
74521,0
74522,1
74523,1
74525,0
74526,0
74527,0
74528,1
74529,1
74530,0
74531,1
74532,0
74533,0
74534,1
74535,0
74536,0
74537,0
74538,0
74539,1
74540,1
74541,0
74542,0
74543,0
74544,0
74545,0
74546,0
74548,0
74549,0
74550,0
74551,0
74552,0
74553,0
74554,0
74555,0
74556,0
74557,1
74558,0
74559,0
74560,0
74561,0
74562,0
74563,0
74564,0
74566,0
74567,0
74568,1
74569,0
74570,0
74571,0
74572,0
74573,1
74574,0
74576,0
74577,0
74578,0
74579,0
74581,0
74583,0
74584,0
74585,0
74586,0
74587,0
74588,0
74589,0
74590,0
74591,0
74592,0
74593,0
74594,0
74595,0
74596,0
74597,0
74598,0
74599,0
74600,0
74601,0
74602,0
74603,0
74604,0
74605,0
74606,0
74607,0
74608,0
74609,0
74610,1
74611,1
74612,0
74613,0
74614,0
74615,0
74616,0
74617,0
74618,1
74619,0
74620,1
74621,0
74622,1
74623,0
74624,0
74625,0
74626,0
74627,1
74628,1
74629,1
74630,0
74631,1
74632,0
74633,0
74634,0
74635,0
74636,0
74638,0
74639,0
74640,0
74641,0
74643,0
74644,1
74645,0
74646,1
74647,0
74648,1
74649,1
74650,0
74652,0
74653,1
74654,0
74655,0
74656,1
74657,0
74658,0
74659,1
74660,1
74661,0
74662,1
74663,0
74664,1
74665,1
74666,1
74667,1
74668,1
74669,0
74670,1
74671,0
74672,1
74673,0
74674,0
74675,1
74676,0
74677,0
74678,0
74679,0
74680,1
74681,0
74682,0
74683,1
74684,0
74685,0
74686,0
74687,0
74688,0
74689,1
74690,1
74691,0
74692,1
74693,0
74694,0
74695,0
74696,1
74697,0
74698,0
74699,0
74700,0
74701,0
74702,0
74704,0
74705,0
74706,0
74707,0
74708,0
74709,0
74710,1
74711,0
74712,0
74713,0
74714,0
74715,0
74716,0
74717,0
74718,0
74719,0
74720,0
74721,1
74722,0
74723,0
74725,0
74726,0
74727,0
74728,0
74729,0
74730,1
74731,0
74732,0
74733,0
74734,1
74735,1
74736,0
74737,0
74738,0
74739,0
74740,1
74741,1
74743,0
74744,0
74745,1
74746,0
74747,0
74748,0
74749,0
74750,0
74751,1
74752,1
74753,1
74754,0
74755,0
74756,0
74757,1
74758,0
74759,0
74760,1
74761,0
74762,0
74763,1
74764,1
74766,0
74767,1
74768,0
74769,0
74770,0
74771,1
74772,0
74773,0
74775,0
74776,0
74777,1
74778,1
74779,0
74780,0
74781,0
74782,0
74783,0
74784,0
74785,0
74786,0
74787,0
74788,1
74789,0
74790,0
74791,1
74792,0
74793,0
74794,0
74795,0
74796,0
74797,0
74798,0
74800,1
74801,0
74802,0
74803,0
74804,0
74805,0
74806,0
74807,0
74808,0
74809,0
74810,0
74811,0
74812,0
74813,0
74814,0
74815,1
74816,0
74817,0
74818,0
74819,0
74820,1
74821,1
74822,0
74823,0
74824,0
74825,1
74826,0
74827,1
74828,0
74829,0
74830,1
74831,0
74832,1
74833,0
74834,0
74835,1
74836,0
74837,0
74838,1
74839,1
74840,1
74841,0
74842,1
74844,1
74845,0
74846,0
74847,0
74848,0
74849,0
74850,1
74851,0
74852,0
74853,0
74854,0
74855,0
74856,0
74857,1
74859,0
74860,1
74861,1
74862,0
74863,0
74864,0
74865,1
74866,1
74867,0
74868,0
74869,0
74870,0
74871,0
74872,1
74873,1
74874,1
74875,1
74876,0
74877,1
74878,0
74879,1
74880,1
74881,0
74883,1
74884,0
74885,0
74886,1
74887,0
74888,0
74889,1
74890,0
74891,0
74892,0
74893,1
74894,1
74895,1
74896,0
74897,1
74898,0
74899,1
74900,1
74901,1
74902,1
74903,1
74904,0
74905,0
74906,0
74907,0
74908,0
74909,1
74910,1
74911,0
74912,0
74913,0
74914,1
74915,0
74916,0
74917,0
74918,0
74919,0
74920,0
74922,0
74923,1
74924,0
74925,0
74926,1
74927,0
74928,0
74929,1
74930,0
74931,0
74932,0
74933,0
74934,0
74935,0
74936,0
74937,0
74938,0
74939,0
74940,0
74941,0
74942,0
74943,0
74944,0
74945,1
74946,0
74947,0
74948,0
74949,0
74950,0
74951,0
74952,0
74953,0
74954,0
74955,0
74956,0
74957,0
74958,0
74959,0
74960,0
74961,0
74962,0
74963,0
74964,0
74965,0
74966,0
74967,0
74968,0
74969,1
74970,0
74971,1
74972,0
74973,0
74974,0
74975,0
74976,0
74977,0
74978,0
74979,0
74980,0
74981,0
74982,0
74983,0
74984,0
74985,1
74986,0
74987,0
74988,0
74989,0
74990,1
74991,0
74992,0
74993,0
74994,1
74995,1
74996,0
74997,1
74998,0
74999,1
75000,1
75001,0
75002,0
75003,1
75004,0
75005,0
75006,0
75007,0
75008,0
75009,1
75010,0
75011,0
75012,1
75013,0
75014,0
75015,1
75016,0
75017,0
75018,0
75019,1
75020,0
75022,0
75023,1
75024,0
75025,1
75026,0
75027,0
75028,0
75029,0
75030,0
75031,1
75032,0
75033,0
75034,0
75035,1
75036,1
75037,0
75038,0
75039,1
75040,0
75041,1
75042,1
75043,1
75044,0
75045,0
75046,0
75047,0
75048,0
75049,0
75050,0
75051,1
75052,0
75054,0
75055,0
75056,0
75057,0
75058,1
75059,1
75060,1
75061,0
75062,1
75063,0
75064,0
75065,0
75066,0
75067,1
75068,0
75069,0
75070,0
75071,0
75072,0
75073,0
75074,0
75075,1
75076,1
75077,0
75078,0
75079,0
75080,1
75081,0
75082,0
75083,0
75084,0
75085,1
75086,1
75087,1
75088,0
75089,0
75090,0
75091,0
75092,0
75094,0
75095,0
75096,0
75097,0
75098,0
75099,0
75100,0
75101,0
75102,1
75103,1
75104,0
75105,0
75106,0
75107,0
75109,0
75110,0
75111,0
75112,0
75113,0
75114,0
75115,0
75116,1
75117,0
75118,1
75119,1
75120,1
75122,1
75123,1
75124,1
75125,1
75126,1
75128,0
75129,0
75130,0
75131,0
75132,1
75133,1
75134,0
75135,0
75136,0
75137,0
75138,0
75139,1
75140,0
75141,0
75142,0
75143,0
75144,0
75145,0
75146,0
75147,0
75148,0
75149,0
75150,0
75151,1
75152,0
75153,0
75154,0
75155,0
75156,0
75157,0
75158,0
75159,0
75160,0
75161,0
75162,0
75163,0
75164,0
75165,0
75166,0
75167,0
75168,1
75169,0
75170,0
75171,0
75172,0
75173,0
75174,0
75175,1
75176,1
75177,0
75178,0
75179,0
75180,0
75181,0
75182,0
75183,0
75184,0
75185,0
75186,0
75187,0
75188,0
75189,0
75190,0
75191,0
75192,0
75193,0
75194,1
75195,0
75196,0
75197,0
75198,1
75199,0
75200,0
75201,0
75202,0
75203,0
75204,1
75205,0
75206,0
75207,0
75208,0
75209,1
75210,0
75211,0
75212,0
75213,1
75214,0
75215,0
75216,0
75217,0
75218,0
75219,0
75220,0
75221,0
75223,1
75224,1
75225,1
75226,0
75227,0
75228,1
75229,1
75230,0
75231,0
75232,0
75233,0
75234,0
75235,1
75236,0
75237,0
75238,0
75239,0
75240,0
75241,0
75242,0
75243,0
75244,0
75245,0
75246,0
75247,1
75248,0
75249,0
75250,1
75251,1
75252,0
75253,0
75254,1
75255,0
75256,1
75257,0
75258,0
75259,0
75260,0
75261,0
75262,0
75263,0
75264,0
75265,0
75266,0
75267,0
75268,0
75269,0
75270,0
75271,0
75272,1
75273,0
75274,1
75275,0
75276,0
75277,0
75278,0
75279,0
75280,1
75281,0
75282,1
75283,0
75284,0
75285,1
75286,0
75287,0
75288,1
75289,1
75290,0
75291,0
75292,0
75293,0
75294,0
75295,0
75296,0
75297,1
75298,0
75299,0
75300,1
75301,0
75302,0
75303,0
75304,0
75305,0
75306,0
75307,1
75308,0
75309,0
75310,0
75311,0
75312,0
75313,0
75314,0
75315,0
75316,1
75317,0
75318,0
75320,0
75321,0
75322,0
75323,0
75324,0
75325,0
75326,0
75327,0
75328,0
75329,0
75330,0
75331,0
75332,0
75333,0
75335,0
75336,0
75337,0
75338,0
75339,0
75340,1
75341,0
75342,0
75343,0
75344,0
75345,0
75346,0
75347,0
75348,0
75349,0
75350,0
75351,0
75352,0
75353,0
75354,0
75355,0
75356,0
75357,0
75358,0
75359,1
75360,0
75361,0
75363,1
75364,1
75365,1
75367,0
75368,0
75369,1
75370,1
75371,0
75373,1
75374,1
75375,0
75376,0
75377,0
75378,0
75379,0
75380,0
75381,0
75382,0
75383,0
75384,1
75385,0
75386,0
75387,0
75388,0
75389,0
75390,0
75391,0
75392,1
75393,1
75394,1
75395,0
75396,0
75397,0
75399,0
75400,0
75401,0
75402,0
75403,0
75404,1
75405,0
75406,0
75407,1
75408,1
75409,0
75410,1
75411,0
75412,0
75413,0
75414,1
75415,0
75416,1
75417,1
75418,1
75419,0
75420,0
75423,0
75424,0
75425,0
75426,0
75427,0
75428,1
75429,0
75430,0
75431,1
75432,0
75433,0
75434,0
75435,0
75436,0
75437,1
75438,0
75439,0
75440,1
75441,0
75442,0
75443,0
75445,1
75446,0
75447,1
75448,1
75449,0
75450,0
75451,0
75452,0
75453,0
75454,0
75455,0
75456,0
75457,0
75458,0
75459,0
75460,0
75461,0
75462,0
75463,0
75464,0
75465,0
75466,0
75467,0
75468,0
75469,0
75470,0
75471,0
75472,0
75473,0
75474,0
75475,1
75476,0
75477,0
75478,0
75479,0
75480,0
75481,0
75482,0
75483,0
75484,0
75485,1
75486,1
75487,1
75488,0
75489,0
75490,0
75491,0
75492,0
75493,0
75494,0
75496,0
75497,0
75498,0
75499,0
75500,0
75501,1
75502,0
75503,0
75504,1
75505,1
75506,1
75507,1
75508,1
75509,1
75510,0
75511,0
75512,0
75513,1
75514,0
75515,0
75516,1
75517,0
75518,0
75519,1
75520,1
75521,1
75522,0
75523,0
75524,0
75525,0
75526,0
75528,1
75529,1
75530,0
75531,1
75532,1
75533,0
75534,0
75535,0
75536,0
75537,0
75538,0
75539,1
75540,0
75541,0
75543,1
75544,0
75545,0
75546,0
75547,0
75548,0
75549,0
75550,1
75551,0
75552,0
75553,0
75554,0
75555,0
75556,0
75557,0
75558,0
75559,0
75560,0
75562,1
75563,1
75564,0
75565,1
75566,0
75567,1
75568,1
75569,1
75570,0
75571,1
75572,0
75573,1
75574,0
75575,1
75577,0
75579,0
75580,0
75581,0
75582,1
75583,0
75584,1
75585,1
75586,0
75587,1
75588,1
75589,0
75590,0
75591,1
75592,0
75594,0
75595,0
75596,0
75597,0
75598,1
75599,0
75600,0
75601,1
75602,0
75603,0
75604,1
75605,1
75606,1
75607,1
75608,0
75609,0
75610,0
75611,1
75612,1
75613,0
75614,0
75615,0
75616,1
75617,0
75618,0
75619,1
75620,0
75621,1
75622,0
75623,0
75624,0
75625,1
75626,0
75627,0
75628,1
75629,1
75630,1
75631,0
75632,0
75633,1
75634,0
75635,0
75636,0
75637,0
75639,0
75640,1
75641,0
75642,0
75644,1
75645,0
75646,0
75647,0
75648,0
75649,0
75650,0
75651,0
75652,0
75653,1
75654,1
75655,0
75656,0
75657,0
75658,0
75659,0
75660,0
75661,1
75662,1
75663,1
75664,0
75665,0
75666,0
75667,0
75668,0
75669,0
75670,0
75671,1
75672,1
75673,0
75674,0
75675,0
75676,0
75677,0
75678,0
75679,0
75680,0
75681,0
75682,0
75684,0
75685,0
75686,0
75688,0
75689,0
75690,0
75692,0
75693,0
75694,0
75695,0
75696,0
75697,0
75698,0
75699,0
75700,0
75701,0
75702,0
75703,1
75704,1
75705,1
75706,0
75707,0
75708,1
75709,0
75710,0
75712,0
75713,0
75714,0
75715,0
75716,0
75717,0
75718,0
75719,1
75720,0
75721,0
75722,0
75723,0
75724,0
75725,0
75726,1
75727,0
75728,1
75729,0
75730,0
75731,1
75732,0
75733,0
75734,0
75735,0
75736,1
75737,0
75738,1
75739,0
75740,0
75741,1
75742,0
75743,0
75744,1
75745,0
75746,1
75748,0
75749,0
75750,0
75751,0
75752,1
75753,0
75754,1
75755,0
75756,1
75757,0
75758,0
75759,0
75760,1
75761,0
75762,0
75764,0
75765,0
75766,0
75767,0
75769,1
75770,0
75772,0
75773,0
75775,1
75776,0
75777,0
75778,0
75779,0
75780,0
75781,1
75782,0
75783,0
75784,0
75785,0
75786,0
75787,1
75788,0
75789,0
75790,0
75791,0
75792,0
75793,0
75794,0
75795,0
75796,1
75797,0
75798,1
75799,1
75800,0
75801,1
75802,1
75803,1
75804,1
75805,1
75806,0
75807,0
75808,1
75809,0
75810,0
75811,0
75812,1
75813,0
75814,0
75815,0
75816,1
75817,0
75818,1
75819,1
75820,0
75821,0
75822,0
75823,0
75824,1
75825,1
75826,0
75827,0
75828,1
75830,1
75831,0
75832,1
75833,0
75834,0
75835,0
75836,0
75837,0
75838,0
75839,0
75840,1
75841,0
75842,1
75843,1
75844,0
75845,0
75846,0
75847,1
75848,1
75849,0
75850,0
75851,0
75852,0
75853,1
75854,0
75855,0
75856,0
75857,0
75858,0
75859,0
75860,0
75861,0
75862,0
75863,0
75864,0
75865,0
75868,1
75869,0
75870,0
75871,0
75872,0
75873,0
75874,0
75875,1
75876,1
75877,0
75878,0
75879,0
75880,0
75881,1
75882,1
75883,0
75884,1
75885,0
75886,0
75887,0
75888,0
75889,0
75890,0
75891,0
75892,0
75893,0
75894,0
75895,1
75896,1
75897,1
75898,0
75899,0
75900,1
75901,1
75902,1
75903,0
75904,1
75905,1
75906,0
75907,0
75908,1
75909,0
75910,1
75911,0
75912,1
75913,1
75914,0
75915,1
75916,1
75917,0
75918,0
75919,0
75920,0
75921,0
75922,1
75923,1
75924,1
75925,1
75926,1
75927,1
75928,1
75930,0
75931,0
75932,0
75933,0
75934,1
75935,1
75936,0
75937,1
75938,1
75939,0
75940,0
75941,0
75942,0
75943,0
75944,0
75945,0
75946,0
75947,1
75948,0
75949,1
75950,0
75951,0
75952,1
75953,0
75954,0
75955,0
75956,1
75957,1
75958,0
75959,0
75960,0
75961,0
75962,0
75963,0
75964,0
75966,0
75967,0
75968,0
75969,0
75970,0
75971,0
75972,0
75973,0
75974,0
75975,0
75976,0
75977,0
75978,0
75979,0
75980,0
75981,1
75982,1
75983,1
75984,0
75985,0
75986,0
75988,0
75989,0
75990,0
75991,0
75992,1
75993,1
75994,0
75995,0
75996,1
75997,1
75999,0
76000,0
76001,0
76002,1
76003,0
76004,1
76005,0
76006,0
76007,1
76008,1
76009,0
76010,1
76011,0
76012,0
76013,0
76014,0
76015,0
76016,0
76017,0
76018,0
76019,0
76020,0
76021,0
76022,1
76023,0
76024,0
76025,0
76026,0
76027,0
76029,0
76030,1
76031,1
76032,1
76033,0
76034,0
76035,0
76037,0
76038,1
76039,1
76040,1
76041,0
76042,0
76043,0
76044,0
76045,1
76046,0
76047,0
76048,0
76049,0
76050,0
76051,1
76052,0
76053,0
76054,0
76056,0
76057,0
76058,0
76059,1
76060,0
76061,0
76062,0
76063,0
76064,0
76065,0
76066,0
76067,0
76068,0
76069,0
76070,0
76071,0
76072,0
76073,0
76075,0
76076,1
76077,0
76078,0
76079,0
76080,0
76081,0
76082,0
76083,0
76084,0
76085,0
76086,0
76087,0
76088,0
76089,0
76090,1
76091,0
76092,0
76093,0
76094,1
76095,0
76096,1
76097,1
76098,1
76099,1
76101,0
76102,0
76103,0
76104,1
76105,0
76106,0
76107,0
76108,0
76109,1
76110,0
76111,0
76112,0
76113,0
76114,0
76115,0
76116,0
76117,1
76118,1
76119,0
76120,1
76121,0
76122,0
76123,0
76124,0
76125,0
76126,0
76127,0
76128,0
76129,0
76130,1
76131,0
76133,1
76134,0
76135,0
76136,0
76137,0
76138,0
76139,0
76140,0
76141,1
76142,1
76143,1
76144,0
76145,0
76146,0
76147,0
76148,0
76149,0
76150,1
76153,0
76154,0
76155,1
76156,1
76157,1
76158,0
76160,0
76162,1
76163,1
76164,0
76165,0
76166,1
76167,0
76168,0
76169,0
76170,1
76171,0
76172,0
76173,0
76174,0
76175,0
76176,0
76177,0
76178,1
76179,0
76181,0
76182,0
76183,1
76184,0
76185,0
76186,0
76187,0
76188,0
76189,0
76190,0
76191,0
76192,0
76193,0
76194,0
76195,0
76196,0
76197,0
76198,1
76199,0
76200,0
76201,0
76202,1
76204,0
76205,0
76206,0
76207,0
76208,0
76209,1
76210,0
76211,0
76212,0
76213,1
76214,0
76215,0
76216,0
76217,0
76218,0
76219,1
76220,0
76221,0
76222,0
76223,0
76224,0
76225,0
76226,0
76227,0
76228,0
76229,1
76230,0
76231,0
76232,0
76233,0
76234,0
76235,0
76236,0
76237,0
76238,0
76239,0
76240,0
76241,0
76242,0
76244,1
76245,0
76246,1
76247,0
76248,0
76249,0
76250,0
76251,1
76252,1
76253,1
76254,1
76255,0
76256,0
76257,0
76258,0
76259,0
76260,0
76261,0
76262,1
76263,0
76264,0
76265,1
76266,1
76267,0
76268,0
76270,0
76271,0
76272,0
76273,0
76275,0
76276,1
76277,1
76278,0
76279,0
76280,0
76281,0
76282,0
76283,0
76284,1
76285,0
76286,1
76287,0
76288,0
76289,1
76290,0
76291,0
76292,0
76293,1
76294,0
76295,1
76296,0
76297,0
76298,0
76300,0
76301,0
76303,1
76304,0
76305,0
76306,0
76307,0
76308,0
76309,0
76310,0
76311,0
76312,1
76313,0
76314,0
76315,0
76316,0
76317,1
76318,0
76319,0
76320,1
76321,1
76322,0
76323,0
76324,0
76325,1
76326,0
76327,0
76328,1
76329,1
76330,0
76331,0
76332,0
76333,0
76334,1
76335,0
76336,0
76338,0
76339,0
76340,1
76341,0
76342,0
76343,0
76344,0
76345,0
76346,0
76347,0
76348,0
76349,0
76350,0
76351,0
76352,1
76353,0
76354,0
76355,0
76356,1
76357,0
76358,0
76359,0
76361,0
76362,0
76363,0
76364,0
76365,0
76366,0
76367,0
76368,1
76369,0
76370,0
76372,0
76373,0
76374,0
76376,0
76377,1
76378,0
76380,0
76381,0
76382,1
76383,0
76384,0
76385,1
76386,0
76387,0
76388,0
76389,0
76390,0
76391,1
76392,1
76393,0
76395,0
76396,1
76397,1
76398,1
76399,1
76401,1
76402,0
76403,0
76404,0
76405,1
76406,1
76407,0
76408,0
76409,1
76410,0
76411,0
76413,1
76414,0
76415,0
76416,1
76417,0
76418,0
76419,1
76420,0
76421,0
76422,0
76423,0
76424,0
76425,1
76426,1
76427,1
76428,1
76429,1
76430,1
76431,0
76432,1
76433,1
76434,0
76435,0
76436,0
76437,0
76439,0
76440,0
76441,0
76442,1
76443,1
76445,0
76446,0
76447,0
76448,0
76449,0
76450,1
76451,0
76452,0
76453,0
76454,0
76455,1
76456,0
76457,0
76458,0
76460,1
76461,0
76462,1
76463,1
76464,0
76465,0
76466,0
76467,0
76468,1
76469,0
76470,0
76471,0
76472,0
76473,0
76474,0
76475,0
76476,0
76477,1
76478,1
76480,0
76481,0
76482,0
76483,0
76484,0
76485,0
76486,0
76487,0
76488,0
76490,0
76491,0
76492,0
76493,1
76495,1
76496,0
76497,0
76498,0
76499,0
76500,1
76501,0
76502,0
76503,0
76504,0
76505,0
76506,0
76507,0
76508,0
76509,0
76510,0
76511,0
76512,0
76514,0
76515,0
76516,0
76517,0
76518,0
76519,0
76520,0
76521,1
76523,0
76524,0
76525,0
76526,0
76527,0
76528,0
76530,0
76531,0
76532,1
76533,1
76534,1
76535,1
76536,0
76537,0
76538,0
76539,0
76540,0
76541,0
76542,0
76543,0
76545,0
76546,1
76547,0
76548,0
76549,0
76550,0
76551,0
76552,0
76553,0
76554,0
76555,0
76556,0
76557,0
76558,0
76559,0
76560,0
76561,1
76563,0
76564,0
76565,1
76566,1
76568,0
76569,0
76570,0
76571,0
76572,0
76573,0
76574,0
76575,0
76576,0
76577,0
76578,0
76579,0
76580,1
76581,0
76582,0
76583,0
76584,1
76585,1
76586,0
76587,1
76588,0
76589,0
76591,0
76592,0
76594,0
76596,0
76597,0
76598,0
76599,0
76600,0
76601,0
76602,0
76603,0
76604,1
76605,0
76608,0
76609,0
76610,0
76611,0
76612,0
76613,0
76614,0
76615,0
76616,0
76617,0
76618,0
76619,0
76620,1
76621,0
76622,1
76623,0
76624,0
76625,1
76626,0
76627,0
76628,0
76629,0
76630,0
76631,1
76632,1
76633,1
76634,0
76635,0
76636,1
76637,0
76639,0
76640,0
76641,1
76642,0
76643,1
76644,0
76645,0
76646,0
76647,0
76648,0
76649,1
76650,0
76651,0
76652,1
76653,1
76654,0
76655,0
76656,0
76657,1
76658,1
76659,0
76660,0
76661,0
76662,1
76663,0
76664,0
76665,0
76666,0
76667,0
76668,0
76669,0
76670,0
76671,0
76672,0
76673,0
76674,0
76675,0
76676,0
76677,0
76678,0
76679,0
76680,0
76681,0
76682,0
76683,0
76684,0
76685,0
76686,0
76687,0
76688,0
76689,1
76690,1
76691,1
76692,0
76693,0
76694,1
76695,1
76696,0
76697,0
76698,0
76699,0
76700,0
76701,0
76702,0
76703,0
76704,1
76706,0
76708,0
76709,1
76710,0
76711,0
76712,1
76713,0
76714,1
76715,1
76717,0
76718,0
76719,0
76720,0
76722,1
76723,0
76724,1
76725,0
76726,0
76727,1
76728,0
76729,0
76730,0
76731,1
76732,0
76733,0
76734,0
76735,0
76736,1
76737,0
76738,0
76739,1
76740,0
76741,0
76744,0
76745,0
76746,0
76747,0
76748,0
76749,1
76750,1
76751,0
76752,0
76753,0
76755,1
76756,0
76757,0
76758,0
76761,0
76762,1
76763,1
76764,0
76765,1
76766,0
76767,1
76768,0
76769,0
76773,0
76774,0
76775,0
76776,0
76778,0
76781,0
76782,1
76783,0
76784,0
76785,0
76787,0
76788,0
76789,0
76790,0
76791,0
76792,0
76793,0
76794,0
76795,0
76797,0
76798,0
76799,0
76800,1
76801,0
76803,1
76804,0
76805,1
76806,1
76807,1
76808,0
76809,0
76810,0
76811,0
76812,1
76814,1
76815,1
76816,0
76817,0
76818,0
76820,0
76821,0
76822,0
76823,0
76826,1
76827,0
76828,1
76829,0
76830,0
76831,0
76832,1
76833,1
76834,1
76835,0
76836,1
76837,1
76838,1
76839,1
76840,1
76841,1
76842,0
76843,0
76844,0
76845,0
76846,1
76847,0
76848,0
76849,0
76850,0
76851,0
76852,0
76853,0
76854,1
76855,1
76856,0
76857,1
76858,0
76859,0
76860,1
76861,0
76862,1
76863,0
76864,0
76865,0
76866,0
76867,0
76868,0
76869,0
76870,0
76871,0
76872,0
76873,0
76874,0
76875,0
76876,0
76877,0
76878,0
76879,0
76880,0
76881,0
76882,0
76883,0
76884,0
76885,0
76886,0
76888,0
76889,0
76890,0
76891,1
76892,1
76893,1
76894,1
76895,0
76896,0
76897,0
76898,0
76899,0
76900,0
76901,0
76902,1
76903,0
76904,0
76905,0
76906,0
76907,0
76908,0
76909,1
76910,0
76911,1
76913,1
76914,0
76915,0
76916,0
76917,1
76918,0
76919,0
76920,0
76921,0
76922,0
76923,0
76924,0
76925,0
76926,0
76927,0
76928,0
76929,0
76930,0
76931,0
76932,0
76933,0
76934,0
76935,0
76936,1
76937,1
76938,1
76939,1
76940,1
76941,1
76942,1
76943,1
76944,0
76945,0
76946,0
76947,1
76948,0
76949,0
76950,0
76951,0
76952,0
76953,0
76954,0
76955,0
76956,0
76957,0
76958,1
76959,1
76960,0
76961,0
76962,1
76963,0
76964,0
76965,0
76966,1
76967,0
76968,0
76969,0
76970,0
76971,0
76972,0
76973,0
76974,0
76975,0
76976,0
76977,1
76978,1
76979,0
76980,0
76981,0
76982,0
76983,0
76984,0
76985,1
76986,0
76987,0
76988,0
76989,0
76990,0
76991,1
76992,0
76993,0
76995,0
76996,0
76997,0
76998,0
76999,0
77000,0
77001,0
77002,1
77003,0
77004,0
77005,0
77007,0
77008,0
77009,1
77010,0
77011,0
77012,0
77013,1
77014,0
77015,0
77016,0
77017,0
77018,0
77019,0
77020,0
77021,0
77022,0
77023,0
77024,0
77025,0
77026,1
77027,1
77028,1
77029,0
77031,1
77032,1
77033,0
77034,0
77035,0
77036,0
77037,0
77038,0
77039,0
77040,1
77041,0
77042,0
77043,0
77044,0
77045,1
77047,0
77048,0
77049,0
77050,1
77051,1
77052,1
77053,0
77054,0
77055,1
77056,0
77057,0
77058,0
77059,1
77060,0
77061,0
77062,1
77063,0
77064,0
77065,1
77066,0
77067,0
77068,1
77069,1
77070,0
77071,0
77072,1
77073,0
77074,0
77075,0
77076,0
77077,1
77078,1
77080,0
77081,0
77082,0
77083,0
77084,0
77085,0
77086,1
77087,0
77088,0
77089,0
77090,0
77091,0
77093,0
77094,0
77095,0
77096,0
77097,1
77098,0
77100,0
77101,0
77102,0
77103,0
77104,0
77105,0
77107,1
77108,1
77109,1
77110,1
77111,0
77112,0
77113,0
77114,0
77115,0
77116,1
77117,1
77118,0
77119,0
77120,0
77121,1
77122,0
77123,0
77124,1
77125,0
77126,0
77127,0
77128,1
77129,0
77130,1
77131,0
77132,0
77133,1
77134,1
77135,0
77136,0
77137,0
77138,0
77139,0
77140,0
77141,0
77142,0
77143,0
77144,0
77145,0
77146,1
77147,1
77148,1
77149,0
77150,1
77151,1
77152,0
77153,0
77154,0
77155,0
77156,1
77157,0
77158,0
77159,0
77160,0
77161,0
77162,0
77163,1
77164,0
77165,1
77166,0
77168,0
77169,0
77170,0
77171,0
77172,1
77173,0
77175,0
77176,0
77177,0
77178,0
77179,0
77180,0
77181,1
77182,0
77183,0
77184,1
77185,0
77186,1
77187,0
77188,1
77189,1
77190,0
77192,0
77193,0
77194,1
77195,0
77198,1
77199,0
77201,0
77202,0
77203,0
77204,0
77205,1
77206,0
77207,0
77208,0
77209,1
77210,0
77211,0
77212,0
77213,0
77214,0
77215,0
77216,0
77217,1
77218,0
77219,0
77220,0
77221,0
77222,0
77223,0
77224,0
77225,0
77226,0
77227,0
77228,0
77229,1
77230,0
77231,0
77232,0
77233,1
77234,0
77235,0
77236,0
77237,1
77238,0
77239,0
77240,1
77241,0
77242,0
77243,0
77244,0
77245,0
77246,0
77248,0
77249,0
77250,0
77251,0
77252,0
77253,0
77254,1
77255,1
77256,1
77257,1
77258,0
77259,0
77261,0
77262,0
77264,1
77265,0
77266,0
77267,0
77268,0
77269,1
77270,1
77271,0
77272,0
77274,0
77275,0
77276,0
77277,0
77278,0
77279,0
77280,1
77281,0
77282,0
77283,0
77284,0
77285,0
77286,1
77287,1
77288,0
77289,0
77290,0
77291,0
77292,0
77293,0
77294,0
77295,0
77296,0
77297,0
77298,0
77299,0
77300,0
77301,0
77302,0
77303,0
77304,0
77306,0
77307,0
77308,0
77309,0
77310,0
77311,0
77312,0
77313,0
77314,0
77315,0
77316,0
77317,0
77318,0
77320,1
77321,0
77323,1
77324,0
77325,0
77326,1
77327,0
77328,0
77329,0
77330,0
77331,0
77332,0
77333,0
77335,0
77336,0
77337,0
77338,0
77339,0
77340,0
77341,0
77342,0
77343,0
77344,0
77345,1
77346,0
77347,0
77348,0
77349,0
77350,0
77351,0
77352,0
77353,0
77354,0
77356,1
77357,0
77358,0
77359,0
77360,0
77362,0
77363,1
77364,1
77366,0
77367,0
77368,0
77369,0
77370,0
77372,0
77373,0
77374,0
77375,1
77376,1
77377,0
77378,0
77379,0
77380,0
77381,1
77382,1
77383,1
77384,0
77385,0
77386,0
77387,0
77388,0
77389,0
77390,0
77391,1
77392,0
77393,0
77395,0
77396,0
77397,0
77398,0
77399,0
77400,0
77401,1
77402,0
77404,0
77405,0
77406,0
77407,0
77408,1
77410,1
77411,0
77412,0
77413,1
77414,0
77415,0
77416,0
77417,0
77418,0
77419,0
77420,0
77421,0
77422,0
77423,1
77424,0
77425,0
77426,0
77427,0
77428,1
77429,0
77430,0
77431,0
77432,0
77433,0
77434,0
77435,0
77436,0
77437,0
77438,0
77439,0
77440,0
77441,0
77442,0
77443,0
77444,0
77445,0
77446,0
77447,0
77448,0
77449,0
77450,0
77451,0
77452,1
77453,1
77454,0
77455,0
77456,1
77457,0
77458,0
77459,1
77460,0
77461,0
77462,0
77463,1
77464,1
77465,0
77466,0
77467,1
77468,0
77469,0
77470,0
77471,0
77472,0
77473,0
77474,0
77475,0
77476,0
77478,0
77479,0
77480,1
77481,1
77482,1
77483,1
77484,0
77485,1
77486,0
77487,1
77488,0
77489,1
77490,1
77491,0
77492,1
77493,1
77494,1
77495,1
77496,0
77497,0
77498,0
77499,0
77500,0
77501,0
77502,0
77503,1
77506,1
77507,0
77509,0
77510,0
77511,0
77512,0
77513,0
77514,0
77515,0
77516,0
77517,1
77518,1
77519,0
77520,0
77521,0
77522,1
77523,0
77524,0
77525,0
77526,1
77527,0
77528,1
77529,0
77530,0
77531,1
77532,0
77533,0
77534,0
77535,0
77536,1
77537,0
77538,1
77539,0
77540,0
77541,1
77542,0
77543,0
77544,0
77548,1
77549,0
77550,0
77551,1
77552,0
77553,0
77554,1
77555,0
77556,0
77557,0
77558,0
77559,0
77560,1
77561,0
77562,1
77564,0
77565,0
77566,0
77567,0
77568,0
77570,1
77571,1
77572,0
77573,1
77574,0
77575,1
77576,1
77577,1
77578,1
77579,1
77580,1
77581,1
77582,0
77583,1
77584,1
77585,0
77586,0
77587,0
77588,1
77589,0
77590,0
77591,0
77592,0
77593,1
77595,0
77596,0
77597,1
77598,0
77599,0
77600,0
77601,0
77602,0
77603,0
77604,0
77605,0
77606,0
77607,0
77608,0
77609,0
77610,0
77611,1
77612,0
77613,0
77615,1
77616,0
77617,0
77618,0
77619,0
77620,0
77621,0
77622,0
77623,1
77624,1
77625,1
77626,0
77627,0
77628,0
77629,0
77630,0
77631,0
77632,0
77634,1
77635,1
77636,1
77637,0
77638,1
77639,1
77640,0
77641,1
77642,0
77643,1
77644,1
77645,0
77646,0
77647,1
77648,1
77649,0
77650,0
77651,1
77652,1
77653,1
77654,1
77655,0
77656,0
77657,1
77658,0
77659,0
77660,0
77661,0
77662,1
77663,0
77664,0
77665,0
77666,1
77667,0
77668,1
77669,1
77670,0
77671,0
77672,0
77673,1
77674,1
77675,0
77676,0
77678,0
77679,0
77681,0
77682,0
77683,0
77684,0
77685,0
77686,0
77687,0
77688,0
77689,0
77691,1
77692,0
77693,0
77694,1
77695,0
77696,0
77697,0
77698,1
77699,0
77700,0
77701,0
77702,1
77704,0
77705,0
77706,0
77707,0
77709,0
77710,0
77711,0
77712,1
77713,0
77714,0
77716,0
77717,0
77718,1
77719,0
77720,1
77721,0
77722,0
77723,0
77724,1
77725,1
77726,1
77727,0
77728,0
77729,0
77730,0
77731,1
77732,0
77733,0
77734,0
77735,1
77736,1
77737,0
77738,0
77739,0
77740,0
77741,1
77742,0
77743,0
77744,0
77745,0
77746,1
77747,0
77748,0
77750,0
77751,1
77752,0
77753,0
77754,1
77755,1
77756,1
77757,1
77758,1
77759,1
77760,0
77761,0
77762,0
77763,0
77764,0
77765,1
77766,0
77767,0
77768,0
77769,1
77770,0
77771,0
77772,1
77773,0
77774,0
77775,0
77776,0
77777,0
77778,0
77779,1
77780,0
77781,0
77783,0
77784,1
77785,1
77786,0
77787,0
77788,0
77789,0
77790,0
77791,0
77792,0
77793,0
77794,0
77795,0
77796,0
77797,0
77798,0
77799,0
77800,0
77801,0
77802,0
77803,0
77804,0
77806,0
77807,1
77808,0
77809,0
77810,0
77811,0
77812,0
77813,0
77814,0
77815,1
77816,0
77818,0
77819,0
77820,0
77821,0
77822,0
77823,0
77824,0
77825,0
77826,1
77827,0
77828,0
77829,0
77830,0
77831,1
77832,1
77833,1
77834,0
77835,1
77836,1
77837,0
77838,0
77839,1
77840,1
77841,0
77842,0
77843,1
77844,1
77845,0
77846,1
77847,0
77848,1
77849,1
77850,1
77851,1
77852,0
77853,0
77854,0
77855,1
77856,0
77857,1
77858,0
77859,0
77860,0
77861,1
77862,0
77864,0
77865,0
77866,0
77867,0
77868,0
77869,0
77870,0
77871,0
77872,0
77873,0
77874,1
77875,1
77876,0
77877,0
77878,0
77879,0
77880,0
77881,0
77882,0
77883,0
77884,0
77886,1
77887,1
77888,0
77889,0
77890,0
77892,1
77893,0
77894,1
77895,0
77896,0
77897,0
77898,0
77899,0
77900,0
77901,1
77902,0
77903,1
77904,0
77905,0
77906,0
77907,0
77908,0
77909,0
77910,0
77911,0
77912,0
77913,1
77914,0
77915,0
77916,0
77917,0
77918,0
77919,0
77920,0
77921,0
77922,1
77923,0
77924,0
77925,0
77926,0
77927,1
77928,1
77929,0
77930,1
77931,0
77932,0
77933,0
77934,1
77935,0
77936,0
77937,0
77938,0
77939,0
77940,1
77941,0
77942,0
77943,0
77944,0
77945,1
77946,0
77947,1
77948,0
77949,0
77950,0
77951,0
77952,0
77953,0
77954,0
77955,0
77956,0
77957,0
77959,0
77960,1
77961,0
77962,0
77963,0
77964,0
77965,0
77966,1
77968,0
77969,0
77970,0
77971,0
77972,0
77973,0
77974,0
77975,0
77976,0
77977,0
77978,0
77979,0
77980,0
77981,0
77982,0
77983,0
77984,0
77986,0
77987,0
77988,0
77989,0
77990,1
77991,0
77992,0
77993,0
77994,0
77995,0
77996,0
77997,0
77998,0
77999,0
78000,0
78001,0
78002,0
78003,0
78004,0
78005,0
78006,0
78007,0
78008,0
78009,0
78010,1
78011,0
78012,0
78013,0
78014,0
78015,0
78016,0
78017,0
78018,1
78019,0
78020,0
78021,0
78022,0
78023,0
78024,0
78025,1
78026,1
78027,0
78028,0
78029,0
78030,0
78031,0
78032,1
78033,0
78034,0
78035,0
78036,0
78037,1
78038,0
78039,1
78040,0
78041,0
78042,0
78043,1
78044,1
78045,0
78046,0
78047,0
78048,0
78049,0
78050,0
78051,0
78052,0
78053,0
78054,0
78055,0
78056,1
78057,0
78058,0
78059,1
78060,0
78061,1
78062,1
78063,0
78064,1
78065,0
78066,0
78067,0
78068,0
78069,0
78070,0
78071,1
78072,0
78073,0
78074,0
78075,0
78076,0
78077,0
78078,1
78079,0
78080,0
78081,0
78082,0
78083,1
78084,1
78085,1
78086,1
78087,0
78088,0
78089,0
78090,0
78091,0
78092,0
78093,0
78094,0
78096,1
78097,1
78098,1
78099,0
78101,0
78102,1
78103,0
78104,0
78105,0
78106,0
78107,0
78108,0
78109,0
78110,0
78111,0
78112,0
78113,0
78114,0
78115,0
78116,0
78117,0
78118,0
78119,0
78120,0
78121,0
78122,0
78123,0
78124,1
78126,0
78127,0
78128,1
78129,0
78130,0
78131,0
78132,1
78133,1
78134,0
78135,0
78136,0
78137,0
78138,0
78139,0
78140,0
78141,1
78142,0
78143,0
78144,0
78145,1
78146,0
78147,0
78148,0
78149,0
78150,1
78151,0
78152,0
78153,0
78155,0
78156,1
78157,0
78158,0
78159,1
78160,0
78161,1
78162,1
78163,1
78164,0
78165,0
78166,0
78167,0
78168,0
78169,0
78170,1
78171,1
78172,0
78173,1
78174,0
78175,0
78176,0
78177,0
78178,1
78179,0
78180,1
78181,0
78182,0
78183,0
78184,0
78186,0
78187,0
78188,0
78189,0
78190,0
78191,0
78192,0
78193,0
78194,0
78195,0
78196,0
78197,0
78198,0
78200,0
78201,0
78202,0
78203,0
78204,0
78206,0
78207,0
78208,0
78209,1
78210,0
78211,0
78212,0
78213,0
78214,1
78215,1
78216,0
78217,0
78218,0
78219,0
78220,0
78221,1
78222,0
78223,0
78224,1
78225,0
78226,1
78227,1
78228,0
78229,0
78230,0
78231,0
78232,1
78233,0
78234,0
78235,1
78236,1
78237,0
78238,1
78239,0
78240,0
78241,0
78242,1
78243,0
78244,0
78245,1
78246,0
78247,0
78248,0
78249,0
78250,0
78252,0
78253,0
78254,0
78255,0
78256,1
78257,0
78258,0
78260,0
78261,0
78262,1
78263,0
78265,0
78266,1
78267,0
78268,0
78269,0
78270,0
78271,0
78272,0
78273,0
78274,1
78275,0
78276,1
78277,1
78278,0
78279,0
78280,0
78281,0
78282,0
78283,1
78284,0
78285,0
78286,0
78287,0
78288,0
78289,0
78290,0
78291,0
78293,0
78294,0
78295,0
78296,0
78297,1
78298,0
78299,1
78300,0
78301,0
78302,0
78303,0
78304,0
78305,0
78306,0
78307,1
78308,0
78309,0
78310,1
78311,0
78312,0
78313,1
78314,0
78315,0
78316,0
78317,1
78318,0
78319,1
78320,1
78321,1
78322,0
78323,1
78324,0
78325,1
78326,1
78327,0
78328,0
78329,0
78331,0
78333,1
78334,0
78335,0
78336,0
78337,0
78338,0
78339,0
78340,0
78341,0
78342,0
78343,0
78344,0
78345,0
78346,1
78347,1
78348,0
78349,0
78351,0
78353,0
78354,0
78355,0
78356,0
78358,1
78359,1
78360,0
78361,0
78362,0
78363,0
78364,0
78365,0
78367,0
78368,0
78371,0
78373,1
78374,0
78375,0
78376,0
78377,1
78378,0
78379,0
78380,0
78383,0
78384,0
78386,1
78387,1
78388,1
78389,1
78390,1
78391,1
78392,0
78393,0
78394,0
78395,0
78396,0
78397,0
78398,1
78399,0
78400,0
78401,0
78402,0
78403,1
78404,0
78405,1
78406,1
78407,0
78409,0
78410,0
78411,1
78412,0
78413,0
78416,0
78417,0
78418,0
78419,1
78421,0
78422,0
78423,1
78424,0
78425,0
78426,0
78427,0
78428,0
78429,0
78430,1
78431,1
78432,0
78433,1
78434,0
78435,1
78436,0
78437,0
78438,0
78439,0
78440,0
78441,0
78442,1
78443,0
78444,0
78446,0
78447,0
78448,0
78449,0
78450,0
78451,0
78452,0
78453,0
78454,1
78455,1
78456,1
78457,0
78458,0
78460,0
78461,0
78462,0
78463,0
78464,0
78465,1
78466,0
78467,0
78468,0
78469,0
78470,0
78471,0
78472,0
78473,0
78474,0
78475,0
78476,0
78477,0
78478,0
78479,1
78480,0
78481,0
78482,0
78484,0
78485,1
78486,0
78488,0
78489,0
78490,0
78491,0
78492,1
78493,1
78494,1
78495,0
78496,0
78497,0
78498,0
78499,1
78500,0
78501,0
78502,0
78503,0
78504,1
78505,1
78506,1
78507,0
78510,0
78511,0
78512,0
78513,0
78514,0
78515,0
78516,0
78517,0
78519,0
78520,0
78521,0
78522,0
78523,1
78524,0
78525,0
78526,1
78527,0
78528,0
78529,0
78530,0
78531,1
78532,1
78533,0
78534,1
78535,0
78536,0
78537,0
78538,0
78539,0
78540,0
78541,1
78542,0
78543,0
78544,0
78545,0
78546,0
78547,0
78548,0
78549,1
78550,0
78551,1
78552,1
78553,1
78554,0
78555,0
78556,0
78557,0
78558,1
78559,0
78560,0
78561,1
78562,1
78563,0
78564,0
78565,0
78566,0
78567,0
78568,0
78569,1
78571,0
78572,1
78573,1
78574,1
78576,0
78577,0
78578,0
78579,0
78580,0
78581,0
78582,1
78583,1
78584,0
78585,0
78586,0
78587,0
78588,0
78589,0
78590,0
78591,0
78592,0
78593,0
78594,0
78595,1
78597,0
78598,0
78599,0
78600,0
78601,0
78602,0
78603,0
78604,0
78607,0
78608,0
78609,1
78610,0
78611,0
78612,0
78613,1
78614,0
78615,0
78616,0
78617,0
78619,0
78620,0
78621,0
78622,0
78623,0
78624,0
78625,0
78626,0
78627,0
78628,0
78629,1
78630,0
78631,1
78632,1
78633,1
78634,0
78635,0
78636,0
78637,0
78638,0
78639,0
78640,0
78641,0
78642,1
78643,0
78645,0
78646,0
78647,0
78648,0
78649,1
78650,0
78651,1
78652,1
78653,0
78654,1
78655,0
78656,0
78657,0
78659,1
78660,1
78661,0
78662,1
78663,0
78664,1
78665,0
78666,1
78667,1
78668,1
78669,1
78670,1
78671,1
78672,1
78673,0
78674,0
78675,1
78677,1
78678,0
78679,0
78680,0
78681,0
78682,1
78683,0
78684,0
78685,1
78686,0
78687,1
78689,1
78690,0
78691,0
78692,0
78693,1
78694,1
78695,0
78696,0
78697,1
78698,1
78699,1
78700,0
78701,0
78702,0
78703,0
78704,1
78705,0
78706,0
78707,1
78708,0
78709,1
78710,1
78711,1
78712,1
78713,1
78714,0
78715,1
78716,0
78717,0
78718,1
78719,0
78720,1
78721,0
78722,0
78723,1
78724,0
78725,1
78726,0
78727,0
78729,0
78730,0
78731,0
78732,0
78733,0
78734,1
78735,0
78736,0
78737,0
78738,0
78739,0
78740,1
78742,0
78743,0
78744,1
78745,1
78746,1
78747,0
78748,0
78749,0
78750,0
78751,0
78752,0
78753,0
78754,1
78755,1
78756,0
78757,0
78758,0
78759,0
78760,0
78761,0
78762,0
78763,0
78764,0
78765,0
78766,0
78767,0
78768,0
78769,0
78770,0
78771,1
78772,1
78775,0
78776,0
78777,0
78778,0
78779,0
78780,1
78781,0
78782,0
78783,0
78784,0
78785,0
78786,0
78787,0
78788,0
78789,0
78790,0
78791,1
78792,0
78793,0
78794,0
78795,0
78796,0
78797,0
78798,0
78799,0
78800,0
78801,0
78802,0
78803,1
78804,1
78806,0
78807,0
78808,1
78809,0
78810,0
78811,1
78812,0
78813,0
78814,0
78815,0
78816,0
78817,0
78818,0
78819,1
78820,1
78821,0
78822,0
78823,0
78824,0
78825,0
78826,0
78827,0
78828,1
78829,1
78830,0
78831,1
78832,0
78833,0
78834,1
78835,1
78836,1
78837,0
78838,1
78839,0
78840,1
78841,0
78842,0
78843,0
78844,0
78845,0
78846,1
78848,0
78849,0
78850,0
78851,1
78852,0
78853,0
78854,0
78855,0
78856,0
78857,1
78858,0
78859,1
78860,1
78861,1
78862,0
78863,0
78864,0
78865,0
78866,0
78867,0
78868,0
78869,0
78870,0
78872,0
78873,0
78874,0
78875,0
78876,0
78877,0
78878,0
78879,0
78880,1
78881,1
78882,0
78883,0
78884,0
78885,0
78886,0
78887,0
78888,0
78889,0
78890,1
78891,0
78892,0
78893,0
78895,1
78897,0
78898,0
78899,0
78901,1
78902,0
78903,0
78904,1
78905,0
78906,0
78907,0
78908,0
78909,0
78910,0
78911,0
78912,0
78913,0
78914,1
78915,1
78917,1
78918,1
78919,1
78920,0
78921,1
78922,0
78923,0
78924,0
78925,0
78926,0
78927,0
78928,1
78929,0
78930,0
78931,0
78932,1
78933,0
78934,0
78935,0
78936,0
78937,0
78938,0
78939,0
78940,0
78941,0
78942,1
78943,0
78944,0
78945,0
78946,0
78947,0
78948,0
78949,0
78950,0
78951,0
78952,0
78953,0
78954,0
78955,0
78956,0
78957,0
78958,0
78959,0
78960,0
78961,0
78962,1
78963,0
78964,1
78965,0
78966,0
78967,0
78968,0
78969,0
78970,0
78971,1
78972,0
78973,0
78974,0
78975,0
78976,0
78977,0
78979,0
78980,0
78981,0
78982,0
78983,0
78984,0
78985,1
78986,1
78987,1
78988,1
78989,0
78990,0
78991,0
78992,1
78993,1
78994,0
78995,0
78996,0
78997,0
78998,0
79000,1
79001,0
79002,0
79003,0
79004,1
79006,0
79007,0
79008,0
79009,0
79010,0
79011,1
79012,0
79013,0
79015,0
79016,0
79017,0
79018,0
79019,0
79020,0
79022,0
79024,0
79025,0
79026,0
79027,0
79028,1
79029,1
79030,1
79031,1
79032,0
79033,0
79034,0
79035,0
79036,1
79038,0
79039,0
79040,0
79041,0
79042,0
79043,0
79044,1
79045,0
79046,0
79047,0
79049,0
79050,0
79051,0
79052,0
79053,0
79054,0
79055,0
79056,0
79057,0
79058,0
79059,0
79060,0
79061,1
79062,0
79063,0
79064,0
79065,1
79066,0
79067,0
79068,0
79069,0
79070,0
79072,0
79073,0
79074,0
79075,1
79076,0
79077,0
79078,0
79080,0
79081,0
79082,0
79083,0
79084,0
79085,0
79086,0
79087,0
79088,1
79089,0
79090,1
79091,0
79092,0
79094,0
79095,0
79096,0
79097,1
79098,0
79099,1
79100,0
79101,0
79102,0
79103,0
79104,1
79105,1
79106,0
79107,1
79108,0
79109,1
79110,1
79111,0
79112,0
79113,0
79114,1
79115,1
79116,0
79117,0
79118,1
79119,1
79120,0
79121,0
79122,0
79123,0
79124,0
79125,0
79126,1
79127,1
79128,0
79129,0
79130,0
79131,0
79132,1
79133,0
79134,0
79135,1
79136,0
79137,1
79138,0
79139,0
79140,0
79141,0
79142,0
79143,0
79144,0
79145,0
79146,0
79147,0
79148,0
79149,0
79150,0
79151,1
79152,0
79153,0
79154,0
79155,0
79156,0
79157,0
79159,1
79160,1
79161,0
79162,0
79163,0
79164,0
79165,0
79166,0
79167,0
79168,0
79169,0
79171,0
79172,1
79173,0
79174,0
79177,0
79178,0
79179,0
79180,1
79181,0
79183,0
79186,1
79187,1
79188,1
79189,1
79190,1
79191,1
79192,0
79193,0
79194,1
79195,0
79196,0
79197,0
79198,0
79199,0
79200,0
79201,1
79202,1
79203,0
79204,1
79205,0
79207,1
79208,1
79209,1
79210,1
79211,0
79212,0
79213,0
79214,1
79215,1
79216,0
79217,1
79218,0
79219,0
79220,0
79221,1
79222,0
79223,0
79224,0
79225,0
79226,1
79227,0
79228,0
79229,1
79230,0
79231,1
79232,0
79233,1
79234,1
79235,0
79236,1
79237,0
79238,0
79239,0
79240,0
79241,0
79242,1
79243,0
79244,0
79245,0
79246,0
79247,0
79248,0
79249,0
79252,0
79253,1
79254,1
79255,0
79257,1
79258,0
79259,0
79260,0
79261,0
79262,0
79263,0
79264,0
79265,0
79266,0
79267,0
79268,0
79269,0
79270,1
79271,0
79272,0
79273,1
79274,0
79275,0
79276,1
79277,0
79278,0
79279,0
79280,0
79281,1
79282,0
79283,0
79284,0
79285,0
79286,0
79287,1
79288,0
79289,0
79290,0
79291,1
79293,0
79294,1
79295,1
79296,1
79297,0
79298,1
79299,1
79300,0
79301,0
79302,1
79303,0
79304,1
79305,0
79306,0
79307,1
79308,0
79309,1
79310,0
79311,1
79312,0
79313,0
79314,1
79315,1
79316,1
79317,1
79318,0
79319,0
79320,0
79321,0
79322,0
79323,0
79324,0
79325,0
79326,0
79327,1
79328,0
79329,0
79330,0
79331,0
79332,0
79334,0
79335,0
79336,1
79337,0
79338,1
79339,0
79340,0
79341,1
79342,1
79343,0
79344,0
79345,0
79346,0
79347,0
79348,0
79349,0
79350,0
79351,0
79352,0
79353,0
79354,1
79355,1
79356,0
79357,1
79358,0
79359,0
79360,0
79361,1
79362,0
79364,0
79365,0
79366,1
79367,0
79368,0
79369,0
79370,0
79371,0
79372,1
79373,1
79374,0
79375,0
79376,0
79377,1
79378,0
79379,0
79380,0
79381,0
79382,0
79383,0
79384,1
79385,1
79386,0
79387,0
79388,0
79389,0
79390,0
79391,0
79392,0
79393,1
79394,0
79395,0
79396,0
79397,0
79398,0
79399,0
79400,0
79401,0
79402,0
79403,0
79404,0
79405,0
79406,1
79407,0
79408,1
79409,1
79410,0
79411,1
79412,0
79413,0
79414,1
79415,1
79416,0
79417,0
79418,0
79419,0
79420,1
79421,1
79422,1
79423,0
79424,1
79425,0
79426,1
79427,0
79428,0
79429,0
79430,0
79431,1
79432,0
79433,1
79434,0
79436,0
79437,0
79438,0
79439,0
79440,1
79441,1
79442,0
79443,1
79444,0
79445,1
79446,0
79448,0
79449,0
79450,1
79451,1
79452,1
79453,0
79454,0
79455,0
79456,0
79457,0
79458,1
79459,0
79461,1
79462,0
79463,0
79464,0
79465,0
79466,0
79467,0
79468,0
79469,0
79470,0
79471,0
79472,1
79473,1
79474,0
79475,0
79477,1
79478,0
79479,0
79480,0
79481,0
79482,0
79483,0
79484,1
79485,0
79486,0
79487,0
79488,0
79489,0
79490,0
79491,0
79492,0
79493,0
79494,1
79495,0
79496,0
79497,1
79498,0
79499,0
79500,0
79501,1
79502,0
79504,0
79505,0
79506,1
79507,0
79508,1
79509,0
79511,1
79512,0
79513,1
79514,1
79515,1
79516,0
79517,1
79519,1
79520,1
79521,1
79522,1
79523,1
79524,0
79525,1
79526,0
79527,1
79528,1
79529,0
79530,0
79531,0
79532,0
79533,0
79534,0
79535,0
79536,0
79537,0
79538,0
79539,0
79541,1
79542,0
79543,0
79544,0
79545,0
79546,0
79547,0
79548,0
79549,0
79550,0
79551,0
79552,0
79553,0
79554,0
79555,0
79556,0
79557,0
79558,0
79559,0
79560,0
79561,1
79562,1
79563,0
79564,0
79565,0
79566,0
79567,0
79568,0
79569,0
79570,0
79571,0
79572,0
79573,1
79575,0
79576,0
79577,0
79578,1
79579,0
79580,0
79581,0
79582,0
79583,0
79584,0
79585,0
79586,0
79587,0
79588,0
79589,0
79590,0
79591,0
79592,0
79593,1
79594,0
79596,0
79597,0
79598,0
79599,0
79600,0
79601,0
79602,0
79603,0
79604,1
79605,0
79606,1
79607,0
79608,1
79609,0
79610,0
79611,0
79612,1
79613,1
79614,1
79615,0
79616,1
79617,0
79618,0
79619,0
79620,1
79621,0
79622,0
79623,0
79624,0
79625,1
79626,1
79627,0
79629,0
79630,0
79631,0
79632,0
79633,1
79634,0
79635,0
79636,0
79637,0
79638,1
79639,0
79640,1
79641,1
79642,1
79644,0
79645,0
79646,0
79647,1
79648,0
79649,0
79652,0
79653,0
79654,0
79655,0
79656,1
79658,0
79659,0
79660,1
79661,1
79662,1
79663,0
79664,0
79665,1
79666,0
79667,0
79668,0
79669,0
79670,0
79671,0
79672,0
79673,0
79674,0
79676,0
79677,0
79678,0
79679,0
79680,1
79681,0
79682,0
79683,1
79684,0
79685,0
79686,0
79687,0
79688,0
79689,1
79691,0
79692,0
79693,0
79694,0
79695,0
79696,0
79698,1
79699,0
79700,0
79701,0
79702,0
79703,0
79704,0
79705,1
79706,0
79707,0
79708,0
79709,1
79710,0
79711,0
79712,0
79713,0
79714,0
79715,0
79716,1
79717,0
79718,1
79719,0
79720,1
79721,1
79722,1
79723,1
79724,0
79725,0
79726,0
79727,0
79728,1
79729,0
79730,0
79731,0
79732,0
79733,0
79734,0
79735,1
79737,0
79738,0
79739,0
79740,0
79741,0
79742,1
79744,0
79745,1
79746,0
79748,0
79749,1
79750,0
79751,0
79752,1
79753,1
79754,0
79755,0
79756,0
79757,0
79758,0
79759,0
79761,0
79762,0
79763,0
79764,0
79765,1
79766,0
79767,0
79769,0
79770,0
79771,0
79772,0
79773,0
79774,0
79775,1
79776,0
79777,0
79778,0
79779,0
79780,1
79781,0
79782,0
79783,0
79784,0
79785,1
79786,0
79787,0
79788,0
79789,0
79790,0
79791,0
79792,1
79793,0
79794,0
79795,0
79796,0
79797,0
79798,0
79799,1
79801,0
79802,0
79803,0
79804,0
79805,0
79806,0
79807,1
79808,1
79809,1
79810,0
79812,0
79813,0
79814,1
79815,0
79816,0
79817,1
79818,0
79819,1
79820,1
79821,0
79822,0
79823,0
79824,1
79825,1
79826,0
79828,0
79829,1
79830,0
79831,0
79832,1
79833,0
79834,1
79835,1
79836,0
79837,1
79838,0
79839,0
79840,0
79841,1
79842,1
79843,0
79844,0
79846,0
79847,0
79848,0
79850,0
79851,1
79852,0
79853,1
79854,0
79856,0
79857,1
79858,1
79859,0
79860,1
79861,0
79862,0
79863,0
79864,0
79865,0
79866,0
79867,1
79868,0
79869,0
79870,0
79871,0
79872,1
79873,0
79875,0
79876,0
79877,0
79878,0
79879,0
79880,0
79881,0
79882,0
79883,0
79884,0
79885,0
79886,0
79887,0
79888,0
79889,0
79890,0
79891,0
79892,1
79893,0
79894,0
79895,0
79896,0
79897,1
79898,0
79899,0
79900,0
79901,0
79902,0
79903,0
79904,0
79905,0
79906,0
79907,0
79908,1
79909,0
79910,0
79911,1
79912,0
79913,0
79914,0
79915,1
79916,0
79917,1
79918,0
79919,1
79920,0
79921,0
79922,1
79923,1
79924,0
79925,0
79926,1
79927,0
79928,0
79929,1
79930,1
79931,1
79932,0
79933,0
79934,0
79935,0
79936,1
79937,0
79938,1
79939,1
79940,1
79941,1
79942,1
79943,0
79944,0
79945,0
79946,0
79947,1
79948,1
79949,0
79950,0
79951,0
79952,0
79953,1
79954,1
79955,0
79956,1
79957,0
79958,0
79959,0
79961,0
79962,0
79963,1
79964,1
79965,1
79966,0
79967,0
79968,0
79969,1
79970,0
79971,0
79973,1
79974,0
79975,0
79976,1
79977,1
79978,0
79979,1
79980,1
79981,1
79982,1
79983,0
79984,1
79985,0
79986,0
79987,0
79988,0
79989,0
79990,0
79991,0
79992,0
79994,1
79995,0
79996,0
79997,0
79998,0
79999,0
80000,0
80001,1
80002,0
80003,0
80004,0
80005,0
80006,0
80007,0
80008,0
80009,0
80010,0
80011,0
80013,0
80014,0
80015,0
80016,0
80018,0
80020,0
80022,0
80023,1
80024,0
80025,0
80026,0
80027,0
80028,0
80029,0
80030,0
80031,0
80032,0
80033,0
80034,0
80035,0
80036,0
80037,0
80038,0
80039,0
80040,0
80041,0
80042,0
80043,0
80044,0
80045,0
80046,0
80047,0
80049,1
80050,0
80051,0
80052,0
80053,1
80054,1
80055,1
80056,1
80057,0
80058,0
80059,0
80060,0
80061,0
80062,0
80063,1
80065,0
80066,0
80067,0
80068,0
80069,0
80071,0
80072,0
80073,0
80074,1
80075,1
80076,0
80077,0
80078,0
80079,0
80080,1
80081,1
80082,0
80083,1
80084,1
80086,0
80087,0
80088,1
80089,0
80090,0
80091,0
80092,1
80093,1
80094,1
80095,0
80096,0
80097,0
80098,0
80099,0
80100,0
80101,0
80102,0
80103,1
80104,0
80105,1
80106,0
80108,1
80109,1
80110,1
80111,0
80112,0
80113,1
80115,1
80117,1
80118,0
80119,0
80120,0
80121,1
80122,0
80123,0
80124,0
80126,0
80127,0
80128,1
80129,1
80130,1
80131,0
80132,0
80133,0
80134,0
80135,0
80136,0
80137,0
80138,0
80139,0
80140,0
80141,0
80142,0
80143,0
80145,0
80146,0
80147,0
80148,0
80150,0
80151,0
80152,0
80153,0
80154,0
80155,0
80156,0
80158,0
80159,0
80161,0
80162,0
80163,1
80164,0
80165,1
80166,0
80167,0
80168,1
80169,0
80170,1
80171,0
80172,0
80173,0
80174,1
80175,0
80176,0
80177,0
80179,0
80181,1
80182,1
80186,0
80188,1
80189,1
80191,1
80192,1
80194,1
80195,1
80196,1
80197,0
80198,0
80199,1
80200,0
80201,1
80202,1
80203,1
80204,1
80205,0
80208,1
80209,1
80210,1
80211,1
80212,1
80214,0
80215,0
80216,0
80217,0
80218,0
80219,1
80220,0
80221,0
80222,0
80223,1
80224,0
80225,1
80226,0
80227,1
80228,0
80229,0
80230,0
80231,1
80232,0
80233,0
80234,0
80235,0
80236,1
80237,0
80238,0
80239,0
80240,0
80241,0
80242,0
80243,0
80244,0
80245,0
80246,0
80247,0
80248,0
80251,0
80252,0
80253,0
80254,0
80255,0
80256,0
80257,1
80258,0
80259,0
80261,0
80262,0
80263,0
80265,0
80266,0
80267,0
80269,0
80270,0
80271,0
80272,0
80273,0
80274,0
80275,0
80276,0
80277,0
80278,0
80279,1
80280,0
80281,0
80282,0
80283,0
80284,1
80285,1
80286,0
80287,0
80288,0
80289,1
80290,0
80291,1
80292,1
80293,0
80294,0
80295,0
80296,0
80297,1
80298,0
80299,0
80302,1
80303,0
80304,1
80305,0
80306,1
80307,1
80308,1
80309,1
80310,0
80311,0
80312,0
80313,0
80314,1
80315,0
80316,0
80317,1
80318,0
80319,0
80320,1
80321,1
80322,1
80323,1
80324,1
80325,0
80326,0
80327,0
80328,0
80329,0
80330,0
80331,0
80332,1
80333,0
80334,1
80335,0
80336,0
80337,0
80339,0
80340,0
80341,0
80342,0
80343,0
80344,0
80345,0
80346,0
80347,0
80348,1
80349,0
80350,0
80351,0
80352,0
80353,1
80354,1
80355,0
80356,0
80357,0
80358,0
80359,0
80360,0
80361,0
80363,0
80364,0
80365,0
80366,0
80367,1
80368,0
80369,0
80370,1
80371,0
80372,0
80373,1
80374,0
80375,1
80376,0
80377,0
80378,1
80379,0
80380,0
80381,0
80382,1
80383,0
80384,0
80385,0
80386,0
80387,1
80388,0
80389,0
80390,1
80391,1
80392,1
80393,1
80394,1
80395,0
80396,0
80397,0
80398,1
80399,1
80400,0
80401,1
80402,0
80403,0
80404,0
80405,0
80406,1
80407,1
80408,0
80409,0
80410,1
80411,0
80412,0
80413,1
80414,0
80415,1
80416,0
80417,0
80418,0
80419,1
80420,1
80421,0
80422,0
80423,1
80425,0
80426,0
80427,0
80428,0
80429,1
80431,0
80432,0
80433,0
80434,0
80435,0
80436,1
80437,0
80438,1
80439,1
80440,0
80441,0
80442,1
80444,0
80445,1
80446,0
80447,0
80448,1
80449,0
80450,0
80451,1
80452,0
80453,0
80454,1
80455,0
80456,0
80457,0
80458,0
80459,0
80460,0
80461,0
80462,1
80463,0
80464,0
80465,0
80466,1
80467,0
80468,0
80469,0
80470,0
80471,0
80472,1
80473,0
80474,0
80475,0
80476,0
80478,0
80479,1
80480,0
80481,0
80482,0
80483,0
80484,1
80485,0
80486,1
80487,1
80488,1
80489,0
80490,1
80492,1
80493,1
80494,0
80495,1
80496,0
80497,0
80498,0
80499,1
80500,0
80502,0
80503,1
80506,1
80507,1
80508,0
80509,0
80510,0
80511,1
80512,1
80513,0
80514,1
80515,0
80516,1
80517,1
80518,1
80519,0
80520,0
80521,1
80522,1
80523,0
80524,0
80525,1
80526,1
80527,1
80528,1
80529,0
80530,0
80531,0
80532,0
80533,0
80534,0
80535,0
80536,1
80537,0
80538,0
80539,0
80540,0
80541,0
80542,0
80543,0
80545,1
80546,0
80547,0
80548,0
80550,0
80551,0
80552,0
80553,1
80554,0
80555,0
80556,0
80557,0
80558,1
80559,0
80560,0
80561,0
80562,0
80563,0
80564,0
80565,0
80566,0
80567,0
80568,0
80570,0
80571,1
80572,1
80573,0
80574,0
80575,0
80576,0
80577,0
80578,0
80579,0
80580,0
80581,0
80582,0
80583,0
80584,1
80585,0
80586,0
80588,0
80589,0
80591,0
80592,0
80593,0
80594,0
80595,0
80596,0
80598,0
80599,1
80600,0
80601,0
80602,0
80603,1
80604,1
80605,0
80606,1
80607,0
80608,0
80609,1
80610,0
80611,0
80612,1
80613,0
80614,0
80615,0
80616,1
80617,0
80618,1
80619,0
80620,0
80621,1
80623,0
80624,1
80625,0
80626,0
80627,0
80628,0
80629,1
80630,0
80631,0
80632,0
80633,1
80634,0
80635,1
80636,1
80637,0
80638,0
80639,1
80640,0
80641,0
80642,0
80643,0
80644,0
80645,0
80646,0
80647,0
80648,0
80649,0
80650,1
80651,0
80652,0
80653,0
80654,0
80655,0
80656,0
80657,1
80658,0
80659,0
80660,1
80661,0
80662,1
80663,0
80664,0
80665,0
80666,0
80668,0
80669,0
80670,0
80671,0
80672,0
80673,0
80674,1
80675,0
80676,0
80677,0
80679,0
80682,0
80683,1
80685,0
80686,0
80687,0
80688,1
80690,0
80692,0
80693,0
80694,0
80695,0
80696,1
80697,1
80699,1
80700,0
80701,0
80702,0
80704,1
80705,0
80706,1
80707,1
80708,1
80709,1
80710,0
80712,0
80713,1
80715,1
80716,1
80717,0
80718,0
80719,0
80720,1
80721,0
80722,1
80723,1
80724,0
80725,0
80726,0
80727,0
80728,0
80729,0
80730,0
80731,0
80732,1
80733,1
80734,1
80735,1
80737,0
80738,1
80739,1
80740,0
80741,0
80742,1
80743,0
80744,0
80745,0
80746,0
80747,1
80748,1
80749,1
80750,0
80751,0
80752,0
80754,0
80755,0
80756,0
80757,0
80758,1
80760,0
80761,0
80762,1
80763,0
80764,1
80765,1
80766,1
80767,1
80768,1
80769,1
80771,1
80772,1
80773,0
80774,0
80775,1
80776,1
80777,0
80779,0
80780,0
80782,1
80783,0
80784,1
80785,0
80786,0
80787,0
80788,0
80789,1
80790,0
80792,1
80793,0
80794,1
80795,1
80797,0
80798,0
80799,0
80800,0
80802,0
80803,0
80805,0
80806,0
80807,0
80808,0
80809,0
80810,0
80813,0
80814,0
80815,1
80816,0
80818,1
80820,1
80821,1
80823,1
80824,0
80825,1
80826,1
80827,1
80829,1
80830,1
80832,1
80833,1
80834,1
80835,1
80836,1
80837,1
80839,1
80840,1
80841,1
80846,1
80847,0
80848,0
80849,1
80850,1
80851,0
80852,0
80854,1
80855,0
80856,0
80857,0
80858,0
80859,0
80860,0
80862,0
80863,1
80864,0
80865,0
80866,0
80867,0
80868,0
80869,0
80870,1
80871,0
80872,1
80873,0
80874,1
80876,1
80877,1
80879,1
80881,0
80882,1
80883,1
80885,0
80886,0
80887,0
80888,1
80889,0
80890,0
80891,0
80892,1
80893,0
80894,1
80895,0
80896,0
80897,0
80898,0
80899,0
80900,1
80901,0
80903,0
80904,0
80905,0
80906,1
80907,1
80908,1
80909,0
80910,0
80911,1
80912,1
80914,0
80915,0
80916,1
80917,0
80918,0
80919,0
80920,1
80921,0
80922,1
80923,1
80924,1
80925,0
80926,0
80927,1
80928,0
80929,0
80931,0
80932,0
80933,1
80934,0
80935,0
80936,1
80937,0
80938,0
80939,1
80940,0
80941,0
80943,1
80944,0
80945,0
80946,0
80947,0
80948,0
80949,0
80950,0
80951,0
80952,0
80953,0
80954,0
80955,0
80956,1
80957,0
80958,0
80959,0
80960,0
80962,1
80963,0
80964,0
80965,0
80966,0
80967,0
80968,1
80969,0
80970,0
80971,1
80972,0
80974,0
80975,0
80977,0
80978,0
80979,0
80980,0
80981,0
80982,1
80983,0
80984,0
80985,1
80986,0
80987,0
80988,0
80989,0
80990,0
80991,1
80992,0
80993,0
80994,0
80995,1
80996,0
80997,0
80998,0
80999,1
81000,0
81001,1
81002,0
81003,0
81004,0
81005,1
81006,1
81008,0
81009,0
81010,0
81012,0
81013,1
81014,1
81016,0
81017,1
81018,0
81019,0
81021,0
81022,0
81023,0
81024,0
81025,1
81026,1
81027,0
81028,0
81029,1
81030,1
81031,0
81032,0
81033,0
81034,0
81035,1
81036,0
81037,0
81038,1
81039,0
81040,0
81041,1
81042,1
81043,1
81044,0
81045,0
81046,1
81047,0
81048,0
81049,0
81050,1
81051,0
81053,0
81054,0
81055,0
81056,0
81057,0
81058,1
81059,1
81060,1
81061,0
81062,0
81063,1
81064,1
81065,1
81066,0
81067,1
81068,1
81069,0
81070,0
81071,1
81072,0
81073,0
81074,0
81075,0
81076,0
81077,0
81078,0
81079,0
81080,1
81081,1
81082,0
81083,1
81084,0
81085,0
81086,0
81087,0
81088,1
81089,0
81090,1
81091,0
81092,0
81093,0
81094,0
81095,1
81096,1
81097,1
81098,1
81101,0
81102,1
81103,0
81104,0
81105,0
81106,0
81107,0
81108,1
81109,1
81110,0
81111,1
81112,0
81113,1
81114,0
81116,1
81117,0
81118,0
81119,0
81120,0
81121,0
81122,0
81123,0
81124,0
81125,0
81126,0
81127,0
81128,0
81129,1
81130,0
81131,0
81132,0
81133,0
81134,0
81135,0
81136,0
81137,0
81138,1
81139,0
81140,0
81141,1
81142,0
81143,0
81144,0
81145,1
81146,0
81147,0
81148,0
81149,0
81150,1
81151,1
81152,1
81153,0
81154,0
81155,1
81156,0
81157,0
81160,0
81161,0
81162,0
81164,0
81165,0
81166,0
81167,0
81168,1
81169,0
81170,0
81171,0
81172,1
81173,0
81174,0
81175,1
81177,0
81178,1
81179,0
81180,0
81181,0
81182,0
81183,0
81184,0
81185,0
81186,0
81188,0
81189,0
81190,0
81191,1
81192,0
81193,0
81194,0
81195,1
81196,0
81197,1
81198,0
81199,0
81200,0
81201,0
81202,0
81203,0
81204,0
81205,0
81206,0
81207,1
81208,1
81209,0
81210,0
81211,0
81212,0
81213,0
81214,1
81216,0
81217,1
81218,0
81219,0
81220,0
81221,0
81222,0
81223,1
81224,1
81225,0
81226,0
81228,0
81229,0
81230,0
81231,0
81232,1
81233,1
81234,0
81235,0
81236,0
81237,1
81238,1
81239,1
81240,0
81241,0
81242,0
81243,0
81244,0
81245,0
81246,0
81247,0
81248,0
81251,0
81252,0
81253,0
81254,0
81256,1
81257,0
81258,0
81259,0
81260,0
81261,0
81262,0
81263,0
81264,0
81265,0
81266,0
81267,0
81268,0
81270,0
81271,0
81272,0
81273,1
81274,0
81275,0
81276,0
81277,0
81278,0
81279,0
81280,0
81281,0
81282,0
81284,0
81285,0
81286,0
81287,0
81288,0
81289,0
81290,0
81291,0
81292,0
81293,0
81294,1
81295,1
81296,0
81297,1
81298,0
81299,0
81300,0
81301,0
81302,0
81303,0
81304,1
81305,0
81306,0
81307,0
81308,0
81309,1
81310,0
81311,0
81312,0
81313,0
81314,1
81316,0
81317,0
81318,1
81319,1
81320,0
81322,0
81323,1
81324,0
81325,0
81326,0
81327,0
81328,0
81329,0
81330,0
81331,0
81332,0
81333,1
81334,1
81335,1
81336,0
81337,1
81338,1
81339,1
81340,0
81341,0
81342,0
81343,0
81344,0
81345,0
81346,0
81347,1
81348,0
81349,0
81350,0
81351,0
81352,1
81353,1
81354,1
81355,0
81356,0
81357,1
81358,0
81359,1
81361,0
81362,1
81363,0
81364,0
81365,1
81366,1
81367,0
81368,0
81369,0
81370,0
81371,0
81372,0
81373,0
81374,0
81375,0
81376,0
81377,0
81378,0
81379,0
81380,0
81381,0
81384,1
81385,0
81386,1
81387,0
81388,0
81389,0
81390,1
81391,0
81392,0
81393,0
81394,0
81395,0
81396,0
81397,1
81398,0
81399,0
81400,0
81401,1
81402,0
81403,1
81404,1
81405,0
81406,0
81407,1
81408,1
81409,0
81410,1
81411,0
81412,0
81413,0
81414,0
81415,1
81416,0
81418,0
81419,0
81420,0
81421,0
81422,0
81423,0
81424,0
81425,0
81426,0
81427,1
81428,0
81429,0
81431,0
81432,0
81433,1
81434,0
81435,0
81437,0
81440,1
81441,0
81442,0
81444,0
81445,0
81446,0
81447,1
81448,0
81449,0
81451,0
81452,0
81453,0
81454,0
81455,1
81456,0
81457,0
81458,0
81459,0
81460,0
81461,1
81462,0
81463,0
81464,0
81465,1
81466,1
81467,0
81468,1
81470,0
81471,0
81472,1
81473,0
81474,0
81475,0
81476,0
81477,0
81478,0
81479,0
81480,0
81481,0
81482,0
81483,0
81484,0
81485,0
81486,0
81487,0
81488,0
81489,0
81490,0
81492,0
81493,0
81494,1
81495,0
81496,0
81497,0
81498,0
81499,1
81500,1
81501,1
81502,1
81503,0
81504,1
81505,0
81506,1
81507,0
81508,1
81509,1
81510,1
81511,0
81512,0
81513,0
81514,1
81515,0
81516,1
81517,0
81518,0
81519,1
81520,1
81521,0
81522,0
81523,1
81524,1
81525,1
81526,1
81527,1
81528,0
81529,1
81530,1
81531,0
81532,0
81533,0
81534,0
81535,1
81536,1
81537,0
81538,1
81539,0
81540,0
81541,0
81542,0
81543,0
81544,1
81545,0
81546,0
81547,0
81548,1
81549,1
81550,1
81551,1
81552,1
81553,1
81554,0
81555,0
81556,0
81557,0
81558,0
81559,0
81560,0
81561,1
81562,1
81563,1
81564,1
81565,0
81566,0
81567,0
81568,0
81569,0
81570,0
81571,0
81573,0
81574,1
81575,0
81576,1
81577,0
81578,1
81579,0
81580,0
81582,1
81583,0
81584,1
81585,0
81586,1
81587,1
81588,0
81589,0
81590,0
81591,1
81592,0
81593,1
81594,0
81595,0
81596,1
81597,0
81598,0
81599,1
81601,0
81602,0
81603,0
81605,0
81606,1
81607,0
81608,1
81609,0
81610,1
81611,0
81612,1
81613,0
81614,1
81615,0
81616,1
81617,0
81618,1
81619,1
81620,0
81621,1
81622,1
81623,0
81624,0
81625,1
81626,1
81627,0
81628,0
81629,0
81630,0
81632,1
81633,1
81634,1
81635,0
81636,0
81637,1
81638,0
81640,0
81641,0
81642,0
81643,0
81644,0
81645,1
81646,1
81648,1
81649,1
81651,0
81652,1
81653,1
81654,1
81655,1
81656,0
81657,1
81658,0
81659,1
81660,1
81661,1
81662,1
81663,1
81664,0
81665,1
81666,1
81667,1
81668,1
81669,1
81670,1
81671,0
81672,0
81673,0
81674,0
81675,1
81676,1
81677,1
81678,0
81679,0
81680,0
81681,0
81682,1
81683,1
81685,1
81686,1
81687,1
81688,0
81689,1
81690,0
81691,0
81692,1
81693,0
81694,0
81695,0
81696,1
81697,1
81698,1
81699,1
81700,0
81701,1
81702,1
81703,0
81704,1
81705,0
81706,0
81707,0
81708,1
81709,0
81710,0
81711,1
81712,0
81713,0
81714,1
81715,1
81716,1
81717,1
81718,1
81719,1
81720,1
81721,1
81722,1
81723,1
81724,1
81725,1
81726,0
81727,0
81728,0
81729,0
81730,0
81731,1
81732,1
81733,1
81734,1
81735,0
81736,0
81737,0
81738,1
81739,0
81740,0
81741,0
81742,0
81743,0
81744,0
81745,0
81746,1
81748,0
81749,0
81751,1
81752,0
81753,0
81754,1
81755,1
81756,1
81757,0
81758,1
81759,1
81760,1
81761,0
81762,0
81763,0
81764,0
81765,0
81766,0
81767,1
81768,0
81769,1
81770,0
81771,0
81772,0
81773,0
81774,0
81775,0
81776,1
81777,0
81778,0
81779,1
81780,1
81781,0
81782,1
81783,1
81784,0
81785,1
81786,0
81787,0
81788,0
81790,0
81791,0
81792,1
81793,1
81794,0
81795,0
81796,1
81797,1
81798,0
81799,0
81800,0
81801,0
81802,0
81804,1
81805,0
81806,1
81807,1
81808,1
81809,1
81810,1
81811,1
81812,0
81813,0
81814,0
81815,1
81816,1
81817,0
81818,0
81819,0
81820,0
81821,0
81822,0
81823,0
81824,0
81825,0
81826,0
81827,1
81828,1
81829,0
81830,0
81831,1
81832,0
81833,1
81834,0
81835,0
81836,0
81837,0
81838,1
81839,0
81840,0
81841,0
81842,0
81843,0
81844,0
81845,0
81846,1
81847,0
81848,1
81849,1
81850,0
81851,0
81852,0
81853,1
81854,0
81855,0
81856,0
81857,0
81858,0
81860,0
81861,1
81862,0
81863,1
81864,1
81865,0
81866,0
81867,1
81868,1
81869,1
81870,0
81872,0
81873,0
81874,0
81876,0
81878,1
81879,0
81880,0
81881,0
81882,1
81883,1
81884,0
81885,1
81886,1
81887,1
81888,0
81890,0
81892,0
81893,0
81894,1
81895,0
81896,0
81897,1
81898,0
81899,1
81900,0
81901,1
81902,1
81903,1
81904,0
81905,0
81906,1
81907,0
81908,0
81909,0
81910,0
81911,0
81912,0
81913,1
81914,0
81915,1
81917,0
81918,1
81919,1
81920,0
81921,0
81922,1
81923,1
81924,1
81925,0
81926,0
81927,0
81928,0
81929,0
81930,0
81931,1
81932,0
81933,0
81934,0
81935,0
81936,0
81937,0
81938,1
81939,0
81940,0
81941,1
81942,1
81943,0
81945,1
81946,1
81947,0
81948,1
81950,0
81951,0
81953,1
81954,0
81955,0
81956,0
81957,0
81958,1
81959,1
81960,1
81961,1
81962,1
81963,1
81964,1
81965,1
81966,1
81967,1
81968,0
81969,0
81970,1
81971,0
81972,0
81973,0
81974,1
81975,1
81976,0
81977,0
81978,0
81979,0
81980,1
81981,1
81982,1
81983,1
81984,0
81985,0
81986,0
81988,0
81990,0
81991,0
81992,0
81993,0
81994,0
81995,0
81996,0
81997,0
81998,0
81999,1
82000,1
82001,0
82002,1
82003,1
82004,0
82005,1
82006,0
82007,1
82008,0
82009,1
82010,0
82012,0
82013,0
82014,0
82015,1
82018,1
82019,0
82020,1
82021,1
82022,0
82023,1
82024,1
82025,1
82026,1
82027,1
82028,1
82030,1
82032,1
82033,1
82034,0
82035,1
82036,0
82037,1
82038,0
82039,0
82040,0
82041,1
82042,1
82043,1
82044,1
82045,1
82046,0
82047,0
82048,1
82049,1
82050,0
82051,1
82052,0
82053,0
82054,1
82055,1
82056,1
82057,0
82058,1
82059,1
82060,0
82061,0
82062,0
82063,1
82064,1
82065,0
82066,0
82068,1
82069,1
82070,1
82071,0
82072,0
82073,1
82074,0
82075,1
82076,0
82077,1
82078,0
82079,0
82080,1
82081,0
82082,0
82083,0
82084,0
82085,0
82086,0
82087,0
82088,0
82089,0
82090,1
82091,0
82092,1
82093,0
82094,0
82095,1
82096,0
82097,1
82098,1
82099,1
82100,1
82101,0
82102,0
82103,1
82104,1
82105,0
82106,0
82107,0
82108,0
82109,0
82111,1
82112,0
82113,1
82114,0
82115,0
82116,0
82117,0
82118,0
82119,0
82120,0
82121,0
82122,0
82123,0
82124,0
82125,1
82126,0
82127,0
82128,1
82129,0
82130,0
82131,0
82132,0
82133,0
82134,1
82135,0
82136,0
82137,0
82138,0
82139,0
82140,1
82141,0
82142,1
82143,0
82144,0
82145,0
82146,0
82147,1
82148,0
82149,0
82150,0
82151,0
82152,1
82153,0
82154,0
82155,0
82156,0
82157,0
82158,0
82159,0
82160,0
82161,0
82162,0
82163,0
82164,0
82165,0
82166,1
82167,1
82168,1
82169,1
82170,0
82171,1
82172,0
82173,0
82174,0
82175,0
82176,0
82177,0
82178,1
82179,1
82180,1
82181,0
82182,1
82183,0
82184,1
82186,0
82187,0
82188,0
82189,0
82190,0
82191,1
82192,1
82193,0
82194,0
82195,0
82196,0
82197,0
82198,0
82199,1
82200,0
82203,1
82206,1
82207,1
82208,1
82210,1
82211,1
82212,1
82213,1
82214,1
82215,1
82216,0
82217,1
82218,0
82219,0
82220,0
82221,1
82222,0
82223,0
82224,0
82225,0
82226,0
82227,0
82228,1
82229,1
82230,1
82231,1
82232,0
82233,1
82234,1
82235,0
82236,1
82237,1
82238,0
82239,1
82240,0
82241,0
82242,1
82243,1
82244,0
82245,0
82246,0
82247,1
82248,1
82249,1
82250,0
82251,0
82252,1
82253,0
82254,1
82255,1
82256,0
82257,0
82259,0
82260,0
82261,0
82262,1
82263,0
82264,0
82265,0
82267,0
82268,0
82269,1
82270,1
82271,0
82272,1
82273,0
82274,0
82275,0
82276,0
82277,1
82278,0
82279,1
82280,0
82281,0
82282,0
82283,0
82284,0
82285,1
82286,0
82287,1
82288,0
82289,1
82290,0
82291,0
82292,0
82293,0
82294,0
82295,1
82296,1
82297,1
82298,0
82299,0
82300,0
82301,1
82302,1
82303,0
82304,0
82305,1
82306,0
82307,0
82308,0
82309,0
82310,0
82311,0
82312,0
82313,0
82314,0
82315,0
82316,0
82317,0
82318,0
82319,0
82320,0
82321,0
82322,0
82323,0
82324,0
82325,0
82326,0
82327,0
82328,0
82329,1
82330,0
82331,0
82332,0
82334,0
82335,1
82336,0
82337,0
82338,0
82339,0
82340,0
82341,0
82342,0
82344,1
82345,0
82346,0
82347,0
82349,1
82350,0
82351,0
82352,0
82353,0
82354,0
82355,0
82356,0
82357,1
82358,1
82359,0
82360,0
82361,0
82362,0
82363,0
82364,0
82365,0
82366,0
82367,0
82368,0
82369,1
82370,1
82371,1
82372,0
82373,1
82374,0
82375,0
82376,1
82378,0
82379,1
82380,0
82381,0
82382,0
82383,0
82384,0
82385,0
82386,0
82387,0
82388,0
82389,0
82390,0
82391,1
82392,0
82393,1
82394,1
82395,1
82396,0
82397,1
82398,0
82399,0
82400,0
82401,0
82402,1
82403,1
82404,1
82405,1
82406,1
82409,1
82410,1
82411,1
82412,1
82413,1
82414,0
82415,0
82416,0
82417,0
82418,0
82419,0
82420,0
82421,0
82422,0
82423,0
82424,0
82425,1
82426,0
82427,0
82428,0
82429,1
82430,1
82431,0
82432,0
82434,0
82435,0
82436,0
82437,1
82438,1
82440,0
82441,0
82442,0
82443,0
82444,1
82445,1
82446,0
82447,1
82448,0
82449,0
82450,0
82451,0
82452,0
82453,0
82454,0
82455,0
82456,0
82457,0
82458,1
82459,1
82460,0
82461,0
82462,0
82463,0
82464,1
82465,1
82467,0
82468,0
82469,0
82470,0
82471,1
82472,1
82473,0
82474,1
82475,0
82476,1
82477,0
82478,0
82479,0
82480,1
82481,0
82482,1
82483,0
82484,0
82485,0
82486,0
82487,0
82488,0
82489,1
82490,0
82491,0
82493,0
82494,0
82495,0
82496,0
82497,0
82498,0
82499,0
82500,0
82501,0
82502,0
82503,1
82504,0
82505,0
82506,0
82507,0
82508,0
82509,0
82510,0
82511,1
82512,0
82513,0
82514,0
82515,0
82516,1
82517,0
82518,0
82519,0
82520,0
82521,0
82522,1
82523,0
82524,1
82525,1
82526,0
82527,0
82528,0
82529,0
82530,0
82531,0
82532,0
82533,1
82535,0
82536,0
82537,0
82538,0
82539,0
82540,1
82541,0
82542,0
82543,0
82544,0
82545,0
82546,0
82547,0
82548,0
82549,0
82550,1
82551,0
82552,1
82553,0
82554,1
82555,0
82556,0
82557,0
82558,0
82559,0
82560,0
82561,0
82562,0
82563,0
82564,1
82566,1
82567,0
82568,0
82569,0
82570,1
82571,1
82572,0
82573,1
82574,0
82575,0
82576,0
82577,1
82578,0
82579,0
82580,1
82581,1
82582,1
82583,0
82584,1
82585,1
82586,1
82587,0
82589,0
82591,0
82592,0
82593,0
82594,0
82595,1
82596,0
82597,0
82598,1
82599,0
82600,0
82601,0
82602,0
82604,0
82606,0
82607,1
82608,1
82609,0
82610,0
82611,0
82612,1
82614,1
82616,0
82617,1
82618,0
82619,0
82620,0
82621,0
82622,0
82623,1
82624,0
82625,0
82626,0
82627,0
82628,1
82629,0
82630,1
82631,1
82632,0
82633,0
82634,1
82635,0
82636,1
82637,1
82638,1
82639,1
82640,1
82641,1
82642,1
82643,0
82644,0
82645,1
82646,0
82648,0
82649,0
82650,0
82651,0
82652,0
82653,0
82654,0
82655,0
82656,1
82657,0
82658,0
82659,0
82660,0
82661,0
82662,1
82663,0
82665,0
82667,0
82668,1
82670,0
82671,0
82672,0
82673,0
82675,0
82676,0
82677,1
82678,1
82679,0
82680,0
82681,1
82682,0
82683,0
82684,1
82685,1
82686,0
82687,1
82689,0
82690,0
82691,1
82692,0
82693,1
82694,1
82695,0
82696,1
82697,0
82698,1
82699,0
82700,0
82701,0
82702,0
82703,0
82704,0
82705,0
82706,0
82707,0
82708,0
82709,0
82710,0
82712,0
82714,0
82715,1
82716,0
82718,1
82719,1
82720,0
82721,1
82722,0
82723,1
82724,1
82725,1
82726,0
82727,1
82728,1
82729,0
82730,0
82731,0
82732,1
82733,1
82734,0
82735,1
82736,0
82737,0
82738,1
82740,1
82742,1
82743,0
82744,0
82745,0
82746,0
82747,0
82748,0
82749,0
82750,0
82752,0
82753,0
82754,1
82755,0
82756,1
82757,1
82758,0
82759,1
82760,0
82761,1
82762,0
82763,0
82764,0
82765,1
82766,1
82767,0
82768,0
82769,1
82770,0
82771,1
82772,0
82773,1
82774,1
82775,1
82776,1
82777,0
82778,0
82779,0
82780,0
82781,0
82782,0
82783,0
82784,0
82786,0
82787,0
82788,0
82789,0
82790,0
82791,0
82792,0
82793,0
82794,0
82795,0
82796,1
82797,1
82798,0
82799,0
82800,0
82801,0
82802,0
82803,0
82804,0
82805,0
82807,0
82808,1
82809,0
82810,1
82811,1
82812,1
82813,0
82814,0
82815,0
82816,0
82817,0
82818,0
82819,0
82820,0
82821,1
82822,1
82823,0
82824,0
82825,1
82826,1
82827,0
82828,1
82829,1
82830,0
82831,1
82832,0
82833,1
82834,0
82836,1
82837,0
82839,0
82840,0
82841,1
82842,1
82843,1
82844,1
82845,0
82846,1
82847,1
82848,1
82849,1
82850,0
82851,0
82852,0
82853,1
82854,0
82855,0
82857,1
82858,1
82860,1
82861,1
82862,0
82863,0
82864,0
82866,0
82867,1
82868,1
82869,1
82870,0
82871,0
82872,0
82873,1
82874,1
82875,1
82876,1
82877,0
82878,0
82879,1
82880,1
82881,0
82882,0
82883,1
82884,0
82885,0
82886,0
82887,0
82888,1
82889,0
82890,1
82891,0
82892,1
82893,0
82894,0
82895,0
82896,0
82897,0
82898,0
82899,0
82900,0
82901,0
82902,1
82903,0
82905,0
82906,0
82907,1
82908,1
82909,1
82910,1
82911,1
82912,0
82913,1
82914,1
82915,1
82916,1
82917,1
82918,1
82919,0
82920,0
82921,1
82922,0
82923,0
82924,0
82925,0
82926,0
82927,0
82928,0
82929,1
82930,1
82931,0
82932,1
82933,0
82934,1
82935,1
82936,1
82937,1
82938,0
82939,0
82940,0
82941,1
82944,0
82945,1
82946,0
82947,0
82948,0
82949,0
82950,0
82951,0
82952,0
82953,0
82954,0
82955,0
82956,0
82957,1
82958,0
82959,1
82960,1
82961,1
82962,1
82963,1
82964,0
82965,1
82966,1
82967,1
82968,0
82969,0
82970,0
82971,0
82972,1
82973,0
82974,0
82975,0
82976,0
82977,0
82978,0
82979,0
82980,1
82981,0
82982,0
82983,0
82984,0
82985,0
82986,0
82987,0
82988,0
82989,0
82990,0
82991,0
82992,1
82993,0
82994,1
82995,0
82996,1
82997,1
82998,0
82999,0
83000,0
83001,0
83002,1
83003,0
83004,1
83006,1
83007,0
83008,0
83009,0
83010,1
83011,0
83012,0
83013,0
83014,0
83015,0
83016,0
83017,1
83018,0
83019,0
83020,0
83021,0
83022,0
83023,0
83024,1
83025,1
83027,0
83028,0
83029,0
83030,1
83031,0
83032,0
83033,0
83034,0
83035,1
83036,0
83037,1
83038,0
83039,0
83040,0
83041,0
83042,1
83043,1
83044,1
83045,1
83046,0
83047,0
83048,0
83049,1
83050,1
83051,1
83054,1
83055,0
83056,0
83057,1
83058,1
83059,1
83060,0
83061,1
83062,0
83063,0
83064,0
83065,0
83066,0
83067,0
83068,0
83070,0
83071,1
83072,1
83073,1
83074,0
83075,0
83076,1
83078,0
83079,1
83080,0
83081,0
83082,0
83083,0
83084,0
83085,0
83086,1
83087,0
83089,1
83090,1
83091,1
83092,1
83093,1
83094,1
83095,1
83096,1
83097,1
83098,1
83100,1
83101,1
83102,1
83104,1
83105,1
83109,1
83110,1
83111,1
83112,1
83113,1
83114,1
83115,1
83118,1
83119,1
83120,0
83121,0
83122,0
83124,1
83125,1
83127,1
83128,1
83129,1
83130,1
83131,1
83132,1
83133,1
83134,1
83135,1
83136,0
83137,1
83138,0
83139,1
83140,0
83143,1
83144,0
83145,0
83146,0
83147,0
83148,0
83149,0
83150,0
83151,1
83152,0
83153,0
83154,1
83155,0
83156,0
83157,0
83158,0
83159,0
83161,0
83162,0
83163,0
83164,0
83165,0
83166,0
83167,0
83168,0
83169,0
83170,0
83171,0
83172,0
83173,0
83174,0
83175,0
83176,0
83177,0
83178,0
83179,0
83180,0
83181,0
83182,0
83183,0
83185,0
83187,0
83193,1
83194,1
83196,1
83198,1
83199,0
83200,1
83201,1
83202,1
83203,1
83204,0
83205,1
83206,1
83207,0
83208,1
83210,1
83211,0
83212,0
83213,0
83214,0
83215,0
83216,0
83217,0
83218,0
83219,1
83220,0
83222,0
83223,1
83224,1
83225,1
83226,0
83227,0
83228,1
83229,0
83230,1
83231,1
83232,1
83233,0
83234,1
83237,0
83238,0
83239,0
83240,0
83241,0
83242,1
83243,0
83245,0
83246,0
83247,0
83248,0
83249,0
83250,0
83251,1
83252,0
83253,1
83254,0
83255,0
83256,0
83257,0
83258,0
83259,0
83260,0
83261,0
83262,1
83263,0
83264,0
83265,1
83266,0
83267,0
83268,0
83269,0
83270,0
83271,0
83272,0
83273,1
83274,0
83275,1
83276,0
83277,0
83279,0
83280,0
83281,0
83282,0
83283,0
83284,0
83285,0
83286,0
83287,0
83288,0
83289,0
83290,0
83291,0
83292,0
83293,0
83294,1
83295,1
83296,0
83297,1
83299,1
83300,0
83302,1
83303,0
83304,1
83305,1
83306,0
83307,1
83308,1
83309,0
83310,1
83311,0
83312,0
83313,0
83314,1
83315,1
83316,1
83317,0
83318,0
83320,1
83321,0
83322,1
83323,0
83324,0
83325,0
83326,0
83327,0
83328,0
83329,0
83330,0
83331,0
83332,0
83333,1
83334,0
83335,0
83336,0
83337,0
83338,1
83339,0
83340,1
83341,0
83342,1
83343,0
83344,0
83345,0
83346,1
83347,0
83349,0
83350,0
83351,0
83352,0
83353,0
83354,1
83355,1
83356,1
83357,1
83358,1
83359,1
83360,1
83361,0
83363,0
83364,1
83365,0
83366,0
83367,0
83368,0
83369,0
83370,0
83372,0
83373,0
83374,1
83375,0
83376,0
83377,0
83378,0
83379,0
83380,1
83382,0
83383,0
83384,0
83385,0
83386,1
83387,0
83388,0
83389,0
83390,1
83391,1
83392,0
83393,0
83394,0
83395,0
83396,0
83397,1
83398,0
83399,0
83400,0
83401,0
83402,1
83403,1
83404,0
83405,0
83407,0
83408,0
83409,1
83410,1
83411,1
83412,1
83413,1
83414,1
83415,1
83416,0
83417,0
83418,0
83419,1
83420,1
83421,1
83422,0
83423,1
83424,0
83425,0
83426,1
83427,0
83428,0
83429,0
83430,1
83431,1
83432,0
83433,1
83434,0
83435,0
83436,0
83437,0
83438,0
83439,0
83440,0
83441,1
83442,0
83443,0
83444,0
83446,0
83447,0
83448,0
83449,1
83451,0
83452,0
83453,0
83454,0
83455,0
83456,0
83457,0
83459,1
83460,0
83461,1
83462,1
83464,1
83465,0
83466,1
83467,1
83468,0
83469,0
83470,1
83471,1
83472,0
83473,0
83474,0
83475,0
83476,1
83477,1
83478,1
83479,0
83480,0
83481,0
83482,0
83483,1
83484,0
83486,0
83487,0
83488,0
83489,1
83490,1
83491,0
83492,0
83493,1
83494,1
83495,0
83496,0
83497,0
83498,0
83499,1
83500,1
83501,0
83502,0
83503,0
83504,0
83505,0
83506,0
83507,0
83508,0
83509,0
83510,0
83511,0
83512,0
83513,1
83514,0
83515,0
83516,0
83517,0
83518,0
83519,0
83520,1
83522,1
83523,0
83524,0
83525,1
83526,1
83527,1
83528,0
83529,1
83530,0
83531,1
83532,0
83534,0
83535,1
83536,1
83538,0
83540,1
83541,1
83542,0
83543,1
83544,0
83545,0
83546,0
83547,0
83548,0
83549,1
83550,1
83551,0
83552,0
83553,0
83554,1
83555,0
83556,1
83557,1
83558,1
83559,1
83560,1
83561,0
83562,1
83563,1
83564,1
83565,1
83566,1
83567,0
83568,0
83569,0
83570,0
83571,1
83572,0
83574,0
83575,1
83576,0
83577,1
83578,1
83579,1
83580,1
83581,0
83582,1
83583,1
83584,0
83585,0
83586,0
83587,1
83588,0
83589,0
83590,1
83591,0
83592,0
83594,0
83595,1
83596,1
83597,1
83598,1
83599,0
83600,0
83601,0
83602,0
83603,1
83604,1
83605,1
83606,1
83607,0
83608,0
83609,1
83610,0
83611,0
83612,0
83613,1
83614,1
83615,0
83616,1
83617,0
83618,0
83619,1
83620,0
83621,0
83622,0
83623,0
83624,0
83625,1
83626,0
83627,1
83628,1
83629,1
83630,1
83631,1
83632,1
83633,1
83634,1
83635,1
83636,1
83637,0
83638,0
83639,0
83640,0
83641,0
83642,0
83643,0
83644,0
83645,1
83646,0
83647,0
83648,0
83649,0
83650,0
83651,0
83652,0
83653,0
83654,1
83655,0
83656,1
83657,0
83658,0
83659,0
83660,1
83661,1
83662,0
83663,0
83664,0
83665,0
83666,1
83667,1
83668,1
83669,1
83670,0
83671,1
83672,0
83673,0
83674,0
83675,1
83676,0
83677,0
83678,1
83679,0
83680,0
83681,0
83682,0
83683,0
83684,0
83685,0
83687,0
83688,0
83689,0
83690,0
83691,0
83692,0
83693,1
83694,0
83695,0
83697,1
83698,0
83699,0
83700,1
83701,1
83702,0
83703,1
83704,1
83705,1
83706,0
83707,0
83708,0
83709,0
83710,0
83711,0
83712,1
83713,0
83714,0
83715,0
83716,1
83717,0
83718,0
83719,0
83720,0
83721,0
83723,0
83724,0
83725,0
83726,0
83727,0
83728,0
83729,0
83730,1
83731,0
83732,0
83733,0
83734,0
83735,1
83736,1
83737,0
83738,0
83739,0
83740,0
83741,1
83742,0
83743,0
83744,1
83745,0
83746,0
83747,0
83748,0
83749,0
83750,1
83751,0
83752,1
83753,0
83754,0
83755,0
83756,0
83757,0
83758,0
83759,0
83760,0
83762,0
83763,0
83764,0
83765,0
83766,0
83767,0
83768,0
83769,0
83770,0
83771,0
83772,0
83774,1
83775,1
83776,0
83777,0
83778,0
83779,0
83780,0
83781,0
83782,0
83783,0
83784,0
83785,1
83786,0
83787,0
83788,0
83789,1
83791,0
83792,1
83793,0
83794,0
83796,1
83797,0
83798,0
83799,0
83801,0
83802,0
83803,0
83804,0
83805,1
83806,0
83807,0
83808,0
83809,0
83810,1
83811,0
83812,0
83813,0
83814,0
83815,0
83816,0
83817,0
83818,0
83819,0
83820,0
83821,0
83822,0
83823,0
83824,0
83825,1
83826,0
83827,1
83828,0
83829,0
83830,0
83831,0
83832,0
83833,0
83834,0
83835,0
83836,0
83837,0
83838,1
83839,0
83840,1
83841,0
83842,0
83843,0
83844,0
83845,1
83846,0
83847,0
83848,0
83849,0
83850,0
83851,1
83852,0
83853,0
83854,0
83855,0
83856,0
83857,0
83858,0
83859,0
83860,0
83861,0
83862,0
83863,1
83864,0
83865,0
83866,0
83867,1
83868,0
83869,0
83870,0
83871,0
83872,0
83873,0
83874,1
83875,0
83877,0
83878,0
83879,0
83880,0
83881,1
83882,1
83883,0
83884,0
83885,1
83886,0
83887,0
83888,1
83889,0
83890,0
83891,0
83892,0
83893,0
83895,1
83896,1
83897,0
83898,0
83899,0
83901,0
83902,0
83903,0
83904,0
83905,0
83906,1
83907,1
83909,0
83910,0
83912,0
83913,1
83914,0
83915,0
83916,1
83917,1
83918,1
83919,1
83920,1
83921,1
83922,0
83923,0
83924,0
83925,0
83926,1
83927,0
83928,0
83929,1
83930,1
83931,1
83932,0
83933,1
83934,0
83935,1
83936,1
83937,1
83938,0
83939,1
83940,0
83941,0
83942,0
83943,0
83944,0
83945,0
83946,0
83947,0
83948,0
83949,0
83950,0
83951,0
83952,0
83953,0
83954,0
83955,0
83956,0
83957,0
83958,0
83959,0
83960,0
83961,0
83962,0
83963,1
83964,0
83965,1
83966,0
83967,0
83968,0
83969,0
83970,0
83971,0
83972,0
83973,1
83974,0
83975,1
83976,0
83977,0
83978,0
83979,0
83980,0
83981,0
83982,1
83983,0
83984,0
83985,0
83987,0
83989,0
83990,0
83991,0
83992,0
83993,0
83994,0
83995,0
83996,0
83997,1
83998,0
83999,0
84000,1
84001,0
84002,1
84003,0
84005,0
84006,1
84007,0
84008,0
84009,0
84010,0
84011,1
84012,0
84013,1
84014,0
84015,0
84016,1
84017,0
84018,0
84019,0
84020,1
84021,1
84022,0
84023,0
84024,0
84025,0
84026,0
84027,0
84028,0
84030,0
84031,0
84032,1
84033,1
84034,1
84035,1
84036,0
84037,1
84038,0
84039,0
84040,1
84041,1
84042,0
84043,1
84044,1
84045,0
84046,1
84047,1
84048,1
84049,1
84050,1
84051,1
84052,0
84053,0
84054,0
84055,0
84056,0
84057,0
84058,1
84059,0
84060,0
84061,0
84062,0
84064,0
84065,0
84066,1
84068,0
84069,1
84070,1
84071,1
84072,1
84073,1
84074,1
84075,1
84076,1
84077,1
84078,1
84079,1
84080,1
84082,1
84083,0
84084,0
84085,0
84087,0
84088,1
84089,0
84090,0
84091,0
84092,0
84093,0
84094,0
84095,1
84096,0
84097,1
84098,1
84099,0
84100,0
84101,0
84102,1
84103,1
84104,0
84105,0
84106,1
84107,0
84108,1
84109,1
84110,1
84111,1
84112,0
84113,0
84114,1
84115,1
84116,1
84117,0
84118,1
84119,1
84120,0
84121,1
84122,0
84123,1
84124,1
84125,1
84126,1
84127,1
84128,0
84129,0
84130,1
84131,0
84132,0
84133,1
84134,0
84135,0
84136,0
84137,0
84139,0
84140,0
84141,0
84142,0
84143,0
84144,0
84145,1
84146,0
84147,0
84148,0
84149,0
84150,1
84151,0
84152,0
84153,0
84154,1
84155,0
84156,0
84157,0
84158,0
84159,0
84160,1
84161,0
84162,1
84163,1
84164,0
84165,1
84166,0
84167,0
84168,0
84169,0
84170,0
84171,0
84172,1
84173,1
84174,0
84175,1
84176,1
84177,1
84178,1
84179,1
84180,1
84181,1
84182,0
84183,0
84185,1
84186,0
84187,0
84188,1
84189,0
84190,0
84191,0
84192,0
84193,0
84194,0
84195,1
84196,0
84197,1
84199,0
84200,1
84203,1
84204,0
84205,0
84206,1
84207,1
84208,0
84209,0
84210,0
84211,1
84212,0
84213,0
84214,0
84215,1
84216,1
84217,0
84218,1
84219,0
84220,0
84222,0
84223,1
84224,1
84225,0
84226,0
84228,0
84229,0
84230,1
84231,0
84232,0
84233,0
84234,0
84235,1
84236,0
84237,0
84238,0
84239,0
84240,0
84241,0
84242,0
84243,0
84244,0
84245,0
84246,0
84247,0
84248,0
84249,0
84250,0
84251,1
84252,1
84253,0
84254,0
84255,0
84256,0
84257,0
84258,0
84259,0
84260,0
84261,1
84262,1
84263,1
84264,0
84265,0
84266,0
84267,1
84268,0
84269,1
84270,0
84271,0
84272,0
84273,0
84274,1
84275,0
84276,0
84277,1
84278,1
84279,1
84280,1
84281,0
84282,0
84283,0
84284,0
84285,0
84286,0
84287,1
84288,0
84289,0
84290,0
84291,1
84292,0
84293,0
84294,0
84295,0
84296,0
84297,0
84298,1
84299,0
84300,0
84301,0
84302,0
84303,0
84304,0
84305,0
84306,0
84307,0
84308,0
84309,0
84310,0
84311,1
84312,0
84313,0
84314,0
84315,0
84316,1
84317,1
84318,0
84319,0
84320,0
84321,0
84322,0
84323,1
84324,1
84325,0
84326,0
84327,0
84328,1
84329,1
84330,0
84331,0
84332,0
84333,0
84334,0
84335,0
84336,0
84337,0
84338,0
84339,0
84340,1
84341,1
84342,1
84343,1
84344,1
84345,1
84346,1
84347,1
84348,0
84349,0
84352,1
84353,0
84354,1
84355,0
84356,0
84357,0
84358,0
84359,0
84360,1
84362,0
84363,0
84365,1
84366,0
84367,0
84368,0
84369,0
84370,0
84371,1
84372,1
84373,0
84374,0
84375,0
84376,0
84377,0
84378,0
84379,0
84380,0
84381,1
84382,0
84383,0
84384,0
84385,1
84386,1
84387,1
84388,1
84389,0
84390,0
84391,0
84392,0
84393,0
84394,0
84395,1
84396,1
84397,0
84398,0
84399,0
84400,1
84401,0
84402,0
84403,0
84405,0
84406,0
84407,0
84408,0
84410,0
84411,0
84412,0
84413,0
84414,0
84415,0
84416,0
84417,0
84418,0
84419,0
84420,1
84421,0
84422,1
84423,1
84424,0
84425,0
84426,0
84427,0
84428,0
84429,0
84430,0
84431,1
84432,0
84433,0
84434,0
84435,0
84436,1
84437,0
84438,1
84439,0
84440,0
84441,0
84442,1
84443,0
84444,0
84445,1
84446,1
84447,1
84448,1
84449,0
84450,0
84451,0
84452,0
84453,0
84454,0
84455,0
84456,0
84457,0
84458,0
84459,0
84460,0
84461,0
84462,0
84463,0
84464,1
84465,0
84466,1
84468,1
84469,1
84470,0
84472,1
84473,1
84474,0
84475,0
84476,0
84477,0
84478,0
84479,0
84480,0
84481,0
84482,1
84483,0
84484,0
84485,0
84486,0
84487,0
84488,0
84489,1
84490,0
84491,1
84492,0
84493,1
84494,1
84495,0
84496,1
84497,0
84498,0
84499,0
84500,0
84501,0
84502,0
84503,0
84504,0
84505,0
84506,0
84507,0
84508,0
84509,1
84511,1
84512,0
84513,0
84514,0
84515,0
84516,1
84518,0
84519,0
84520,0
84521,0
84522,0
84523,0
84524,0
84525,0
84526,0
84527,0
84528,0
84529,0
84530,0
84531,0
84532,0
84533,0
84534,0
84535,0
84536,0
84537,0
84539,0
84540,0
84541,0
84542,0
84543,0
84544,0
84545,1
84546,1
84547,0
84548,1
84549,1
84551,0
84552,1
84553,1
84554,1
84555,0
84556,1
84557,0
84559,0
84560,0
84561,0
84562,0
84563,0
84564,1
84565,1
84566,0
84567,1
84568,1
84570,0
84571,0
84572,0
84573,0
84574,1
84575,1
84576,0
84577,0
84578,0
84579,0
84580,0
84581,1
84582,1
84583,1
84584,1
84585,0
84586,0
84587,1
84588,1
84589,1
84590,0
84591,0
84592,1
84593,0
84594,1
84595,0
84596,0
84597,1
84598,1
84599,1
84600,1
84601,1
84604,1
84605,0
84606,0
84607,0
84608,0
84609,0
84610,0
84611,1
84612,0
84613,1
84614,0
84615,0
84616,0
84618,0
84619,1
84620,0
84621,0
84622,0
84623,0
84624,0
84625,1
84626,0
84627,1
84628,0
84629,0
84630,1
84631,1
84633,1
84634,1
84636,1
84637,0
84638,0
84639,0
84640,1
84641,0
84642,1
84643,1
84645,1
84647,0
84648,1
84649,1
84650,1
84652,1
84653,1
84654,1
84655,1
84656,1
84657,1
84659,1
84660,1
84661,1
84662,1
84663,0
84664,1
84665,0
84666,1
84667,1
84668,1
84669,0
84670,1
84671,1
84672,1
84673,0
84674,0
84675,1
84676,1
84677,0
84678,1
84679,1
84680,0
84681,1
84682,1
84683,1
84684,1
84685,0
84686,0
84687,0
84688,1
84689,0
84690,0
84691,1
84692,1
84693,1
84694,1
84695,1
84696,0
84697,1
84698,1
84699,1
84700,1
84701,0
84702,0
84703,0
84704,1
84705,0
84706,0
84707,1
84708,1
84709,1
84710,1
84711,1
84712,0
84713,1
84714,1
84715,0
84716,0
84717,0
84718,1
84719,0
84720,1
84721,0
84722,0
84723,0
84724,0
84725,0
84726,1
84727,1
84728,0
84729,0
84730,0
84731,0
84732,0
84733,0
84734,0
84735,0
84736,0
84737,0
84738,1
84739,1
84740,0
84741,1
84742,0
84743,0
84744,0
84745,0
84746,1
84747,0
84748,0
84749,0
84750,0
84751,0
84752,0
84753,1
84754,0
84755,0
84756,0
84757,0
84758,0
84759,0
84760,0
84761,1
84762,1
84763,0
84764,1
84766,0
84767,0
84768,0
84769,0
84770,0
84771,1
84772,0
84773,0
84774,1
84775,0
84776,0
84777,1
84778,1
84779,0
84780,0
84781,0
84782,0
84783,1
84784,0
84785,0
84786,0
84787,0
84788,0
84789,1
84790,1
84791,0
84792,0
84793,0
84795,0
84796,1
84797,0
84798,0
84800,0
84801,1
84802,1
84803,1
84804,1
84805,1
84806,0
84807,1
84808,1
84809,0
84810,0
84811,1
84812,1
84813,1
84814,1
84815,1
84816,0
84817,0
84818,1
84819,0
84820,0
84821,0
84822,0
84824,0
84825,0
84826,0
84827,0
84828,1
84829,0
84830,0
84831,0
84832,0
84833,0
84834,0
84835,0
84836,0
84837,0
84838,0
84839,0
84840,0
84841,0
84842,0
84843,0
84844,0
84845,0
84846,0
84847,0
84848,0
84849,0
84851,0
84852,0
84853,0
84854,0
84855,0
84856,1
84857,0
84858,1
84859,1
84860,0
84861,1
84862,0
84863,0
84864,0
84866,0
84867,0
84868,0
84869,1
84870,1
84871,0
84872,0
84874,0
84875,1
84876,1
84877,1
84878,0
84879,1
84880,1
84881,0
84882,0
84883,0
84884,0
84885,0
84886,0
84887,0
84888,0
84889,0
84890,0
84891,0
84892,0
84893,0
84894,0
84895,0
84896,0
84897,0
84898,0
84899,1
84900,1
84901,0
84902,0
84903,0
84904,0
84905,0
84906,0
84907,0
84908,1
84909,1
84910,1
84911,0
84912,0
84913,0
84914,0
84915,0
84916,0
84917,1
84918,1
84919,0
84920,1
84921,0
84922,0
84923,0
84924,0
84925,0
84926,1
84927,0
84928,0
84929,0
84930,1
84931,1
84932,1
84933,0
84934,0
84935,0
84936,0
84937,0
84938,0
84939,0
84940,0
84941,1
84942,0
84943,0
84944,0
84945,0
84946,0
84947,0
84948,0
84949,0
84950,0
84951,0
84952,1
84953,0
84954,1
84955,0
84956,0
84957,0
84958,0
84959,0
84960,0
84961,1
84962,0
84963,1
84964,0
84965,0
84966,1
84967,0
84968,1
84969,0
84970,0
84971,0
84972,0
84973,0
84974,0
84975,0
84976,1
84977,1
84978,1
84979,1
84980,1
84981,1
84982,1
84983,0
84984,0
84985,0
84986,0
84987,0
84988,1
84989,0
84990,0
84991,0
84992,0
84993,0
84994,0
84995,1
84996,1
84997,1
84998,0
84999,0
85000,0
85001,0
85002,1
85003,0
85004,0
85005,1
85006,0
85007,0
85008,0
85009,0
85010,0
85011,1
85012,0
85013,0
85014,0
85015,0
85016,0
85017,0
85018,1
85019,0
85020,0
85021,0
85022,1
85023,0
85024,0
85025,1
85026,0
85027,1
85028,0
85029,0
85030,0
85031,0
85032,1
85033,0
85034,1
85035,1
85036,0
85037,0
85038,0
85039,0
85040,0
85041,0
85042,1
85043,0
85044,1
85045,1
85046,0
85047,0
85048,1
85049,0
85050,1
85051,1
85052,0
85053,0
85055,0
85056,0
85057,0
85058,1
85059,1
85060,0
85061,0
85062,1
85063,0
85064,1
85065,1
85066,0
85067,1
85068,0
85069,0
85070,0
85071,1
85072,0
85073,1
85074,1
85075,0
85076,1
85077,0
85078,0
85080,0
85081,1
85082,0
85083,0
85084,1
85085,0
85086,0
85087,1
85089,0
85090,1
85091,0
85092,0
85093,0
85094,0
85095,0
85096,0
85097,1
85098,0
85099,1
85100,0
85101,0
85102,0
85103,0
85104,0
85105,0
85107,0
85108,0
85109,0
85111,1
85112,0
85113,0
85114,1
85115,1
85116,0
85117,1
85118,1
85119,0
85120,0
85121,1
85122,1
85123,1
85124,1
85125,1
85126,0
85127,0
85128,1
85129,0
85130,1
85131,0
85132,0
85133,1
85134,0
85135,0
85137,1
85138,1
85139,0
85140,1
85141,0
85142,0
85143,0
85144,0
85145,1
85146,0
85147,1
85148,0
85149,0
85150,1
85151,0
85152,0
85153,0
85154,0
85155,0
85156,1
85157,1
85158,1
85159,0
85160,0
85161,1
85162,0
85163,1
85164,1
85165,0
85166,1
85167,0
85168,1
85169,1
85170,0
85171,0
85172,1
85173,1
85174,1
85175,1
85176,1
85177,1
85178,0
85179,0
85180,1
85181,0
85182,0
85183,1
85184,0
85185,1
85186,0
85187,1
85188,0
85189,0
85191,1
85192,0
85193,1
85194,0
85195,0
85196,0
85197,1
85198,0
85199,0
85200,0
85201,1
85202,1
85203,0
85204,1
85206,1
85208,1
85209,1
85210,1
85211,1
85212,1
85213,0
85214,0
85215,0
85216,0
85217,0
85218,0
85219,0
85220,0
85221,0
85222,0
85223,1
85224,1
85225,0
85226,1
85227,0
85228,1
85229,0
85230,0
85231,0
85232,1
85233,1
85234,0
85235,1
85236,1
85237,1
85238,0
85239,1
85240,1
85241,1
85242,0
85243,1
85244,0
85245,0
85246,0
85247,1
85250,0
85251,0
85252,1
85253,0
85254,0
85255,0
85256,0
85257,0
85258,0
85259,1
85260,0
85261,0
85263,0
85264,0
85265,0
85266,0
85267,0
85268,1
85269,0
85270,0
85271,0
85272,1
85273,1
85274,0
85275,0
85276,1
85277,0
85278,1
85279,0
85280,0
85281,1
85282,0
85283,0
85284,1
85285,0
85286,0
85287,0
85288,0
85289,1
85290,0
85291,1
85292,1
85293,1
85294,0
85295,0
85296,1
85297,1
85298,0
85299,1
85300,1
85301,1
85302,0
85303,1
85304,0
85305,1
85306,0
85307,0
85308,0
85309,0
85310,0
85311,1
85312,0
85313,0
85314,1
85315,0
85316,0
85317,0
85318,0
85319,0
85321,0
85322,0
85323,1
85324,0
85325,0
85326,0
85327,1
85328,1
85329,0
85330,0
85331,0
85332,0
85333,0
85334,0
85335,1
85336,0
85337,0
85338,1
85339,1
85340,0
85341,0
85342,0
85343,0
85344,0
85345,1
85346,0
85347,0
85348,0
85349,0
85350,0
85351,0
85352,1
85353,0
85354,0
85355,0
85356,0
85357,0
85358,0
85359,0
85360,0
85361,0
85362,0
85363,0
85364,0
85365,0
85366,0
85367,0
85368,0
85369,0
85370,1
85371,0
85373,1
85374,1
85375,1
85376,1
85377,1
85378,1
85379,1
85380,0
85381,0
85382,0
85383,0
85384,1
85385,0
85386,0
85387,0
85388,1
85389,0
85390,0
85391,0
85392,1
85393,1
85394,1
85395,0
85396,0
85397,0
85398,0
85399,0
85400,0
85401,0
85402,0
85403,1
85404,1
85405,0
85406,0
85407,0
85408,0
85409,0
85410,0
85411,0
85412,0
85413,1
85414,1
85415,1
85416,0
85417,1
85418,0
85419,1
85420,0
85421,0
85422,1
85423,0
85424,1
85425,0
85426,0
85427,0
85428,1
85429,0
85430,1
85431,1
85432,1
85433,0
85434,0
85435,0
85436,0
85437,0
85438,1
85439,0
85440,1
85441,1
85443,0
85444,0
85445,0
85447,1
85448,0
85449,0
85450,1
85451,0
85452,0
85453,1
85454,0
85455,0
85456,0
85457,1
85458,0
85459,1
85460,0
85461,1
85462,1
85464,1
85465,0
85466,0
85467,0
85468,1
85469,1
85470,1
85471,0
85472,1
85473,0
85474,0
85475,0
85476,0
85477,0
85478,0
85479,0
85480,0
85481,0
85482,0
85483,0
85484,0
85485,1
85486,1
85487,0
85488,1
85489,1
85490,0
85491,0
85492,0
85493,0
85494,1
85495,1
85496,0
85497,0
85498,0
85499,0
85500,1
85501,0
85502,0
85503,0
85504,0
85505,1
85506,1
85507,1
85508,1
85509,1
85510,1
85511,1
85512,1
85513,0
85514,0
85515,0
85516,0
85517,0
85518,0
85519,0
85520,0
85521,0
85522,0
85523,0
85524,0
85525,1
85526,1
85527,0
85528,0
85529,0
85530,0
85531,0
85532,0
85533,0
85534,0
85535,0
85536,0
85537,1
85538,0
85539,1
85540,0
85541,0
85542,0
85543,0
85544,1
85545,0
85546,1
85547,1
85548,0
85549,1
85550,1
85551,0
85553,0
85554,0
85555,0
85556,1
85557,1
85558,1
85559,1
85560,0
85561,0
85562,1
85563,0
85564,0
85565,1
85566,0
85567,1
85568,0
85569,1
85570,1
85571,0
85572,1
85573,0
85574,0
85575,1
85576,1
85577,1
85578,1
85579,0
85580,1
85581,0
85582,1
85583,0
85584,1
85585,1
85586,0
85587,1
85588,0
85589,1
85591,1
85592,1
85593,1
85594,1
85596,0
85597,0
85598,0
85599,0
85600,1
85601,1
85602,1
85603,0
85604,0
85605,1
85606,0
85607,0
85608,0
85609,0
85610,0
85611,0
85612,0
85613,0
85614,0
85615,1
85616,0
85617,0
85618,0
85619,0
85620,0
85621,0
85622,0
85623,0
85624,0
85625,0
85626,0
85627,0
85628,1
85629,0
85630,1
85631,1
85632,1
85633,1
85634,0
85635,1
85636,1
85637,1
85638,1
85639,0
85640,1
85641,1
85643,1
85645,1
85647,1
85648,0
85649,1
85650,0
85651,0
85652,0
85653,1
85654,0
85655,1
85656,1
85657,1
85658,1
85659,1
85660,1
85661,1
85662,1
85663,1
85664,1
85665,1
85666,0
85667,1
85668,1
85669,1
85670,1
85671,1
85672,1
85673,1
85674,1
85675,1
85676,1
85677,0
85678,1
85679,1
85680,1
85681,0
85682,0
85683,1
85685,0
85686,0
85687,1
85688,1
85689,0
85690,0
85691,0
85692,0
85693,1
85694,0
85695,0
85696,0
85697,0
85698,1
85699,0
85700,1
85701,0
85702,1
85704,1
85705,1
85706,1
85707,0
85708,0
85712,0
85713,0
85714,0
85715,0
85716,1
85717,1
85718,0
85719,1
85720,0
85721,0
85722,0
85723,1
85724,0
85725,1
85726,0
85727,1
85728,1
85729,1
85730,1
85731,0
85732,0
85733,0
85734,0
85735,0
85737,1
85738,0
85739,1
85740,1
85741,0
85742,0
85743,0
85745,1
85746,0
85747,0
85748,0
85749,0
85750,0
85751,0
85752,0
85753,0
85754,0
85755,0
85756,1
85757,0
85758,0
85759,0
85760,0
85761,0
85765,0
85766,0
85767,0
85768,1
85769,0
85770,1
85771,0
85772,0
85773,0
85774,0
85775,0
85776,0
85777,0
85778,0
85779,1
85780,0
85782,0
85784,0
85785,0
85786,1
85787,1
85788,1
85789,1
85790,1
85791,0
85792,0
85793,1
85794,0
85795,0
85796,0
85797,0
85798,0
85799,1
85800,0
85801,1
85802,1
85803,0
85804,1
85806,0
85807,0
85808,1
85809,0
85810,0
85811,1
85812,0
85813,0
85814,0
85815,1
85816,0
85817,0
85818,0
85819,0
85820,0
85821,0
85822,0
85823,0
85824,0
85825,0
85826,0
85827,0
85828,0
85829,0
85830,1
85832,0
85833,1
85834,1
85835,0
85836,1
85837,1
85838,1
85839,0
85840,0
85841,0
85843,0
85844,0
85845,1
85846,0
85847,1
85848,1
85849,0
85850,1
85851,1
85852,0
85853,0
85854,1
85857,0
85858,1
85859,0
85860,0
85861,1
85862,0
85863,1
85864,0
85866,0
85867,0
85868,0
85869,0
85870,0
85871,0
85872,0
85873,1
85875,1
85876,0
85877,1
85878,1
85879,1
85880,0
85882,0
85883,0
85884,0
85885,1
85886,1
85887,0
85888,0
85889,0
85890,1
85891,1
85892,0
85893,1
85894,1
85895,1
85896,0
85897,0
85898,0
85899,1
85900,1
85901,0
85902,1
85903,1
85904,1
85905,0
85906,0
85907,0
85908,1
85909,0
85910,1
85911,0
85912,0
85913,0
85914,1
85915,0
85916,0
85917,1
85918,0
85919,0
85920,0
85921,0
85922,1
85923,0
85924,0
85925,0
85926,1
85927,0
85928,1
85929,1
85930,0
85931,0
85932,0
85934,0
85936,0
85937,0
85938,1
85940,0
85941,1
85942,1
85943,1
85944,1
85945,1
85946,1
85947,1
85948,1
85949,1
85950,1
85951,1
85952,1
85953,1
85956,0
85957,1
85958,0
85959,0
85960,1
85961,0
85962,1
85963,1
85964,1
85965,1
85966,1
85967,1
85968,1
85969,0
85970,1
85971,1
85972,1
85973,1
85974,0
85975,0
85976,1
85977,0
85978,0
85979,0
85980,0
85981,0
85982,0
85983,0
85984,1
85985,0
85986,0
85987,1
85988,0
85989,0
85990,0
85991,0
85992,0
85993,1
85994,1
85995,0
85996,0
85997,0
85998,0
85999,0
86000,0
86001,0
86002,1
86003,0
86004,0
86005,1
86006,1
86007,0
86008,1
86009,0
86011,0
86012,1
86013,0
86014,0
86015,1
86016,0
86017,0
86018,0
86019,0
86020,1
86021,1
86022,0
86023,1
86024,1
86025,0
86026,0
86027,0
86028,0
86029,0
86030,0
86031,1
86032,0
86033,1
86034,0
86035,1
86036,1
86037,1
86038,1
86039,0
86040,0
86041,0
86042,0
86043,0
86044,0
86046,0
86047,0
86048,0
86049,0
86050,0
86051,1
86052,1
86053,0
86056,0
86057,0
86058,1
86059,0
86060,1
86061,0
86062,0
86064,0
86065,1
86066,0
86067,0
86068,0
86069,0
86070,0
86071,0
86072,1
86073,0
86074,0
86075,0
86076,0
86077,0
86078,0
86079,0
86080,0
86081,0
86082,0
86083,0
86084,0
86085,0
86087,0
86088,0
86089,1
86090,1
86091,1
86092,1
86093,1
86094,1
86095,1
86096,0
86097,1
86098,1
86100,0
86101,1
86102,1
86103,0
86104,1
86105,0
86106,0
86107,1
86108,0
86109,1
86110,0
86111,1
86112,0
86113,0
86114,1
86115,0
86116,1
86117,0
86118,1
86119,0
86120,0
86121,1
86122,1
86123,0
86124,0
86125,0
86126,0
86127,0
86128,1
86129,0
86130,0
86131,1
86132,0
86133,0
86134,0
86135,1
86136,0
86137,0
86138,0
86139,0
86140,1
86141,1
86142,1
86143,1
86144,1
86145,1
86146,0
86147,1
86148,0
86149,1
86150,0
86151,1
86152,1
86153,1
86154,1
86155,1
86157,1
86158,0
86159,1
86160,1
86161,0
86162,1
86163,0
86164,0
86165,1
86166,1
86167,0
86168,0
86169,0
86170,1
86171,1
86172,0
86173,1
86174,1
86175,1
86176,1
86177,1
86178,1
86179,1
86180,0
86181,1
86182,1
86183,0
86185,0
86186,0
86187,0
86188,0
86189,0
86190,0
86191,0
86192,0
86193,0
86194,1
86195,0
86196,0
86197,0
86198,0
86199,0
86200,0
86201,1
86202,0
86203,0
86204,0
86205,0
86206,0
86207,0
86208,1
86209,0
86210,0
86211,1
86212,0
86213,0
86214,0
86215,0
86216,0
86217,1
86218,1
86219,0
86220,0
86221,1
86222,0
86223,0
86224,0
86225,1
86226,0
86227,0
86228,0
86229,0
86230,0
86231,0
86232,0
86233,0
86234,0
86235,0
86236,0
86237,1
86238,0
86239,0
86240,0
86241,1
86242,0
86243,0
86244,0
86245,0
86246,1
86247,1
86248,1
86249,1
86250,1
86251,1
86252,1
86253,1
86254,0
86255,0
86256,0
86257,0
86258,0
86259,0
86260,1
86261,0
86262,0
86263,0
86264,1
86265,0
86266,0
86267,0
86268,0
86269,0
86270,0
86271,0
86272,1
86273,1
86274,0
86275,0
86276,1
86277,0
86278,0
86279,1
86280,1
86281,0
86282,1
86283,0
86284,1
86285,1
86286,1
86287,1
86288,0
86289,1
86290,1
86291,1
86292,1
86293,0
86294,1
86295,1
86296,0
86297,0
86299,0
86300,0
86301,0
86302,0
86303,0
86304,0
86305,0
86306,1
86307,0
86308,0
86309,0
86310,0
86311,1
86312,0
86313,0
86314,0
86315,0
86316,0
86317,0
86318,0
86319,0
86320,1
86321,1
86323,0
86326,0
86327,1
86328,1
86329,1
86330,0
86331,1
86332,1
86333,1
86334,1
86335,1
86336,0
86337,1
86338,0
86339,0
86340,1
86341,1
86342,1
86343,0
86344,1
86345,1
86346,1
86347,1
86348,0
86349,0
86350,0
86352,0
86353,1
86354,1
86355,1
86356,1
86357,1
86358,1
86359,1
86360,0
86361,0
86362,1
86363,0
86364,0
86365,1
86366,0
86367,0
86368,0
86369,0
86370,0
86371,1
86372,0
86373,1
86374,0
86375,0
86376,0
86377,0
86378,0
86379,0
86380,0
86381,0
86382,0
86383,1
86384,0
86385,1
86386,0
86387,0
86389,0
86390,0
86391,1
86392,1
86393,0
86394,0
86395,1
86396,0
86397,0
86398,1
86399,0
86400,0
86401,0
86402,0
86403,1
86404,1
86405,0
86406,0
86407,0
86408,0
86409,0
86410,1
86411,1
86412,0
86413,0
86414,1
86415,1
86416,1
86417,1
86418,1
86419,0
86420,0
86421,0
86422,0
86423,1
86424,0
86425,0
86426,1
86427,0
86428,0
86429,0
86430,1
86431,0
86432,1
86433,0
86434,0
86435,0
86436,0
86437,0
86438,0
86439,0
86440,1
86441,0
86442,0
86443,0
86444,0
86447,0
86448,0
86449,0
86450,0
86451,0
86452,0
86454,1
86455,0
86456,0
86457,0
86458,1
86459,0
86460,0
86461,0
86462,0
86463,1
86464,0
86465,1
86466,1
86467,1
86468,0
86469,1
86470,1
86471,1
86472,0
86473,0
86474,0
86475,0
86476,0
86477,0
86478,0
86479,1
86482,1
86483,1
86484,1
86485,0
86487,0
86488,0
86490,0
86491,0
86492,0
86493,0
86494,1
86495,0
86496,0
86497,0
86498,0
86499,1
86500,0
86502,1
86503,0
86504,0
86505,0
86506,1
86507,0
86509,0
86510,0
86511,0
86512,0
86513,1
86514,1
86515,0
86516,1
86517,0
86518,0
86519,1
86520,0
86521,1
86522,1
86523,1
86525,0
86526,0
86527,0
86528,0
86529,1
86530,1
86531,0
86532,0
86533,0
86534,1
86535,0
86536,1
86537,1
86538,1
86539,0
86540,0
86541,1
86542,0
86543,0
86544,0
86545,0
86546,1
86547,0
86548,0
86549,0
86550,1
86551,1
86552,0
86553,0
86554,0
86555,0
86556,0
86558,1
86559,0
86561,0
86562,1
86563,0
86569,1
86570,0
86571,1
86572,0
86573,1
86574,1
86575,1
86576,1
86577,1
86578,1
86579,0
86580,0
86582,1
86583,0
86584,0
86585,1
86586,1
86587,1
86588,0
86589,1
86590,1
86591,1
86592,0
86595,1
86596,0
86597,1
86598,0
86599,0
86600,1
86601,0
86602,0
86603,1
86604,0
86605,1
86606,0
86609,0
86610,1
86612,1
86613,1
86614,0
86615,1
86617,0
86618,1
86619,1
86620,0
86621,0
86622,0
86623,1
86624,0
86625,1
86626,1
86627,0
86628,1
86629,0
86630,0
86631,1
86633,0
86634,0
86635,0
86636,1
86637,1
86638,1
86639,0
86641,0
86642,0
86643,0
86644,0
86645,0
86646,0
86647,0
86648,1
86649,0
86650,1
86651,0
86654,0
86656,0
86657,0
86658,0
86659,0
86660,1
86661,0
86662,0
86663,0
86664,0
86665,0
86666,1
86667,0
86668,1
86669,0
86670,1
86671,0
86672,0
86673,0
86674,1
86675,0
86676,1
86677,0
86678,0
86679,0
86680,0
86681,0
86682,1
86683,0
86684,0
86685,0
86686,0
86687,0
86688,0
86689,1
86690,0
86691,1
86692,0
86693,1
86694,0
86695,0
86696,1
86697,0
86698,0
86699,1
86701,0
86703,1
86704,1
86705,1
86706,1
86707,0
86709,0
86710,0
86711,1
86712,0
86713,0
86714,0
86715,1
86716,0
86717,0
86718,1
86719,0
86720,0
86721,1
86722,1
86723,0
86724,0
86725,0
86726,0
86728,0
86729,0
86731,0
86732,0
86733,0
86734,0
86735,1
86736,0
86737,1
86738,0
86739,0
86740,1
86741,0
86742,0
86744,1
86745,0
86746,1
86747,0
86748,0
86749,0
86751,1
86752,0
86753,1
86754,0
86755,1
86756,1
86757,0
86758,1
86759,0
86760,0
86761,0
86762,0
86763,0
86764,1
86765,0
86766,0
86767,0
86768,0
86770,0
86771,1
86772,0
86773,1
86774,0
86775,0
86776,0
86777,1
86778,0
86779,0
86780,0
86781,0
86782,0
86783,0
86784,0
86785,1
86786,1
86787,1
86788,1
86789,0
86790,1
86791,0
86792,1
86793,0
86794,1
86795,1
86796,0
86797,0
86798,0
86799,1
86800,1
86801,0
86802,0
86803,1
86804,0
86805,0
86806,0
86807,1
86808,0
86809,1
86810,0
86811,1
86812,1
86813,1
86814,1
86815,0
86816,1
86817,0
86818,1
86819,1
86820,0
86821,1
86822,0
86823,1
86824,1
86825,0
86826,0
86827,0
86828,0
86829,0
86830,1
86831,0
86832,0
86833,0
86834,0
86835,1
86836,0
86837,1
86838,1
86839,1
86840,1
86841,1
86843,1
86844,1
86845,0
86846,0
86847,0
86848,1
86849,1
86850,0
86851,1
86852,1
86853,0
86854,1
86855,1
86856,1
86857,1
86858,1
86859,1
86860,0
86861,1
86862,1
86863,1
86864,1
86865,0
86866,0
86867,0
86868,1
86869,1
86870,1
86871,1
86872,1
86873,1
86874,1
86875,0
86876,1
86877,0
86878,0
86879,0
86880,0
86881,0
86882,0
86883,0
86885,1
86886,0
86887,0
86888,0
86889,1
86890,0
86894,0
86895,0
86896,0
86897,1
86898,1
86899,0
86900,0
86901,0
86902,0
86903,0
86904,1
86905,0
86906,0
86907,1
86908,0
86909,0
86910,0
86911,0
86912,0
86913,0
86914,1
86915,0
86916,0
86917,0
86918,0
86919,1
86920,1
86921,0
86922,0
86923,1
86924,1
86925,0
86926,0
86927,0
86928,0
86929,0
86930,1
86931,0
86932,1
86933,0
86934,1
86935,0
86936,1
86937,0
86938,0
86939,0
86940,1
86941,1
86942,0
86943,1
86944,0
86945,1
86946,1
86947,0
86948,0
86949,0
86950,1
86951,0
86952,1
86953,1
86954,1
86955,1
86956,1
86957,1
86958,1
86959,1
86960,1
86961,1
86962,0
86963,0
86964,0
86965,1
86966,0
86967,0
86968,0
86969,0
86970,0
86971,1
86972,0
86973,0
86974,1
86975,1
86976,0
86977,0
86978,0
86979,1
86980,0
86981,0
86982,1
86983,1
86984,0
86985,0
86986,0
86987,0
86988,1
86989,1
86990,0
86991,0
86992,1
86993,0
86994,0
86995,0
86996,1
86997,0
86998,0
86999,0
87000,0
87001,0
87002,0
87003,0
87004,0
87005,1
87006,0
87007,0
87008,0
87009,0
87010,0
87011,0
87012,0
87013,1
87014,0
87015,0
87016,0
87017,0
87018,0
87019,1
87020,0
87021,0
87022,0
87023,0
87024,1
87025,1
87026,1
87027,1
87028,1
87029,0
87030,0
87031,0
87032,1
87033,0
87034,0
87035,0
87036,0
87037,0
87038,0
87039,0
87040,0
87041,0
87042,0
87043,0
87044,1
87045,1
87046,1
87047,0
87048,1
87049,1
87050,0
87051,1
87052,1
87055,0
87056,0
87057,0
87058,0
87059,0
87060,0
87061,0
87062,0
87063,0
87064,0
87066,0
87067,1
87068,1
87069,1
87070,1
87071,0
87072,0
87073,1
87074,1
87075,0
87076,0
87077,0
87078,0
87079,1
87080,1
87081,0
87082,1
87083,1
87084,0
87085,0
87086,0
87087,0
87088,0
87090,0
87091,0
87092,0
87093,0
87094,0
87095,0
87096,0
87097,0
87098,0
87099,0
87100,0
87101,1
87102,0
87103,0
87104,0
87105,0
87106,0
87107,0
87108,0
87109,1
87110,0
87111,0
87112,0
87113,1
87114,0
87115,0
87116,0
87117,1
87118,0
87119,0
87120,0
87121,0
87122,0
87123,1
87124,0
87125,0
87126,0
87127,0
87128,0
87129,1
87130,0
87131,1
87132,0
87133,0
87134,1
87135,0
87136,0
87137,0
87138,0
87139,0
87141,0
87142,0
87143,0
87144,0
87145,1
87146,0
87147,0
87148,1
87149,1
87150,0
87151,0
87152,1
87153,1
87154,1
87155,1
87158,0
87159,1
87160,1
87161,1
87162,1
87163,1
87164,1
87165,0
87166,0
87167,0
87168,0
87169,1
87170,0
87171,0
87172,0
87173,0
87174,1
87175,0
87176,1
87177,1
87178,0
87179,0
87180,0
87181,0
87182,0
87183,0
87184,0
87187,0
87188,1
87189,0
87190,1
87192,0
87193,0
87194,0
87196,1
87197,1
87198,0
87199,0
87200,0
87201,0
87202,0
87203,0
87204,1
87205,0
87206,0
87207,0
87208,0
87209,1
87210,1
87211,1
87212,0
87213,0
87214,0
87216,1
87217,0
87218,1
87219,0
87222,0
87223,0
87226,0
87227,1
87230,0
87231,0
87232,1
87233,0
87234,1
87235,1
87236,0
87237,0
87238,1
87239,1
87240,1
87241,0
87242,1
87243,0
87244,0
87245,0
87246,1
87247,0
87248,0
87249,0
87250,0
87251,1
87252,1
87253,0
87254,1
87255,1
87256,0
87257,0
87258,0
87259,0
87260,0
87261,0
87262,0
87263,0
87264,1
87265,0
87266,0
87268,0
87269,0
87270,0
87271,1
87272,1
87274,0
87276,1
87277,0
87278,1
87279,1
87280,1
87281,0
87282,1
87283,0
87284,1
87285,0
87286,0
87287,0
87288,0
87289,0
87290,0
87291,0
87292,0
87293,0
87294,1
87295,0
87296,0
87297,0
87298,0
87299,0
87300,0
87301,1
87302,1
87304,0
87305,0
87306,1
87307,0
87309,1
87310,1
87311,0
87312,0
87313,1
87314,1
87315,0
87316,1
87318,0
87319,0
87320,0
87321,1
87322,1
87323,1
87324,0
87325,0
87326,0
87329,1
87330,1
87331,0
87332,0
87333,0
87334,0
87335,0
87337,1
87338,0
87339,0
87340,0
87341,0
87342,0
87347,0
87348,0
87349,0
87350,1
87351,0
87352,0
87353,0
87354,0
87355,0
87356,0
87357,0
87358,0
87359,1
87360,1
87361,1
87362,1
87363,1
87364,0
87365,0
87366,0
87367,1
87368,0
87369,1
87370,1
87371,0
87372,1
87373,0
87374,0
87375,1
87376,0
87377,0
87378,1
87379,1
87380,1
87381,1
87382,1
87383,0
87384,0
87385,0
87386,0
87387,0
87388,0
87389,0
87390,0
87391,1
87392,0
87393,1
87394,1
87395,0
87396,1
87397,1
87398,0
87399,1
87400,0
87401,1
87402,0
87403,0
87404,0
87406,0
87407,0
87409,1
87410,1
87411,1
87413,1
87415,1
87416,1
87417,1
87418,1
87419,1
87420,1
87421,1
87423,1
87426,1
87427,1
87428,1
87430,1
87432,1
87433,1
87434,1
87435,1
87436,1
87437,1
87438,1
87439,0
87440,0
87441,0
87442,1
87443,1
87444,0
87445,1
87446,1
87447,1
87448,0
87449,1
87450,0
87451,1
87452,1
87453,1
87454,0
87455,1
87456,0
87457,1
87458,1
87459,1
87460,0
87461,1
87462,1
87463,1
87464,1
87465,1
87466,0
87467,0
87468,1
87469,0
87471,0
87472,0
87473,1
87474,1
87475,0
87476,0
87477,0
87479,1
87480,0
87481,0
87482,1
87483,0
87484,0
87485,1
87487,1
87490,1
87491,0
87492,0
87493,1
87494,1
87495,0
87496,0
87497,0
87498,0
87499,1
87500,1
87501,1
87502,1
87503,1
87504,1
87505,0
87506,0
87507,1
87508,1
87509,0
87510,0
87511,1
87512,1
87513,1
87514,0
87515,1
87516,1
87517,1
87518,1
87519,0
87520,0
87521,0
87522,0
87523,0
87524,0
87525,0
87526,0
87527,0
87528,0
87529,1
87530,0
87531,0
87532,1
87533,0
87534,0
87535,0
87536,0
87537,1
87538,0
87539,0
87540,0
87541,0
87542,0
87543,1
87544,1
87545,0
87546,1
87547,0
87548,0
87549,0
87550,0
87551,0
87552,1
87553,1
87554,1
87555,0
87556,0
87557,0
87558,0
87559,0
87560,0
87561,0
87562,0
87563,0
87564,0
87565,0
87567,0
87568,0
87569,0
87570,0
87571,0
87572,0
87573,0
87574,0
87575,0
87576,1
87577,0
87578,0
87579,0
87580,0
87581,0
87582,0
87583,0
87584,1
87585,0
87586,0
87587,0
87588,0
87589,0
87590,1
87591,0
87592,1
87593,1
87594,0
87595,1
87596,1
87597,1
87598,0
87599,0
87600,0
87601,0
87602,1
87603,0
87604,0
87605,0
87606,1
87607,0
87608,1
87609,1
87610,0
87611,0
87612,0
87613,0
87614,0
87615,0
87616,1
87617,0
87618,0
87620,1
87621,0
87622,0
87623,0
87624,0
87625,1
87626,0
87627,0
87628,1
87629,0
87630,0
87631,0
87633,0
87634,0
87635,0
87636,0
87637,1
87638,0
87639,0
87640,0
87641,1
87642,1
87643,0
87644,1
87645,0
87646,0
87647,0
87648,1
87649,0
87650,1
87651,1
87652,0
87653,1
87654,1
87655,1
87656,0
87657,0
87658,0
87659,0
87660,0
87661,0
87662,0
87663,0
87665,0
87667,0
87668,0
87669,0
87670,0
87671,0
87672,0
87673,0
87674,0
87675,0
87676,1
87677,0
87678,0
87679,0
87680,0
87681,0
87682,0
87683,0
87684,0
87685,0
87686,1
87687,1
87688,0
87689,0
87690,0
87691,0
87692,0
87693,1
87694,0
87695,0
87696,0
87697,0
87698,0
87699,0
87700,1
87701,1
87702,0
87703,1
87704,1
87705,0
87706,0
87707,1
87708,1
87709,1
87710,0
87711,1
87712,0
87713,0
87714,0
87715,0
87716,0
87717,0
87718,0
87719,0
87720,0
87721,0
87722,0
87723,0
87724,0
87725,1
87726,0
87727,1
87728,0
87729,1
87730,1
87731,0
87733,0
87734,0
87735,0
87736,0
87737,1
87739,0
87740,0
87742,0
87743,0
87744,0
87745,0
87746,0
87748,0
87749,0
87750,0
87751,1
87753,0
87754,0
87755,0
87756,0
87757,1
87758,1
87759,1
87760,0
87761,1
87762,0
87763,0
87764,0
87765,0
87766,0
87767,0
87768,0
87769,0
87770,0
87771,1
87772,0
87773,1
87774,0
87775,0
87776,0
87777,0
87778,1
87779,1
87780,0
87781,0
87782,0
87783,1
87784,0
87785,0
87786,0
87787,0
87788,0
87789,0
87790,1
87791,0
87792,1
87793,1
87794,1
87795,0
87796,0
87797,0
87798,0
87799,0
87800,0
87801,0
87802,1
87803,0
87804,0
87806,1
87807,1
87808,1
87809,1
87810,0
87811,0
87812,0
87813,0
87815,1
87816,0
87817,1
87818,0
87819,0
87820,0
87821,0
87822,0
87823,1
87824,0
87825,1
87826,0
87827,1
87828,1
87829,1
87830,1
87831,0
87832,0
87833,0
87834,0
87835,0
87836,1
87837,1
87838,0
87839,1
87840,0
87841,1
87842,1
87843,0
87844,0
87845,0
87846,0
87847,0
87848,1
87849,0
87850,0
87851,1
87853,0
87854,0
87855,1
87856,1
87857,1
87858,1
87859,0
87860,0
87861,0
87862,1
87863,0
87864,0
87865,1
87866,1
87867,0
87868,0
87870,0
87871,0
87872,1
87873,0
87874,0
87875,0
87876,1
87877,0
87879,0
87880,0
87882,0
87883,0
87884,0
87885,1
87886,0
87887,0
87889,1
87890,1
87891,1
87892,0
87893,0
87894,0
87895,0
87898,1
87899,1
87900,1
87903,1
87904,1
87905,1
87906,1
87907,1
87909,1
87911,1
87912,1
87914,1
87916,1
87917,0
87918,1
87919,0
87920,0
87921,0
87922,1
87923,0
87924,0
87925,1
87926,1
87927,0
87928,1
87930,0
87931,0
87932,0
87933,1
87934,0
87937,0
87939,1
87948,0
87949,0
87950,1
87951,1
87952,1
87953,1
87954,1
87955,1
87956,1
87957,1
87958,0
87959,1
87960,0
87961,0
87962,0
87963,0
87964,0
87965,1
87966,0
87967,1
87968,0
87969,1
87970,1
87971,0
87972,1
87973,1
87974,0
87975,1
87976,0
87977,1
87978,0
87979,1
87980,1
87981,0
87982,1
87983,1
87984,1
87985,1
87986,0
87987,0
87988,1
87989,1
87990,0
87991,0
87992,1
87993,0
87994,0
87995,1
87996,0
87997,1
87998,1
87999,0
88000,1
88001,0
88002,0
88003,1
88004,1
88005,0
88006,0
88007,0
88008,0
88009,0
88010,0
88011,0
88012,0
88013,0
88014,1
88015,0
88016,0
88017,1
88019,1
88020,0
88021,1
88022,0
88023,1
88024,0
88025,1
88026,0
88027,1
88028,0
88029,1
88030,0
88031,0
88032,1
88033,1
88034,1
88035,0
88036,0
88037,1
88038,0
88039,1
88040,0
88041,0
88043,0
88044,0
88045,0
88046,0
88047,0
88048,0
88049,0
88050,0
88051,0
88053,0
88054,0
88055,1
88056,1
88057,0
88058,0
88060,1
88061,0
88062,1
88063,1
88064,1
88065,1
88066,1
88067,1
88068,0
88069,0
88070,0
88071,0
88072,1
88073,0
88074,0
88075,0
88076,0
88077,0
88078,0
88079,0
88080,0
88081,0
88082,0
88083,1
88084,0
88085,0
88086,0
88087,0
88088,1
88089,0
88090,1
88091,0
88092,0
88093,0
88094,0
88095,0
88096,0
88097,0
88098,1
88099,1
88100,1
88101,1
88102,1
88103,0
88104,1
88105,1
88106,0
88107,1
88108,0
88109,1
88110,1
88111,0
88112,0
88113,0
88114,0
88115,0
88116,0
88117,1
88118,0
88119,0
88120,0
88121,0
88122,0
88123,0
88124,0
88125,1
88126,0
88127,0
88128,0
88129,1
88130,0
88131,0
88132,0
88133,1
88134,0
88135,0
88136,0
88137,0
88138,0
88139,0
88140,1
88141,1
88142,0
88143,0
88144,0
88145,0
88146,1
88147,0
88148,1
88149,0
88150,0
88151,0
88152,0
88153,0
88154,0
88155,0
88156,0
88157,0
88158,0
88159,1
88160,0
88161,0
88162,1
88163,1
88164,0
88165,1
88167,0
88168,0
88169,1
88170,0
88171,1
88172,1
88173,0
88174,1
88175,1
88176,0
88177,0
88178,0
88179,0
88180,0
88181,0
88182,1
88183,1
88184,0
88185,0
88186,0
88187,0
88188,0
88189,0
88190,0
88191,1
88192,0
88193,0
88194,1
88195,0
88196,0
88197,1
88198,1
88199,0
88200,0
88201,1
88202,0
88203,1
88204,0
88205,0
88206,0
88207,0
88208,0
88209,0
88210,1
88211,0
88212,0
88213,1
88214,0
88215,0
88216,0
88217,1
88218,0
88219,1
88220,0
88221,1
88222,1
88223,0
88224,0
88226,0
88227,1
88228,0
88229,0
88230,0
88231,0
88232,0
88233,0
88234,0
88235,0
88236,0
88237,0
88238,0
88239,0
88240,0
88241,0
88242,0
88243,0
88244,0
88245,0
88246,0
88247,0
88248,0
88249,0
88250,0
88251,0
88252,0
88253,0
88254,1
88255,1
88256,0
88257,1
88258,0
88259,1
88260,0
88261,0
88262,0
88263,1
88264,1
88266,1
88268,1
88270,0
88271,1
88272,0
88273,0
88274,0
88275,0
88276,0
88277,0
88278,0
88279,0
88280,0
88281,1
88282,0
88283,0
88284,0
88285,0
88286,0
88287,1
88288,0
88289,1
88290,0
88293,0
88294,0
88295,0
88296,0
88297,0
88298,0
88299,0
88300,0
88302,1
88303,0
88304,1
88305,0
88306,1
88307,0
88308,0
88309,1
88310,1
88311,1
88312,0
88313,0
88316,1
88317,0
88318,1
88319,1
88320,1
88321,1
88322,1
88323,1
88324,1
88325,1
88327,1
88329,0
88331,0
88332,0
88334,0
88335,0
88336,0
88337,0
88339,1
88341,0
88342,1
88344,1
88345,0
88346,0
88347,1
88348,1
88349,1
88350,0
88351,1
88352,0
88353,1
88354,0
88355,1
88356,0
88357,1
88359,1
88361,0
88362,1
88363,1
88365,0
88366,0
88367,0
88368,0
88369,0
88370,0
88371,0
88372,0
88373,0
88374,0
88375,1
88376,0
88377,0
88378,1
88379,1
88380,0
88381,1
88382,1
88383,1
88384,0
88385,0
88386,0
88387,1
88388,1
88389,0
88390,0
88391,1
88392,1
88393,1
88394,1
88395,1
88396,0
88397,1
88398,0
88399,0
88400,1
88401,0
88402,0
88403,1
88404,0
88405,1
88406,0
88407,0
88408,0
88409,0
88410,0
88411,0
88412,0
88413,0
88414,0
88415,1
88416,1
88417,0
88418,0
88419,0
88420,0
88421,0
88422,0
88423,0
88424,0
88425,0
88426,0
88427,0
88428,0
88429,0
88430,0
88431,0
88432,0
88433,0
88434,0
88435,0
88436,1
88437,1
88438,0
88439,0
88440,1
88441,0
88442,0
88443,0
88444,0
88445,0
88446,0
88447,0
88448,0
88449,1
88450,1
88451,0
88452,1
88454,0
88455,0
88456,0
88457,0
88458,1
88459,1
88460,1
88461,0
88462,0
88463,1
88464,0
88465,1
88466,0
88467,0
88468,0
88469,0
88470,0
88471,0
88472,0
88473,0
88474,0
88475,1
88476,0
88477,1
88478,1
88479,1
88480,1
88481,1
88482,0
88483,0
88484,1
88485,0
88486,0
88487,0
88488,0
88489,0
88490,0
88491,0
88492,0
88493,0
88494,0
88496,0
88497,0
88498,0
88499,0
88500,1
88501,0
88502,0
88503,0
88504,0
88505,0
88506,0
88507,1
88508,0
88509,1
88510,0
88511,0
88512,0
88513,0
88514,0
88515,0
88517,1
88518,0
88519,0
88520,1
88521,1
88522,1
88523,1
88524,0
88525,0
88526,0
88527,0
88528,0
88529,0
88530,0
88531,0
88532,1
88533,1
88534,0
88535,0
88536,1
88537,0
88538,0
88539,1
88540,0
88541,1
88542,1
88543,0
88545,0
88546,0
88547,0
88548,0
88549,0
88550,0
88551,0
88552,0
88553,0
88554,0
88555,0
88556,1
88557,0
88558,1
88559,1
88560,0
88562,0
88563,1
88564,1
88565,0
88566,0
88567,0
88568,1
88569,1
88570,0
88571,0
88572,0
88573,0
88574,1
88575,0
88576,1
88577,0
88578,0
88579,1
88580,0
88581,0
88582,1
88583,0
88584,1
88585,1
88587,1
88588,1
88590,1
88591,0
88592,0
88593,1
88594,0
88595,1
88596,0
88597,0
88598,1
88599,0
88600,0
88601,0
88602,0
88603,0
88604,0
88605,0
88606,0
88607,0
88608,0
88609,0
88610,0
88611,1
88612,0
88613,0
88614,0
88615,0
88616,0
88617,0
88618,0
88619,0
88620,0
88621,1
88622,0
88623,1
88624,0
88625,1
88626,0
88627,0
88628,0
88629,0
88630,0
88631,1
88632,1
88633,0
88634,0
88635,0
88636,0
88637,0
88638,1
88639,0
88640,0
88642,1
88643,1
88644,0
88645,0
88646,0
88648,0
88649,0
88650,0
88651,1
88652,0
88653,0
88654,0
88655,0
88656,0
88657,0
88658,0
88659,0
88660,0
88661,1
88662,1
88663,0
88664,0
88665,0
88666,0
88667,0
88668,1
88669,1
88670,0
88671,0
88672,0
88673,0
88674,0
88675,0
88676,0
88677,0
88678,1
88679,0
88680,0
88681,0
88682,0
88683,0
88684,1
88685,0
88686,1
88687,1
88688,0
88689,0
88690,0
88691,0
88692,0
88693,0
88694,0
88695,0
88696,0
88697,0
88698,0
88699,1
88700,0
88701,0
88702,0
88703,1
88704,0
88705,0
88706,0
88707,0
88708,0
88709,0
88710,0
88711,0
88712,0
88713,0
88714,0
88715,0
88716,0
88717,0
88718,0
88719,0
88720,0
88721,0
88722,1
88723,0
88724,0
88725,0
88726,1
88727,1
88729,1
88731,1
88732,1
88733,1
88734,1
88735,1
88736,1
88737,1
88738,0
88739,1
88740,1
88741,1
88742,1
88743,0
88744,1
88745,1
88746,1
88747,1
88748,0
88749,0
88750,1
88751,1
88752,1
88753,1
88754,0
88755,0
88756,1
88757,0
88758,1
88759,0
88760,0
88761,1
88762,0
88763,0
88764,0
88765,0
88766,0
88767,0
88768,1
88769,0
88770,0
88771,0
88772,0
88773,0
88774,0
88775,0
88776,0
88777,0
88778,0
88779,0
88780,0
88781,0
88782,0
88783,0
88784,0
88785,0
88786,1
88787,0
88788,1
88789,0
88790,0
88791,1
88792,1
88793,0
88794,0
88795,0
88796,1
88797,0
88798,0
88799,1
88800,0
88801,0
88802,0
88803,0
88804,0
88805,1
88806,0
88807,0
88808,0
88809,0
88810,0
88812,0
88813,0
88814,0
88815,1
88816,0
88817,1
88818,1
88820,1
88821,1
88822,0
88823,1
88824,0
88825,1
88826,0
88827,0
88828,0
88829,0
88830,0
88831,0
88832,1
88833,0
88834,1
88835,1
88836,1
88837,1
88838,0
88839,0
88840,0
88841,1
88842,0
88843,0
88844,0
88845,0
88846,1
88847,0
88848,1
88849,0
88850,0
88851,0
88852,0
88853,0
88854,1
88855,1
88856,1
88857,0
88859,1
88860,0
88861,0
88862,1
88863,1
88864,1
88865,0
88866,0
88867,1
88868,1
88869,0
88870,0
88871,0
88872,1
88873,0
88874,0
88875,0
88876,0
88877,0
88878,0
88879,0
88880,1
88881,0
88882,1
88883,0
88884,1
88885,1
88886,0
88887,1
88888,1
88889,1
88890,1
88891,1
88892,1
88893,1
88894,1
88895,1
88896,1
88897,1
88898,0
88899,0
88900,0
88901,1
88902,1
88903,1
88904,0
88905,1
88906,1
88907,0
88908,1
88909,1
88910,1
88911,0
88912,1
88913,0
88914,0
88915,1
88916,1
88917,0
88918,0
88919,0
88920,1
88921,1
88922,0
88923,1
88924,1
88925,0
88926,1
88927,1
88928,0
88929,1
88931,0
88932,0
88933,1
88934,0
88935,0
88936,0
88937,1
88938,0
88939,0
88940,0
88941,0
88943,0
88944,0
88945,0
88946,1
88947,0
88948,0
88950,0
88951,1
88952,0
88953,0
88954,1
88955,1
88956,1
88957,1
88958,1
88959,0
88960,0
88961,1
88962,1
88963,1
88964,0
88965,1
88966,0
88967,0
88968,1
88969,0
88970,1
88971,1
88972,0
88973,0
88974,0
88975,0
88976,1
88977,0
88978,0
88979,1
88980,1
88981,0
88982,0
88983,0
88984,0
88985,0
88986,0
88987,0
88988,0
88989,0
88991,0
88992,1
88993,1
88994,1
88996,1
88997,1
88998,1
88999,1
89000,1
89002,1
89006,1
89007,0
89008,0
89009,0
89010,0
89011,0
89012,0
89013,0
89014,1
89015,0
89016,0
89017,0
89018,0
89019,0
89021,0
89022,0
89024,0
89025,0
89026,1
89027,1
89028,0
89029,1
89030,0
89031,1
89032,0
89033,0
89034,0
89035,1
89036,0
89037,1
89038,1
89039,1
89040,1
89041,1
89042,0
89043,1
89044,0
89045,1
89047,0
89048,1
89049,1
89050,1
89051,0
89052,0
89053,1
89054,0
89055,1
89056,1
89057,0
89058,0
89059,1
89060,0
89061,0
89062,1
89063,0
89064,1
89065,1
89066,0
89067,0
89068,0
89069,1
89070,1
89071,1
89072,1
89073,0
89074,0
89075,0
89076,1
89077,1
89078,1
89079,1
89080,0
89081,0
89082,0
89083,0
89084,0
89085,0
89086,0
89087,0
89088,0
89089,0
89090,0
89091,1
89092,0
89093,0
89094,0
89095,0
89096,0
89097,1
89098,1
89099,0
89100,0
89101,1
89103,0
89104,0
89105,0
89106,1
89107,0
89108,0
89109,0
89110,0
89111,0
89112,1
89113,0
89114,0
89115,0
89116,0
89117,0
89118,1
89119,1
89120,0
89121,0
89122,0
89123,0
89124,1
89125,0
89126,0
89127,0
89128,0
89129,0
89130,1
89131,1
89132,0
89133,0
89134,0
89135,0
89136,0
89137,1
89138,0
89139,1
89140,1
89141,0
89142,0
89143,1
89144,1
89145,0
89146,0
89147,1
89148,1
89149,1
89150,1
89151,0
89152,1
89153,1
89154,0
89155,0
89156,0
89157,0
89158,0
89159,0
89160,0
89161,0
89162,0
89163,1
89164,1
89165,1
89166,0
89167,0
89168,0
89169,1
89170,0
89171,0
89172,0
89173,1
89174,1
89177,0
89178,0
89179,0
89180,0
89181,1
89182,1
89183,1
89184,1
89185,1
89186,1
89187,0
89188,0
89189,0
89190,0
89191,0
89192,0
89193,1
89196,0
89197,0
89198,0
89199,0
89200,0
89201,0
89202,0
89203,0
89204,0
89205,0
89206,0
89207,0
89208,0
89209,0
89211,1
89212,0
89213,0
89214,0
89215,0
89216,1
89217,0
89218,1
89219,1
89220,1
89221,0
89222,1
89223,1
89224,0
89225,0
89226,0
89227,0
89228,0
89229,0
89230,0
89231,0
89232,0
89233,0
89234,1
89235,0
89236,0
89237,0
89238,1
89239,0
89240,0
89241,1
89242,0
89243,0
89244,0
89245,0
89246,0
89247,0
89248,0
89249,0
89250,0
89251,0
89252,0
89253,0
89254,1
89255,1
89256,0
89257,0
89258,0
89259,1
89260,0
89261,0
89262,0
89263,0
89264,0
89265,1
89266,0
89267,0
89268,0
89269,0
89270,0
89271,0
89272,1
89273,0
89274,1
89275,0
89276,1
89277,1
89278,0
89279,0
89281,0
89282,0
89283,0
89284,0
89285,0
89286,0
89287,0
89288,0
89289,0
89290,0
89291,1
89292,0
89293,0
89294,0
89295,0
89296,1
89297,0
89298,0
89299,0
89300,0
89301,1
89302,1
89303,1
89304,1
89305,0
89306,0
89307,0
89308,0
89309,0
89310,1
89311,0
89312,0
89313,1
89314,0
89315,0
89316,0
89317,0
89318,1
89319,0
89320,0
89321,1
89322,0
89323,0
89324,0
89325,1
89326,0
89327,1
89328,1
89329,1
89330,0
89332,0
89333,0
89334,0
89335,0
89336,0
89337,0
89338,0
89339,0
89340,0
89341,1
89342,0
89343,0
89344,0
89345,0
89346,0
89347,0
89348,0
89349,0
89350,1
89351,0
89352,0
89353,0
89354,0
89355,0
89356,0
89357,0
89359,0
89360,1
89361,0
89362,0
89363,0
89364,1
89365,1
89366,0
89367,0
89368,1
89369,0
89370,0
89371,1
89373,0
89374,0
89375,0
89376,0
89377,0
89378,0
89379,0
89380,0
89381,0
89382,0
89383,0
89384,0
89385,0
89386,0
89387,0
89388,0
89389,0
89390,0
89392,0
89393,0
89394,0
89395,0
89396,0
89397,1
89398,1
89400,1
89401,1
89402,1
89403,0
89404,1
89405,0
89406,1
89407,1
89408,1
89409,1
89410,1
89411,1
89412,0
89413,1
89414,0
89415,1
89416,1
89417,0
89418,0
89419,1
89421,0
89422,0
89423,0
89424,0
89425,1
89426,0
89427,1
89428,1
89429,1
89430,0
89431,1
89432,1
89433,0
89434,0
89435,0
89436,0
89437,0
89438,0
89439,0
89440,0
89441,1
89442,1
89443,0
89444,1
89445,1
89446,1
89447,0
89448,1
89449,1
89450,1
89451,0
89452,0
89453,1
89454,1
89455,0
89456,1
89457,1
89458,1
89459,1
89460,1
89461,0
89462,1
89464,1
89465,1
89466,1
89467,0
89468,0
89469,1
89470,0
89471,0
89472,0
89473,0
89474,1
89475,1
89476,0
89477,0
89478,0
89479,1
89480,1
89481,1
89482,1
89483,1
89484,0
89485,0
89486,0
89487,1
89488,1
89489,1
89490,0
89491,1
89492,0
89493,0
89494,0
89495,0
89496,0
89497,1
89498,1
89499,0
89500,0
89501,1
89502,1
89503,0
89504,0
89505,0
89506,1
89507,0
89508,0
89509,0
89510,1
89511,0
89512,1
89513,1
89514,0
89517,0
89518,1
89519,1
89520,1
89521,0
89523,1
89524,1
89526,1
89527,1
89528,1
89529,1
89530,1
89531,0
89532,0
89533,1
89534,0
89535,0
89536,0
89537,0
89538,0
89539,1
89540,0
89541,1
89542,0
89543,0
89544,0
89545,0
89546,0
89547,0
89548,0
89549,0
89550,0
89551,0
89552,0
89553,0
89554,0
89555,1
89556,1
89557,0
89558,0
89559,0
89560,0
89561,0
89562,1
89563,1
89564,1
89565,0
89566,0
89567,0
89568,0
89569,0
89570,0
89571,1
89573,1
89574,1
89575,0
89576,0
89577,0
89578,0
89579,0
89580,0
89581,0
89582,0
89583,0
89584,1
89585,0
89586,0
89587,0
89588,1
89589,0
89591,1
89594,0
89595,0
89596,0
89597,0
89598,0
89599,1
89600,1
89601,0
89602,0
89603,1
89604,0
89605,0
89606,0
89607,0
89609,0
89610,0
89611,0
89612,0
89613,1
89614,0
89615,0
89616,1
89617,1
89618,0
89619,0
89620,0
89621,0
89622,1
89623,1
89624,0
89625,0
89626,0
89627,0
89628,0
89629,0
89630,0
89631,0
89632,0
89633,0
89634,0
89635,1
89636,0
89637,1
89638,0
89639,1
89640,0
89641,1
89642,1
89643,1
89644,1
89645,0
89647,1
89648,0
89649,1
89650,0
89651,0
89652,0
89653,0
89654,0
89655,0
89656,0
89657,0
89658,0
89659,0
89660,0
89661,0
89662,0
89663,1
89664,0
89665,1
89667,0
89668,0
89669,1
89670,0
89671,0
89672,1
89673,0
89674,1
89675,1
89676,1
89677,0
89678,1
89679,0
89680,0
89681,0
89682,0
89683,1
89684,0
89686,0
89687,0
89688,1
89689,0
89690,0
89691,0
89692,0
89693,0
89694,0
89695,1
89696,1
89697,1
89698,1
89699,1
89700,1
89701,1
89702,0
89703,0
89704,1
89705,1
89706,0
89707,0
89708,0
89709,1
89710,0
89712,1
89713,0
89714,0
89715,0
89716,0
89717,1
89718,0
89719,1
89720,0
89721,0
89723,1
89724,0
89726,0
89727,1
89728,1
89729,0
89730,1
89731,1
89733,1
89734,1
89735,1
89740,1
89741,0
89742,0
89744,0
89745,0
89746,0
89747,0
89748,1
89749,1
89750,0
89751,0
89752,1
89754,0
89755,1
89756,0
89757,0
89758,1
89759,0
89760,0
89762,1
89763,0
89764,1
89765,1
89766,0
89767,1
89768,1
89769,0
89770,0
89771,0
89772,0
89773,0
89774,0
89775,1
89776,0
89777,0
89778,0
89779,1
89780,0
89781,1
89782,0
89783,0
89784,0
89785,0
89786,1
89787,0
89788,0
89789,0
89790,0
89791,0
89792,0
89793,0
89794,0
89795,0
89796,1
89797,0
89798,0
89799,0
89800,1
89801,0
89802,0
89803,1
89804,0
89805,1
89806,0
89807,0
89808,0
89809,1
89810,1
89811,0
89812,0
89813,0
89814,0
89815,0
89816,0
89817,1
89818,0
89819,1
89820,0
89821,1
89822,1
89823,0
89824,0
89825,0
89826,0
89827,0
89828,1
89829,0
89830,0
89831,0
89832,1
89833,0
89834,0
89835,0
89836,0
89837,1
89838,1
89839,1
89840,0
89841,1
89842,1
89843,0
89844,0
89845,0
89846,0
89847,1
89848,1
89849,1
89850,0
89851,0
89852,0
89853,0
89854,1
89855,1
89856,0
89857,1
89858,0
89859,1
89860,0
89861,0
89862,0
89863,0
89864,0
89866,0
89867,0
89868,0
89869,0
89870,1
89871,0
89872,0
89873,0
89875,0
89876,0
89877,1
89878,1
89880,1
89881,0
89882,0
89883,0
89884,0
89885,0
89886,0
89887,0
89888,1
89889,1
89890,1
89891,0
89892,0
89893,1
89894,0
89895,1
89896,1
89897,0
89898,1
89899,0
89900,1
89901,0
89902,0
89903,1
89904,0
89905,1
89906,1
89907,1
89908,0
89909,0
89910,1
89911,0
89912,1
89913,0
89914,0
89915,1
89916,1
89917,0
89918,1
89919,1
89920,1
89921,0
89922,1
89923,1
89924,0
89925,1
89926,0
89927,1
89928,1
89929,1
89930,1
89931,1
89932,1
89933,1
89934,1
89935,1
89936,1
89937,0
89938,0
89939,1
89940,1
89941,0
89942,0
89943,0
89944,1
89945,0
89946,1
89947,1
89948,0
89949,0
89950,0
89951,0
89952,0
89953,0
89954,0
89955,0
89956,0
89957,0
89958,0
89959,0
89960,0
89961,1
89962,0
89964,0
89965,1
89966,1
89967,1
89968,0
89969,0
89970,0
89971,0
89972,0
89973,1
89974,1
89975,1
89976,1
89977,0
89978,1
89979,0
89980,1
89981,0
89982,1
89983,1
89984,1
89985,1
89986,0
89987,1
89988,1
89989,1
89991,0
89992,1
89993,1
89994,0
89995,0
89996,0
89997,0
89998,0
89999,0
90000,0
90001,0
90002,1
90003,1
90004,0
90005,0
90006,0
90007,0
90008,0
90009,1
90010,0
90011,1
90012,0
90013,0
90014,1
90015,0
90016,1
90017,0
90018,0
90019,0
90020,0
90022,0
90023,0
90024,0
90025,0
90026,0
90027,0
90028,0
90029,0
90030,0
90031,0
90032,1
90033,0
90034,0
90035,0
90036,0
90037,1
90038,0
90040,0
90041,1
90042,0
90043,0
90044,0
90045,1
90046,1
90047,0
90048,0
90049,0
90050,1
90051,1
90052,1
90053,0
90054,0
90055,0
90056,0
90057,1
90058,0
90059,0
90060,0
90061,0
90062,0
90063,1
90064,0
90065,1
90066,1
90067,0
90068,0
90069,0
90070,1
90071,0
90072,0
90073,1
90074,0
90075,0
90076,1
90077,0
90078,0
90079,0
90080,0
90081,0
90082,0
90083,0
90084,0
90085,0
90086,0
90087,0
90088,0
90089,0
90090,0
90091,0
90092,0
90093,0
90094,0
90095,0
90096,1
90097,1
90098,0
90100,0
90101,0
90102,0
90103,1
90104,0
90105,0
90106,1
90107,0
90108,0
90109,0
90110,0
90111,0
90112,0
90113,0
90114,0
90115,1
90116,0
90117,0
90118,0
90119,0
90120,0
90121,0
90122,0
90123,0
90124,0
90125,0
90126,0
90127,0
90128,0
90129,0
90131,0
90132,0
90133,0
90134,1
90135,0
90136,0
90137,1
90138,1
90139,0
90140,1
90141,1
90142,1
90143,1
90144,1
90145,0
90146,0
90147,0
90148,1
90149,1
90150,1
90151,1
90152,1
90153,1
90155,1
90156,0
90157,0
90158,0
90159,0
90160,1
90161,0
90162,1
90163,1
90164,1
90165,1
90166,0
90167,0
90168,1
90169,0
90170,0
90171,0
90172,0
90173,0
90174,0
90175,0
90176,0
90177,0
90178,0
90179,0
90180,0
90181,1
90182,0
90183,0
90184,0
90185,1
90186,0
90187,0
90188,0
90189,0
90190,0
90191,1
90192,0
90193,0
90194,0
90196,1
90197,0
90198,1
90199,0
90200,0
90201,1
90202,1
90203,1
90204,1
90205,1
90206,1
90207,0
90208,0
90209,1
90210,0
90211,0
90212,1
90213,0
90214,0
90215,0
90216,0
90217,1
90218,0
90219,0
90220,0
90221,1
90222,0
90223,1
90225,0
90226,1
90228,0
90229,0
90230,0
90231,1
90232,0
90233,0
90234,0
90235,0
90237,0
90238,0
90239,0
90240,0
90241,0
90242,1
90243,0
90244,1
90245,1
90246,1
90247,1
90248,1
90249,1
90250,1
90251,1
90252,1
90253,1
90254,1
90255,0
90256,1
90257,0
90258,0
90259,1
90260,0
90262,0
90263,1
90264,0
90265,0
90266,0
90267,0
90268,0
90269,0
90270,1
90271,0
90272,1
90273,1
90274,1
90275,1
90276,0
90277,0
90278,0
90279,0
90281,0
90282,0
90283,0
90284,0
90285,0
90286,0
90287,0
90288,0
90289,0
90290,0
90291,0
90292,1
90293,0
90294,1
90295,0
90296,0
90297,1
90298,0
90299,0
90300,1
90301,0
90302,0
90303,0
90304,0
90305,0
90306,1
90307,1
90308,1
90309,0
90310,0
90311,0
90312,0
90313,0
90314,0
90315,0
90316,0
90317,0
90318,0
90319,1
90320,1
90321,0
90322,0
90323,0
90324,0
90325,0
90327,0
90328,0
90329,1
90330,0
90331,0
90332,0
90333,0
90334,0
90335,1
90336,0
90337,0
90338,0
90339,0
90340,1
90341,0
90342,0
90343,0
90344,1
90345,1
90346,0
90347,0
90349,0
90351,0
90352,1
90353,0
90354,0
90355,0
90356,0
90357,0
90358,0
90359,0
90360,0
90361,0
90362,1
90363,0
90364,0
90365,0
90366,0
90367,0
90368,1
90369,0
90370,0
90371,0
90372,0
90373,0
90374,1
90375,1
90376,1
90377,0
90378,0
90379,1
90380,1
90381,0
90382,0
90383,1
90384,1
90385,1
90386,0
90387,1
90388,1
90389,1
90390,0
90391,0
90392,1
90393,0
90394,0
90395,1
90396,0
90397,1
90398,1
90399,1
90401,1
90402,0
90405,1
90406,1
90407,1
90408,1
90409,1
90410,0
90411,1
90412,1
90414,1
90415,1
90416,1
90417,1
90418,1
90419,1
90421,1
90422,1
90423,1
90424,1
90425,1
90426,1
90427,1
90428,1
90429,1
90430,0
90431,0
90432,0
90433,1
90434,0
90435,1
90437,0
90438,1
90440,1
90441,0
90442,0
90443,0
90444,0
90445,1
90446,0
90447,1
90448,1
90449,0
90450,1
90451,1
90452,1
90454,1
90455,0
90456,1
90457,0
90458,0
90459,0
90460,1
90461,0
90462,0
90463,1
90465,0
90466,0
90467,0
90468,0
90469,0
90470,0
90471,0
90472,0
90473,0
90474,1
90476,0
90477,0
90479,1
90481,0
90482,0
90483,0
90484,0
90485,1
90486,0
90487,0
90488,0
90489,0
90490,0
90491,1
90492,1
90493,1
90494,1
90495,1
90496,1
90497,0
90498,0
90499,1
90500,1
90501,1
90502,0
90503,0
90504,0
90505,0
90506,0
90507,0
90508,0
90509,1
90510,1
90511,0
90512,0
90513,0
90514,0
90515,1
90516,1
90517,1
90518,1
90519,0
90520,1
90521,0
90522,0
90523,0
90524,0
90525,0
90526,0
90527,0
90528,0
90529,1
90530,1
90531,0
90532,1
90533,0
90534,1
90535,1
90536,0
90537,1
90538,0
90539,0
90540,0
90541,0
90542,1
90543,0
90544,1
90545,0
90546,0
90547,0
90548,1
90549,1
90550,1
90551,1
90552,0
90553,0
90554,0
90555,0
90556,1
90557,0
90558,0
90559,1
90560,0
90561,0
90562,0
90563,1
90564,0
90565,0
90566,0
90567,1
90568,0
90569,0
90570,0
90571,0
90572,0
90573,1
90575,1
90576,0
90579,0
90580,0
90581,0
90582,0
90583,0
90584,0
90585,1
90586,0
90587,0
90588,0
90589,0
90590,0
90591,0
90592,0
90593,0
90594,0
90595,1
90596,0
90597,1
90598,0
90599,1
90600,0
90601,0
90602,0
90603,0
90604,0
90605,0
90607,1
90608,0
90609,0
90610,0
90611,0
90612,1
90613,0
90614,1
90615,0
90616,1
90617,0
90618,0
90619,1
90620,0
90621,0
90622,0
90623,0
90624,0
90625,0
90626,0
90627,0
90628,1
90629,0
90630,1
90631,0
90633,0
90634,0
90635,0
90636,0
90637,1
90638,0
90639,0
90640,0
90642,0
90643,0
90644,1
90645,0
90646,1
90647,0
90648,0
90649,0
90650,1
90651,0
90652,0
90653,1
90654,1
90655,0
90656,0
90657,0
90658,1
90659,1
90660,0
90661,0
90662,0
90663,0
90664,0
90665,0
90666,1
90667,1
90668,0
90669,1
90670,0
90671,0
90672,1
90673,0
90674,1
90675,0
90676,1
90677,1
90678,1
90679,1
90680,1
90681,1
90682,0
90683,1
90684,1
90685,0
90686,0
90687,0
90688,0
90689,0
90690,0
90691,0
90692,1
90693,0
90694,0
90695,0
90696,0
90697,0
90698,0
90699,0
90700,0
90701,1
90702,0
90703,1
90704,0
90705,0
90706,0
90708,0
90709,0
90710,0
90711,1
90712,1
90714,1
90715,0
90716,0
90717,0
90718,1
90719,0
90720,0
90721,0
90722,0
90723,1
90724,0
90725,0
90726,0
90727,0
90728,0
90729,0
90730,0
90731,1
90732,1
90733,0
90734,1
90735,0
90736,1
90737,0
90738,0
90739,1
90740,0
90741,0
90742,0
90743,1
90744,0
90745,1
90746,1
90747,0
90748,0
90749,0
90750,0
90751,1
90752,0
90753,0
90754,0
90756,0
90757,1
90758,0
90759,0
90760,1
90761,1
90762,1
90763,0
90764,1
90765,1
90766,1
90767,1
90768,0
90770,0
90771,0
90772,0
90773,0
90774,0
90775,0
90776,0
90777,1
90778,1
90779,1
90780,0
90781,0
90782,0
90783,0
90784,0
90785,0
90786,0
90787,1
90788,0
90789,0
90790,0
90791,0
90792,1
90793,0
90794,0
90795,0
90796,0
90797,0
90798,0
90799,0
90800,0
90801,1
90802,1
90803,0
90804,0
90805,0
90806,0
90808,0
90809,1
90810,1
90811,0
90812,0
90813,0
90814,0
90815,1
90816,1
90817,0
90818,0
90819,1
90820,0
90821,0
90822,1
90823,0
90824,1
90825,1
90826,1
90827,1
90828,1
90829,1
90830,1
90831,0
90832,1
90833,1
90834,1
90835,0
90836,1
90837,0
90838,1
90839,0
90840,0
90841,1
90842,0
90843,0
90844,1
90845,0
90846,1
90847,1
90848,0
90849,1
90850,0
90851,1
90852,1
90854,1
90855,1
90856,1
90857,0
90859,1
90860,0
90861,1
90863,0
90866,0
90867,0
90868,0
90869,0
90871,0
90872,1
90873,0
90874,0
90875,0
90876,0
90878,1
90879,0
90880,1
90881,0
90882,0
90883,0
90884,0
90885,0
90886,0
90887,0
90888,0
90889,0
90890,1
90891,0
90892,1
90894,1
90895,1
90896,1
90898,1
90899,1
90900,1
90901,1
90902,1
90903,1
90904,1
90906,1
90907,1
90908,1
90909,1
90910,1
90911,1
90912,1
90913,1
90914,0
90915,0
90916,1
90917,1
90918,1
90919,1
90920,1
90921,1
90922,1
90923,0
90924,1
90925,1
90926,0
90927,1
90928,1
90929,1
90930,1
90932,1
90933,1
90934,1
90936,1
90937,0
90939,1
90940,1
90941,1
90944,1
90945,0
90951,1
90961,0
90962,0
90963,0
90964,1
90965,1
90966,1
90967,1
90968,1
90969,1
90970,1
90971,0
90972,1
90973,0
90974,0
90975,0
90976,0
90977,0
90978,0
90979,1
90980,1
90981,1
90982,0
90983,1
90984,1
90985,1
90986,1
90987,0
90988,1
90989,0
90990,1
90992,0
90993,1
90994,1
90995,0
90996,1
90997,1
90998,1
90999,1
91000,1
91001,1
91002,1
91003,1
91004,1
91005,1
91006,1
91007,1
91008,1
91009,1
91010,1
91011,1
91012,0
91013,0
91014,1
91015,0
91016,0
91017,1
91018,1
91019,1
91020,0
91021,1
91022,1
91023,0
91024,0
91025,0
91026,0
91027,1
91028,0
91029,0
91030,0
91031,1
91032,0
91033,1
91034,0
91035,0
91036,0
91037,0
91038,0
91039,1
91040,1
91041,0
91042,0
91043,1
91044,0
91045,1
91046,1
91047,1
91048,0
91049,1
91050,0
91051,1
91052,1
91053,1
91054,1
91055,1
91056,1
91057,1
91058,0
91059,0
91060,0
91061,0
91062,0
91063,0
91064,0
91065,0
91066,0
91067,0
91071,0
91072,0
91073,1
91074,0
91075,0
91076,0
91077,1
91078,0
91079,0
91080,1
91081,0
91082,1
91083,1
91084,1
91085,0
91086,0
91087,1
91088,0
91089,1
91090,0
91091,0
91092,0
91093,0
91094,1
91095,1
91097,0
91098,1
91099,0
91100,1
91101,0
91102,1
91103,1
91104,0
91105,0
91106,0
91107,0
91108,0
91109,0
91110,0
91111,0
91113,0
91114,1
91115,1
91116,0
91117,0
91118,0
91119,0
91120,1
91121,0
91122,0
91123,1
91124,0
91125,0
91126,1
91127,1
91128,0
91129,1
91130,1
91131,0
91132,0
91133,1
91134,0
91135,0
91137,0
91138,0
91139,1
91140,0
91141,1
91142,0
91143,0
91144,0
91145,1
91146,0
91147,0
91148,0
91149,1
91150,0
91151,0
91152,0
91153,0
91154,0
91155,1
91156,1
91157,0
91158,0
91159,0
91160,0
91161,0
91162,0
91163,0
91164,0
91165,0
91166,1
91167,1
91168,1
91169,0
91170,0
91171,0
91172,0
91173,0
91174,0
91175,0
91176,0
91177,0
91178,0
91179,0
91181,0
91182,0
91183,0
91184,0
91185,1
91186,0
91187,0
91188,0
91189,1
91191,1
91192,0
91193,0
91194,0
91195,1
91196,1
91197,1
91198,0
91199,0
91200,0
91201,0
91202,0
91203,0
91204,0
91205,0
91206,0
91207,0
91208,0
91209,1
91210,0
91211,0
91212,0
91213,1
91214,0
91215,1
91216,1
91217,1
91218,1
91219,1
91220,0
91221,0
91222,0
91223,1
91224,1
91225,0
91226,0
91227,0
91228,0
91229,0
91230,0
91231,1
91233,0
91234,0
91235,0
91236,0
91237,1
91238,0
91239,1
91240,0
91242,1
91243,1
91244,0
91245,0
91246,0
91247,0
91248,1
91249,0
91250,0
91251,0
91252,1
91253,1
91254,1
91255,0
91256,0
91257,0
91258,0
91259,0
91260,0
91261,1
91262,0
91263,1
91264,0
91265,0
91266,1
91267,1
91268,0
91269,0
91270,0
91271,0
91272,0
91273,1
91274,1
91275,0
91276,1
91277,0
91278,0
91279,1
91280,0
91281,1
91282,0
91283,0
91284,1
91285,0
91286,1
91287,0
91288,0
91289,0
91290,0
91291,0
91293,0
91294,0
91295,0
91296,0
91297,0
91298,1
91299,1
91300,0
91301,1
91302,0
91303,0
91304,1
91305,1
91306,0
91307,0
91308,0
91309,1
91310,0
91311,1
91312,0
91313,1
91314,1
91316,1
91317,0
91318,1
91319,0
91320,1
91321,0
91322,0
91323,0
91324,0
91325,0
91326,0
91327,1
91328,0
91329,0
91330,0
91331,0
91332,0
91333,0
91334,1
91335,0
91337,0
91338,1
91339,0
91340,0
91341,0
91342,0
91343,0
91344,0
91346,0
91347,0
91349,0
91350,0
91351,0
91352,0
91353,0
91354,0
91355,0
91356,0
91357,0
91358,0
91359,1
91360,0
91361,1
91362,0
91363,1
91364,1
91365,0
91366,1
91367,1
91368,1
91369,1
91370,1
91371,0
91372,0
91373,1
91374,1
91375,0
91376,1
91377,1
91378,1
91379,1
91380,0
91381,0
91382,0
91383,0
91384,0
91385,1
91386,0
91387,1
91388,0
91389,0
91390,1
91391,1
91392,0
91393,0
91394,0
91395,0
91396,0
91397,0
91398,0
91401,0
91402,1
91403,1
91404,0
91406,0
91407,0
91408,1
91409,1
91410,0
91411,1
91412,1
91413,0
91414,0
91415,0
91416,1
91417,0
91418,1
91419,0
91420,1
91421,0
91422,0
91423,1
91424,0
91425,1
91426,0
91427,0
91428,1
91429,0
91430,0
91431,0
91432,1
91433,0
91434,0
91435,0
91436,0
91438,0
91439,0
91440,0
91441,1
91442,0
91443,0
91444,0
91445,0
91446,0
91447,0
91448,0
91449,0
91450,1
91451,1
91452,1
91453,0
91454,0
91455,0
91456,0
91457,0
91458,0
91459,1
91460,0
91461,0
91462,0
91463,0
91464,0
91465,1
91466,0
91467,0
91468,0
91469,1
91470,1
91471,0
91472,0
91473,0
91474,1
91475,0
91476,0
91479,0
91480,0
91481,0
91482,0
91483,1
91484,0
91485,0
91486,0
91487,0
91488,0
91489,0
91490,0
91491,0
91492,1
91493,1
91494,0
91495,1
91496,1
91497,0
91498,0
91499,0
91500,0
91501,1
91502,1
91503,0
91504,0
91505,0
91506,1
91507,1
91508,0
91509,0
91510,0
91511,1
91512,0
91513,0
91514,0
91515,1
91516,1
91517,1
91518,0
91519,1
91520,0
91521,0
91522,0
91523,0
91524,0
91525,0
91526,0
91527,0
91528,0
91529,0
91530,1
91531,1
91532,1
91533,0
91534,0
91535,0
91536,0
91537,0
91538,0
91539,0
91540,0
91541,1
91542,1
91543,1
91544,0
91545,0
91546,0
91547,0
91548,1
91549,1
91550,1
91551,0
91552,0
91553,0
91554,1
91555,1
91556,1
91557,0
91558,1
91559,0
91560,1
91561,1
91562,1
91563,0
91564,1
91565,0
91566,1
91567,1
91568,0
91569,0
91570,0
91571,1
91572,1
91573,0
91575,0
91576,0
91577,0
91578,0
91579,1
91580,1
91581,0
91582,0
91583,0
91585,0
91586,1
91587,0
91588,0
91589,0
91590,1
91591,0
91592,1
91593,0
91594,0
91595,0
91598,0
91599,0
91600,0
91601,0
91602,1
91603,0
91604,0
91608,1
91609,0
91611,0
91612,0
91613,0
91615,0
91616,0
91617,0
91618,0
91619,0
91620,1
91621,1
91622,1
91623,1
91624,1
91625,1
91626,0
91627,0
91628,1
91629,1
91630,1
91631,0
91632,1
91633,1
91634,0
91635,0
91636,1
91637,0
91638,1
91639,1
91640,1
91641,0
91642,0
91643,0
91644,0
91645,0
91646,0
91647,0
91648,0
91649,1
91651,0
91652,0
91653,0
91654,0
91655,0
91656,0
91657,0
91658,1
91659,0
91660,1
91662,0
91663,0
91664,0
91665,1
91666,1
91667,0
91668,0
91669,0
91670,1
91671,0
91672,0
91673,1
91675,0
91676,1
91677,0
91678,1
91679,1
91680,1
91681,0
91682,1
91684,1
91685,0
91686,0
91687,0
91688,0
91689,0
91690,0
91691,0
91692,0
91693,0
91694,0
91695,0
91696,0
91697,0
91698,0
91699,0
91700,0
91701,0
91702,0
91703,0
91704,0
91705,0
91706,0
91707,0
91708,1
91709,1
91710,1
91711,0
91712,0
91713,0
91714,1
91715,0
91716,0
91717,0
91718,0
91719,0
91720,1
91721,0
91722,0
91723,0
91724,0
91725,0
91726,0
91727,0
91728,0
91729,0
91730,0
91731,0
91732,0
91733,0
91734,0
91735,0
91736,0
91737,0
91738,0
91739,0
91740,0
91741,0
91742,0
91743,0
91744,0
91745,1
91746,1
91747,0
91748,0
91749,1
91750,0
91751,1
91752,1
91753,0
91754,0
91755,1
91756,0
91757,0
91758,1
91759,0
91760,0
91761,0
91762,1
91763,0
91764,1
91765,0
91766,0
91767,0
91768,1
91769,1
91770,0
91772,0
91774,0
91775,1
91776,0
91777,1
91778,1
91779,1
91780,1
91781,1
91782,1
91783,1
91786,0
91787,0
91788,1
91789,0
91790,0
91791,1
91792,1
91793,1
91794,1
91795,1
91796,0
91797,0
91798,0
91799,0
91801,0
91802,0
91803,0
91804,1
91805,0
91806,0
91807,1
91808,0
91809,0
91810,0
91811,0
91812,1
91813,0
91814,1
91815,0
91816,1
91817,0
91818,0
91819,0
91820,0
91821,0
91822,0
91823,0
91824,0
91825,0
91826,0
91827,1
91828,1
91829,0
91830,0
91832,0
91833,1
91835,1
91836,0
91838,0
91839,1
91840,0
91841,0
91842,0
91843,1
91844,0
91845,0
91846,1
91848,1
91849,1
91850,1
91851,1
91852,0
91853,0
91854,1
91855,1
91856,0
91858,0
91859,0
91860,0
91861,1
91862,0
91863,0
91864,1
91865,0
91866,1
91867,1
91868,0
91869,1
91870,1
91872,0
91873,1
91874,1
91875,1
91876,1
91877,0
91878,1
91879,0
91880,1
91881,0
91882,0
91883,0
91884,0
91885,0
91886,0
91887,0
91888,0
91889,0
91890,1
91892,0
91893,0
91894,0
91895,0
91896,0
91897,1
91898,0
91899,0
91900,0
91901,0
91902,0
91903,0
91904,0
91905,0
91906,0
91907,1
91908,1
91909,0
91910,1
91911,1
91912,0
91913,0
91914,0
91915,1
91916,0
91917,0
91918,1
91919,1
91920,1
91921,1
91922,0
91923,1
91924,0
91925,0
91926,0
91927,0
91928,1
91929,0
91930,1
91931,0
91932,0
91933,1
91934,0
91935,0
91936,0
91937,1
91938,1
91939,1
91940,1
91941,0
91942,1
91943,0
91944,0
91945,0
91946,0
91947,0
91948,0
91949,0
91950,0
91951,0
91952,0
91953,0
91954,0
91955,0
91956,0
91957,0
91958,0
91959,0
91960,0
91961,1
91962,0
91963,0
91964,0
91965,0
91966,0
91967,0
91968,0
91969,0
91970,0
91971,0
91972,0
91973,0
91974,1
91975,0
91976,0
91977,1
91978,0
91979,1
91982,1
91983,0
91984,0
91985,1
91986,0
91987,0
91988,0
91989,0
91990,0
91991,0
91992,0
91993,1
91994,0
91995,0
91996,0
91997,0
91998,0
91999,1
92000,0
92001,0
92002,0
92003,0
92004,0
92005,0
92006,0
92007,0
92008,0
92009,1
92010,0
92011,0
92012,0
92013,0
92014,0
92015,0
92016,0
92017,0
92018,0
92020,0
92021,0
92022,0
92023,0
92024,0
92025,1
92026,0
92027,1
92028,1
92029,1
92030,0
92031,0
92032,0
92033,0
92035,0
92036,1
92037,0
92038,0
92039,1
92040,0
92041,0
92042,0
92043,1
92044,0
92045,1
92046,0
92047,1
92048,0
92049,1
92050,1
92051,0
92052,0
92053,1
92054,0
92055,0
92056,0
92057,0
92058,1
92059,1
92060,0
92061,0
92062,0
92063,0
92064,0
92065,1
92066,0
92067,0
92068,0
92069,1
92070,0
92071,0
92072,0
92073,0
92075,0
92078,0
92079,0
92081,1
92082,1
92083,0
92084,1
92085,0
92086,0
92087,0
92088,0
92089,0
92090,1
92091,1
92092,1
92093,1
92094,1
92095,1
92096,1
92097,0
92098,1
92099,0
92100,0
92101,1
92102,0
92103,1
92104,1
92105,1
92106,1
92107,1
92108,1
92110,1
92111,1
92112,0
92113,0
92114,0
92115,1
92116,0
92117,0
92118,0
92119,1
92120,0
92121,1
92122,1
92123,1
92124,1
92125,1
92126,1
92127,0
92128,0
92129,0
92130,1
92131,1
92132,1
92133,1
92134,1
92135,1
92136,0
92137,0
92138,1
92139,0
92140,1
92141,1
92142,0
92143,0
92144,1
92146,1
92147,0
92148,1
92149,1
92150,0
92151,0
92152,0
92153,0
92154,0
92155,0
92156,1
92157,1
92158,0
92159,0
92160,1
92161,0
92162,0
92163,0
92164,0
92165,1
92166,1
92167,0
92168,0
92170,1
92171,1
92172,1
92173,1
92175,0
92176,0
92177,0
92178,0
92179,0
92180,1
92181,1
92182,0
92183,1
92184,1
92185,1
92186,1
92187,1
92188,0
92190,0
92191,1
92192,1
92193,1
92194,1
92195,0
92196,0
92197,0
92199,0
92200,0
92201,0
92202,0
92203,0
92204,0
92205,0
92206,0
92207,0
92208,0
92209,0
92210,0
92211,0
92212,1
92213,0
92214,0
92216,0
92218,0
92219,0
92220,0
92221,0
92222,0
92223,0
92224,0
92225,1
92226,0
92227,0
92228,0
92229,1
92230,0
92231,0
92232,1
92233,0
92234,0
92235,0
92236,0
92237,0
92238,0
92239,1
92240,1
92241,0
92242,0
92243,0
92244,1
92245,0
92246,0
92247,1
92248,1
92249,1
92250,0
92251,1
92252,0
92253,1
92254,1
92255,0
92256,0
92257,0
92258,0
92259,0
92260,1
92261,0
92262,1
92263,0
92264,0
92265,1
92266,0
92267,0
92268,0
92269,0
92270,0
92271,0
92272,0
92273,0
92274,0
92275,0
92276,0
92277,0
92278,0
92279,1
92280,1
92281,0
92282,1
92283,0
92284,0
92285,1
92286,1
92287,0
92288,0
92289,1
92290,1
92291,0
92292,0
92293,0
92294,0
92295,1
92296,0
92297,0
92298,0
92299,0
92300,0
92301,0
92302,0
92303,0
92304,0
92305,0
92306,0
92308,1
92309,1
92310,0
92311,0
92312,0
92313,0
92314,0
92315,0
92316,1
92317,1
92318,0
92319,0
92320,0
92321,1
92322,0
92323,0
92324,0
92325,0
92326,1
92327,0
92328,0
92330,0
92331,0
92332,0
92333,0
92334,0
92335,0
92336,1
92337,0
92338,0
92339,0
92340,0
92341,1
92342,0
92343,0
92344,0
92345,0
92346,1
92347,1
92348,1
92349,1
92350,0
92351,1
92352,1
92353,0
92354,0
92355,0
92356,0
92357,1
92358,0
92359,0
92360,1
92361,1
92362,1
92363,1
92364,1
92365,0
92367,0
92368,0
92369,1
92370,1
92371,0
92372,0
92373,0
92374,1
92375,0
92376,0
92377,0
92378,1
92379,0
92380,0
92381,0
92382,1
92383,1
92384,0
92385,0
92386,0
92387,0
92388,0
92389,1
92390,0
92391,0
92392,0
92393,1
92394,0
92395,0
92396,1
92397,0
92398,0
92399,0
92400,0
92401,1
92402,1
92403,0
92404,1
92405,1
92406,1
92407,0
92408,1
92409,0
92410,0
92411,0
92412,0
92413,0
92414,0
92415,0
92416,0
92417,1
92418,0
92419,0
92420,0
92421,1
92422,1
92423,1
92424,1
92425,1
92426,1
92427,0
92428,1
92429,0
92430,0
92431,1
92432,1
92433,0
92434,1
92435,1
92436,0
92437,0
92438,1
92439,1
92440,1
92441,1
92442,1
92443,0
92444,1
92445,1
92446,1
92447,1
92448,1
92449,0
92451,0
92452,1
92453,1
92454,1
92455,0
92456,1
92457,0
92458,1
92459,1
92460,0
92461,0
92462,1
92463,0
92464,1
92465,0
92466,0
92467,1
92468,1
92469,1
92470,0
92471,0
92472,0
92473,0
92474,0
92475,0
92476,0
92477,0
92478,0
92479,1
92480,0
92481,0
92482,0
92483,0
92484,0
92485,0
92486,1
92487,1
92488,1
92489,1
92490,1
92491,1
92493,1
92494,1
92495,1
92496,1
92497,0
92498,0
92499,0
92500,1
92501,0
92502,0
92503,0
92504,1
92505,0
92506,0
92508,1
92509,1
92510,1
92511,0
92512,0
92513,0
92514,0
92515,0
92516,0
92517,1
92518,0
92519,0
92520,0
92522,1
92523,0
92524,0
92525,0
92526,1
92527,0
92528,0
92529,0
92530,0
92531,0
92533,0
92534,1
92535,1
92536,1
92537,0
92538,0
92539,0
92540,1
92541,0
92542,0
92543,0
92544,1
92545,0
92546,1
92547,0
92548,0
92549,0
92550,0
92551,1
92552,1
92553,0
92554,0
92555,1
92556,0
92557,1
92558,0
92559,0
92560,0
92561,0
92562,0
92563,1
92564,0
92565,0
92566,0
92567,0
92568,0
92569,0
92570,0
92571,0
92572,0
92573,0
92574,0
92575,1
92576,0
92577,1
92578,1
92579,1
92580,0
92581,1
92582,0
92583,1
92584,1
92585,0
92586,0
92587,0
92588,0
92589,0
92590,0
92591,0
92592,1
92593,0
92594,1
92595,1
92596,0
92597,0
92598,0
92599,0
92600,1
92601,0
92602,1
92603,0
92604,0
92605,0
92606,0
92607,0
92608,0
92609,0
92610,0
92611,0
92612,0
92613,0
92614,0
92615,0
92616,0
92617,1
92618,0
92619,1
92620,1
92621,0
92622,0
92623,1
92624,0
92625,0
92626,0
92627,0
92628,0
92629,1
92630,0
92631,1
92632,1
92633,0
92634,0
92635,0
92636,0
92637,0
92638,0
92639,0
92640,1
92641,0
92642,0
92643,0
92644,0
92645,0
92647,0
92648,0
92649,1
92650,0
92651,1
92652,0
92653,0
92654,1
92655,0
92656,0
92657,0
92658,0
92659,0
92660,0
92661,0
92662,1
92663,0
92664,0
92665,0
92666,0
92667,1
92668,1
92669,0
92670,0
92671,0
92672,0
92673,0
92674,0
92675,0
92676,0
92677,0
92678,0
92679,0
92680,0
92681,1
92682,0
92683,0
92684,0
92685,0
92686,0
92687,0
92689,0
92690,0
92691,1
92692,1
92693,0
92694,0
92695,1
92696,0
92697,1
92698,0
92699,1
92701,0
92702,1
92703,0
92704,0
92705,0
92706,0
92707,0
92708,0
92710,0
92711,0
92712,0
92713,1
92714,0
92715,1
92716,1
92717,1
92718,1
92719,1
92720,0
92721,0
92722,1
92723,1
92724,0
92725,0
92726,0
92727,0
92729,0
92730,0
92731,0
92732,0
92733,1
92734,1
92735,0
92736,0
92737,0
92738,1
92739,1
92740,1
92741,1
92742,0
92743,0
92744,0
92745,0
92746,0
92747,0
92748,0
92749,0
92750,0
92751,0
92752,0
92753,1
92754,1
92755,1
92756,1
92757,1
92758,1
92759,0
92760,0
92761,0
92762,0
92763,0
92764,0
92765,1
92766,0
92767,1
92768,0
92769,1
92770,1
92771,0
92772,0
92773,0
92774,0
92775,0
92776,1
92778,0
92779,0
92780,0
92781,0
92782,0
92783,0
92784,1
92785,0
92786,0
92787,0
92788,1
92789,0
92790,0
92791,0
92792,0
92793,0
92794,0
92795,0
92796,0
92798,0
92799,0
92800,0
92801,0
92802,0
92803,0
92804,0
92805,0
92806,0
92807,0
92808,0
92810,0
92811,1
92812,1
92813,1
92814,0
92815,0
92816,0
92817,0
92818,0
92819,0
92820,0
92821,0
92822,0
92823,0
92824,1
92825,0
92826,0
92827,1
92828,0
92829,0
92830,0
92831,1
92832,1
92833,0
92834,1
92835,0
92836,1
92837,0
92838,0
92839,0
92840,0
92841,0
92842,0
92843,0
92844,0
92845,0
92846,0
92847,0
92848,1
92849,0
92850,0
92851,0
92852,0
92853,0
92854,0
92855,0
92856,0
92857,0
92858,0
92859,0
92860,0
92861,0
92862,0
92863,0
92864,0
92865,0
92866,0
92867,0
92868,0
92869,0
92870,1
92871,1
92872,0
92873,0
92874,1
92875,0
92876,1
92877,0
92878,0
92879,0
92880,0
92881,0
92882,1
92883,0
92884,0
92885,0
92886,0
92887,0
92888,0
92889,0
92890,0
92891,0
92892,0
92893,0
92894,0
92895,0
92896,0
92897,0
92898,0
92899,0
92900,0
92901,0
92902,1
92903,0
92904,0
92905,0
92906,0
92907,0
92909,1
92910,0
92911,0
92912,0
92913,0
92914,0
92915,0
92916,0
92917,0
92918,0
92919,0
92920,0
92921,0
92922,0
92923,0
92924,1
92925,0
92927,0
92928,0
92929,0
92930,1
92931,0
92932,0
92933,0
92934,0
92935,0
92936,0
92937,0
92938,0
92939,0
92940,0
92941,0
92942,0
92943,1
92945,1
92946,0
92947,1
92948,0
92949,0
92951,1
92952,1
92953,1
92954,1
92955,1
92956,1
92957,1
92958,1
92959,1
92960,0
92961,0
92962,1
92963,0
92964,0
92965,0
92966,0
92967,1
92968,0
92969,0
92970,0
92972,0
92973,0
92974,0
92975,0
92976,1
92977,0
92978,1
92979,0
92980,1
92981,0
92982,0
92983,0
92984,0
92985,0
92986,0
92987,0
92988,0
92989,0
92990,1
92991,1
92992,1
92993,0
92994,1
92995,1
92996,1
92997,1
92998,0
92999,1
93000,1
93001,0
93002,1
93003,1
93005,0
93006,0
93007,0
93008,1
93009,1
93010,0
93011,1
93012,0
93013,0
93014,1
93015,1
93016,1
93017,1
93018,1
93019,1
93020,1
93021,1
93022,0
93023,1
93024,1
93025,1
93026,0
93027,1
93028,1
93029,1
93030,1
93031,1
93032,1
93033,0
93034,0
93035,0
93036,0
93037,0
93038,1
93039,0
93040,0
93041,1
93042,1
93043,1
93046,1
93047,0
93048,1
93049,0
93050,0
93051,1
93052,0
93053,0
93054,1
93055,1
93056,0
93057,0
93058,0
93059,0
93060,0
93061,0
93062,0
93063,1
93064,0
93065,0
93066,0
93067,0
93068,0
93069,0
93070,0
93071,0
93072,0
93073,0
93074,1
93075,0
93076,0
93077,0
93078,0
93079,0
93080,0
93081,0
93082,0
93083,0
93084,0
93086,0
93087,0
93088,1
93089,0
93090,0
93091,0
93092,0
93093,1
93094,0
93095,0
93096,0
93097,0
93098,0
93099,0
93100,0
93101,0
93102,1
93103,0
93104,0
93105,1
93106,1
93107,0
93108,1
93109,1
93110,0
93111,1
93112,1
93113,0
93114,1
93115,0
93116,1
93117,0
93118,1
93119,1
93120,1
93121,0
93122,1
93123,0
93124,1
93125,0
93126,0
93127,0
93128,0
93129,1
93130,1
93131,1
93132,0
93133,0
93134,0
93135,0
93136,0
93137,0
93138,0
93139,0
93140,0
93141,0
93142,1
93143,0
93144,0
93145,0
93146,0
93147,0
93148,0
93149,1
93150,0
93151,0
93152,0
93153,0
93154,1
93155,1
93156,1
93157,1
93158,1
93159,1
93160,0
93161,0
93162,0
93163,0
93164,0
93165,0
93166,0
93167,0
93168,0
93169,0
93170,0
93171,0
93172,0
93173,0
93174,0
93175,0
93176,0
93177,0
93178,0
93179,0
93180,1
93181,0
93182,0
93183,0
93184,0
93185,1
93186,1
93187,1
93188,0
93189,0
93190,1
93191,0
93192,0
93193,0
93194,0
93195,0
93196,0
93197,0
93198,0
93199,0
93200,1
93201,0
93202,1
93204,1
93205,1
93206,0
93207,1
93208,0
93209,0
93210,0
93211,0
93212,0
93213,0
93214,0
93215,0
93216,0
93217,0
93218,0
93219,0
93222,0
93223,0
93224,0
93225,0
93226,0
93227,1
93228,1
93231,0
93232,0
93233,0
93234,0
93235,0
93237,1
93238,1
93239,0
93240,0
93241,0
93242,1
93243,0
93244,0
93245,0
93246,0
93247,0
93248,1
93250,0
93251,0
93252,0
93253,1
93254,0
93255,1
93256,1
93257,0
93258,1
93260,1
93261,0
93262,1
93263,1
93264,1
93265,1
93267,1
93268,0
93269,0
93270,1
93271,1
93272,1
93273,0
93274,1
93275,1
93276,0
93278,0
93279,0
93280,1
93281,0
93282,1
93283,1
93284,1
93285,1
93286,0
93287,0
93288,1
93289,1
93290,0
93291,1
93292,1
93293,1
93294,0
93295,0
93296,1
93297,1
93298,0
93299,1
93300,0
93301,1
93302,0
93303,1
93304,0
93305,0
93306,0
93307,0
93308,0
93309,0
93313,0
93314,0
93315,0
93316,1
93317,1
93318,0
93319,1
93320,1
93321,1
93322,1
93323,1
93324,1
93325,1
93326,0
93327,0
93328,0
93329,0
93330,0
93331,0
93332,0
93333,1
93334,0
93335,0
93336,0
93337,0
93338,0
93339,0
93340,1
93341,0
93342,0
93343,1
93344,1
93345,0
93346,1
93347,0
93348,0
93349,1
93350,0
93351,0
93352,0
93353,0
93354,0
93355,0
93356,0
93357,0
93358,1
93359,1
93360,1
93361,0
93362,0
93363,0
93364,1
93365,1
93366,1
93369,0
93370,0
93371,0
93372,0
93373,0
93375,1
93376,0
93377,0
93378,0
93379,0
93380,1
93381,1
93382,0
93383,0
93384,1
93385,1
93386,0
93387,0
93388,0
93389,0
93390,1
93391,1
93392,0
93393,1
93394,0
93395,0
93396,0
93397,0
93398,0
93399,1
93400,0
93401,0
93402,1
93403,1
93404,1
93405,1
93406,0
93407,0
93408,0
93409,0
93410,1
93411,0
93412,0
93413,0
93414,0
93415,0
93416,0
93417,1
93418,0
93419,0
93420,0
93421,0
93422,0
93423,0
93424,0
93425,0
93426,0
93427,0
93428,0
93429,0
93430,0
93431,1
93432,1
93433,0
93434,1
93435,0
93436,0
93437,0
93438,0
93439,1
93440,1
93441,1
93442,0
93443,0
93444,1
93445,1
93446,0
93447,1
93448,1
93449,0
93450,1
93451,0
93452,0
93453,0
93454,0
93455,0
93456,0
93457,0
93458,0
93459,0
93460,0
93461,0
93462,0
93463,0
93464,0
93465,0
93466,0
93467,0
93468,0
93469,0
93470,0
93471,0
93472,0
93473,0
93474,0
93475,0
93476,0
93477,1
93478,1
93479,1
93480,1
93481,1
93482,1
93484,1
93485,0
93486,0
93487,0
93488,1
93489,0
93490,0
93491,1
93494,1
93495,0
93496,1
93497,0
93498,0
93499,1
93500,0
93501,1
93502,1
93503,1
93504,1
93505,1
93506,1
93507,1
93508,0
93509,1
93510,1
93511,0
93512,0
93513,1
93514,0
93515,1
93516,1
93517,1
93518,1
93519,1
93520,1
93521,1
93522,1
93523,0
93524,1
93525,0
93526,0
93527,0
93528,0
93529,0
93530,0
93531,0
93532,1
93533,1
93534,0
93536,0
93537,0
93538,0
93539,0
93540,1
93541,0
93542,1
93543,0
93544,0
93545,0
93546,0
93547,0
93548,0
93549,0
93550,0
93551,0
93552,0
93553,0
93554,0
93555,0
93556,0
93557,1
93558,0
93559,0
93560,1
93561,0
93562,1
93563,0
93564,1
93565,0
93566,1
93567,1
93568,1
93569,0
93570,0
93571,1
93572,1
93573,0
93574,0
93575,1
93577,1
93578,1
93579,1
93580,0
93581,1
93582,0
93583,1
93584,1
93585,1
93586,0
93587,1
93589,1
93590,1
93591,1
93592,1
93593,0
93594,0
93595,0
93596,0
93597,0
93598,0
93599,0
93600,1
93601,0
93602,1
93603,0
93604,0
93605,1
93606,1
93607,1
93608,1
93609,1
93610,1
93611,0
93612,1
93613,0
93614,1
93615,0
93616,0
93617,1
93618,0
93619,1
93620,0
93621,1
93622,1
93623,1
93624,1
93625,1
93626,1
93627,1
93628,0
93629,0
93630,0
93631,0
93632,0
93633,0
93634,0
93635,0
93636,0
93637,0
93639,0
93641,0
93642,0
93643,0
93644,0
93645,0
93646,0
93647,0
93648,0
93649,0
93650,0
93651,0
93652,1
93653,0
93654,0
93655,0
93656,0
93657,0
93658,0
93660,1
93661,0
93662,0
93663,1
93664,0
93665,0
93666,1
93667,0
93668,0
93669,0
93670,0
93671,0
93672,1
93673,0
93674,0
93675,0
93676,0
93677,1
93678,0
93679,1
93680,0
93681,1
93682,0
93683,0
93684,0
93685,0
93686,0
93687,0
93688,0
93689,0
93690,0
93691,0
93692,0
93693,0
93694,0
93695,0
93696,0
93697,0
93698,0
93699,0
93700,0
93701,0
93702,0
93703,0
93704,0
93705,0
93706,0
93708,0
93709,1
93710,0
93711,0
93712,1
93713,1
93714,0
93715,1
93716,0
93717,0
93718,0
93719,0
93720,1
93721,1
93722,1
93723,0
93724,0
93725,1
93726,1
93727,0
93728,0
93729,0
93730,1
93731,0
93732,1
93733,0
93734,0
93735,0
93736,0
93737,0
93738,0
93739,0
93740,0
93741,0
93742,0
93743,0
93744,0
93745,0
93746,0
93747,0
93748,1
93749,1
93750,0
93751,1
93752,1
93753,1
93754,0
93755,1
93756,1
93757,0
93758,1
93759,0
93760,0
93761,0
93762,0
93763,0
93764,0
93765,0
93768,0
93769,0
93770,0
93772,0
93773,0
93774,0
93775,0
93776,1
93777,0
93778,0
93779,0
93780,1
93781,0
93782,0
93785,0
93786,0
93787,0
93788,0
93789,0
93790,0
93792,1
93793,0
93794,0
93795,0
93796,0
93797,0
93798,0
93799,0
93800,0
93801,0
93802,1
93803,1
93804,0
93805,1
93806,1
93807,0
93808,0
93809,1
93810,1
93811,0
93812,0
93813,0
93814,0
93815,1
93816,1
93817,0
93818,0
93819,0
93820,0
93821,0
93822,0
93823,0
93824,0
93825,0
93826,0
93827,0
93828,0
93829,0
93830,0
93831,0
93832,0
93833,0
93834,0
93835,0
93836,0
93837,1
93838,1
93839,1
93840,0
93841,0
93842,0
93843,1
93844,1
93845,0
93846,1
93847,1
93848,1
93849,0
93850,1
93851,0
93852,0
93853,0
93854,1
93855,1
93856,1
93857,0
93858,1
93859,1
93860,1
93861,1
93862,1
93863,1
93864,0
93865,1
93866,0
93867,0
93868,0
93869,0
93870,0
93871,0
93872,1
93873,1
93874,0
93875,1
93876,0
93877,0
93878,0
93879,0
93880,1
93881,0
93882,0
93884,0
93885,0
93886,0
93887,1
93888,0
93889,0
93890,1
93891,1
93892,0
93893,1
93894,0
93895,0
93896,0
93897,0
93898,0
93899,0
93900,0
93901,0
93902,0
93903,0
93904,0
93905,0
93906,0
93907,0
93908,0
93909,0
93910,1
93912,0
93913,0
93914,0
93915,1
93916,1
93917,0
93918,1
93919,1
93920,1
93921,1
93922,0
93923,0
93924,0
93925,0
93926,0
93927,0
93928,0
93929,0
93930,1
93931,1
93932,1
93933,1
93934,0
93935,0
93936,0
93937,0
93938,0
93939,0
93940,0
93941,0
93942,0
93943,0
93944,0
93945,1
93946,0
93947,1
93948,1
93949,0
93950,0
93951,0
93952,0
93953,0
93954,0
93955,1
93956,0
93957,0
93958,1
93960,0
93961,0
93962,0
93963,0
93964,0
93965,0
93966,0
93967,0
93968,1
93969,0
93970,0
93971,1
93972,1
93973,1
93974,0
93975,0
93976,1
93977,1
93978,0
93979,1
93980,0
93981,1
93982,1
93983,1
93984,0
93985,0
93986,1
93987,1
93988,1
93989,1
93990,1
93991,1
93992,0
93993,1
93994,0
93995,0
93997,0
93998,1
93999,0
94000,0
94001,0
94002,0
94003,0
94004,0
94005,1
94006,0
94007,0
94008,0
94010,0
94011,0
94012,0
94013,0
94014,0
94015,0
94016,0
94017,0
94018,0
94019,1
94020,0
94021,1
94022,0
94023,0
94026,0
94027,1
94028,1
94029,1
94030,0
94031,0
94032,1
94033,0
94034,1
94035,1
94036,1
94037,0
94038,1
94039,1
94040,1
94041,0
94042,0
94043,0
94044,0
94045,0
94046,1
94048,0
94049,0
94050,0
94051,0
94052,1
94053,1
94054,0
94055,1
94056,0
94057,0
94058,0
94059,1
94060,0
94061,0
94062,0
94063,1
94064,1
94065,1
94066,0
94067,0
94068,0
94069,0
94070,0
94071,1
94072,1
94073,0
94074,0
94075,0
94076,1
94077,0
94078,1
94079,0
94080,0
94081,0
94082,0
94083,0
94084,0
94085,0
94086,0
94088,0
94090,0
94091,0
94092,0
94094,1
94095,0
94096,0
94097,1
94098,0
94099,1
94100,0
94101,0
94102,1
94103,1
94104,0
94105,0
94106,0
94107,0
94108,0
94109,0
94110,0
94111,1
94112,0
94113,0
94114,0
94115,0
94116,0
94117,1
94118,0
94119,0
94120,0
94121,0
94122,0
94123,1
94124,0
94125,0
94126,0
94128,0
94129,1
94130,0
94131,0
94132,0
94134,1
94135,1
94136,0
94137,0
94138,1
94139,1
94140,0
94141,0
94142,0
94143,1
94144,0
94145,1
94146,1
94147,0
94148,0
94149,0
94150,1
94151,0
94152,0
94153,0
94154,0
94155,0
94156,0
94157,1
94158,0
94159,0
94160,0
94161,1
94162,1
94163,0
94164,0
94165,0
94166,0
94167,1
94168,0
94169,0
94170,0
94171,0
94172,0
94173,0
94174,0
94175,0
94177,0
94178,0
94180,0
94181,0
94182,1
94183,0
94184,0
94185,1
94186,0
94187,1
94188,0
94189,1
94190,0
94191,1
94192,1
94193,0
94194,0
94195,0
94196,1
94197,1
94198,1
94199,1
94200,1
94202,0
94203,0
94204,0
94205,1
94207,1
94208,0
94209,1
94210,0
94211,0
94212,0
94213,1
94214,1
94215,0
94216,0
94217,1
94219,1
94220,0
94221,1
94222,0
94225,1
94226,1
94227,0
94228,1
94230,1
94231,1
94233,0
94234,0
94235,1
94236,1
94237,0
94238,1
94239,1
94240,1
94241,1
94242,1
94243,0
94244,0
94245,1
94247,1
94248,1
94249,1
94250,1
94251,1
94252,1
94253,1
94254,1
94257,1
94260,1
94261,1
94262,1
94263,1
94264,1
94265,1
94266,0
94267,0
94268,0
94269,1
94270,1
94271,1
94272,1
94273,0
94274,0
94275,0
94276,1
94277,0
94278,0
94279,0
94280,1
94281,0
94282,0
94283,0
94284,1
94285,0
94286,0
94287,0
94288,0
94289,1
94290,0
94291,0
94292,0
94293,0
94294,0
94295,0
94296,1
94297,0
94298,1
94299,0
94300,1
94301,0
94302,1
94303,0
94304,1
94305,1
94306,0
94307,0
94308,0
94309,1
94310,0
94311,0
94312,0
94313,0
94314,0
94315,1
94316,0
94317,1
94318,1
94319,1
94320,0
94321,0
94322,0
94323,1
94325,1
94326,1
94327,1
94328,1
94329,0
94330,1
94331,1
94332,0
94333,1
94334,0
94335,0
94336,1
94337,1
94338,0
94339,0
94340,0
94341,1
94342,0
94343,0
94344,0
94345,1
94346,1
94347,0
94348,0
94349,0
94350,0
94351,0
94352,0
94353,0
94354,0
94355,0
94356,0
94357,0
94358,0
94359,0
94360,0
94361,0
94362,0
94363,0
94364,0
94365,0
94366,0
94367,0
94368,0
94369,0
94370,0
94371,0
94372,1
94373,0
94374,0
94375,0
94376,1
94377,0
94378,0
94379,1
94380,0
94381,1
94382,0
94383,0
94384,0
94385,1
94386,1
94387,0
94388,0
94389,0
94390,1
94391,0
94392,1
94393,0
94394,0
94395,0
94396,0
94397,1
94398,1
94399,1
94400,1
94401,1
94402,1
94403,1
94404,0
94405,0
94406,0
94407,0
94408,0
94409,0
94410,0
94411,0
94412,0
94413,0
94414,0
94415,0
94416,0
94417,1
94418,0
94419,1
94420,0
94421,1
94422,0
94423,1
94424,1
94425,0
94426,1
94427,0
94428,0
94429,0
94430,0
94431,0
94432,1
94433,1
94434,1
94435,0
94436,0
94437,0
94438,0
94439,0
94442,1
94443,0
94444,0
94445,1
94446,0
94447,0
94448,1
94449,1
94450,1
94451,0
94452,1
94453,0
94454,0
94455,0
94456,0
94457,0
94458,0
94459,0
94460,1
94461,0
94462,1
94463,1
94464,0
94465,0
94466,1
94467,1
94468,1
94469,1
94470,0
94471,0
94472,1
94473,0
94474,1
94475,0
94476,1
94477,1
94478,0
94479,1
94480,0
94481,0
94482,0
94483,0
94484,0
94485,0
94486,0
94487,1
94488,0
94489,0
94490,0
94491,0
94492,1
94493,0
94494,0
94495,0
94496,0
94497,0
94498,0
94499,0
94500,0
94501,0
94502,1
94503,0
94504,0
94505,0
94506,0
94507,0
94508,0
94509,0
94510,0
94511,0
94512,0
94513,0
94514,0
94515,0
94516,0
94517,0
94518,1
94519,0
94520,0
94521,1
94522,0
94523,0
94524,0
94525,0
94526,0
94527,1
94528,1
94529,0
94530,0
94531,1
94532,0
94533,0
94534,1
94535,1
94536,1
94537,1
94538,0
94539,0
94540,1
94541,1
94542,0
94543,0
94544,1
94545,1
94546,1
94547,0
94548,0
94549,0
94550,0
94551,0
94552,0
94553,0
94554,0
94555,0
94556,0
94557,0
94558,0
94559,0
94560,1
94561,0
94562,0
94563,0
94564,0
94565,1
94566,0
94569,0
94570,0
94571,0
94572,0
94573,0
94574,0
94575,0
94576,0
94577,0
94578,0
94579,0
94580,0
94581,0
94582,0
94583,1
94584,1
94585,1
94586,0
94587,0
94588,0
94589,1
94590,1
94591,1
94592,1
94593,1
94594,0
94595,1
94596,1
94597,1
94598,0
94599,0
94600,0
94601,0
94602,1
94603,0
94604,1
94605,0
94606,0
94607,0
94608,1
94609,0
94610,0
94611,1
94612,1
94613,1
94614,0
94615,0
94616,0
94617,0
94618,1
94620,0
94622,0
94623,0
94624,0
94625,0
94626,0
94627,0
94628,0
94629,0
94630,0
94631,0
94632,0
94633,0
94634,0
94635,1
94636,0
94637,0
94638,0
94639,0
94640,0
94641,0
94642,0
94644,0
94645,1
94646,0
94647,0
94648,1
94649,0
94650,0
94651,1
94652,0
94653,1
94654,0
94655,0
94656,0
94657,0
94658,0
94659,0
94661,0
94662,0
94663,0
94664,0
94665,0
94666,0
94667,0
94668,0
94669,0
94670,0
94671,0
94672,0
94673,0
94674,0
94675,1
94676,0
94677,0
94678,0
94679,0
94680,0
94681,0
94682,0
94683,1
94684,1
94685,0
94686,0
94687,0
94688,0
94689,0
94690,1
94691,0
94692,1
94693,0
94694,0
94695,0
94696,0
94697,0
94698,0
94699,0
94700,0
94701,0
94702,0
94703,1
94704,0
94705,0
94706,0
94707,0
94710,0
94711,1
94712,1
94713,0
94714,0
94716,0
94717,1
94718,1
94719,0
94720,0
94721,1
94722,0
94723,1
94725,0
94726,0
94727,0
94728,0
94729,0
94730,0
94731,0
94732,0
94733,0
94734,1
94735,0
94736,1
94737,0
94738,1
94740,0
94741,1
94742,0
94743,1
94745,0
94746,0
94747,1
94749,0
94750,0
94751,0
94752,0
94753,0
94755,0
94756,1
94757,1
94758,0
94759,0
94760,0
94761,1
94762,1
94763,0
94764,0
94765,1
94766,1
94767,1
94768,1
94769,1
94770,1
94771,1
94772,0
94773,0
94774,0
94776,0
94777,1
94778,0
94779,0
94780,0
94781,0
94782,0
94783,0
94784,0
94785,0
94786,0
94787,0
94788,0
94789,0
94790,0
94791,0
94792,1
94793,1
94794,0
94795,0
94796,0
94797,0
94798,0
94799,0
94800,0
94801,1
94802,0
94803,0
94804,0
94805,0
94806,0
94807,0
94808,0
94809,0
94810,0
94811,0
94812,0
94813,0
94814,0
94815,0
94816,1
94817,0
94818,0
94819,1
94820,0
94821,0
94823,0
94824,0
94825,0
94826,1
94827,0
94828,0
94829,0
94830,1
94831,0
94832,0
94833,0
94834,0
94835,0
94836,0
94837,0
94838,0
94840,0
94841,1
94842,1
94843,1
94844,0
94845,0
94846,0
94847,0
94848,0
94849,0
94850,0
94851,0
94852,0
94853,0
94854,1
94855,0
94856,0
94857,1
94858,1
94859,1
94860,1
94861,1
94862,0
94863,0
94864,1
94865,0
94866,1
94867,0
94868,0
94869,0
94870,1
94871,0
94872,0
94873,0
94874,0
94875,0
94876,1
94877,0
94878,0
94879,0
94880,0
94881,1
94882,1
94883,1
94884,1
94885,0
94886,0
94887,1
94888,1
94889,1
94890,1
94891,0
94892,0
94893,0
94894,0
94895,0
94897,0
94898,0
94899,1
94900,0
94901,0
94902,1
94903,1
94905,1
94906,0
94907,1
94908,1
94909,0
94910,0
94911,0
94912,1
94913,1
94914,0
94915,0
94916,0
94917,1
94918,1
94919,0
94920,0
94922,0
94923,0
94924,1
94925,0
94926,1
94927,0
94928,0
94929,0
94930,0
94931,1
94932,0
94933,1
94934,1
94935,1
94936,1
94938,1
94939,1
94940,1
94941,0
94943,0
94944,1
94945,1
94946,0
94947,1
94948,1
94949,0
94950,1
94951,0
94952,1
94953,0
94954,0
94955,0
94956,0
94957,0
94958,0
94959,0
94960,1
94961,0
94962,0
94963,0
94964,0
94965,0
94966,0
94968,0
94969,0
94970,0
94971,0
94972,1
94973,0
94974,0
94975,0
94976,1
94977,0
94978,0
94980,0
94981,0
94982,0
94983,0
94984,0
94985,0
94986,0
94987,0
94988,1
94990,0
94991,0
94992,1
94993,1
94994,1
94995,0
94996,0
94998,1
94999,1
95000,0
95001,0
95002,0
95003,0
95004,1
95005,1
95006,0
95007,1
95008,1
95009,1
95010,1
95011,1
95012,0
95013,1
95014,0
95015,0
95016,0
95017,0
95018,1
95019,1
95020,0
95021,0
95022,0
95023,0
95024,0
95025,0
95026,1
95027,0
95028,1
95029,0
95030,0
95031,1
95032,0
95033,0
95034,0
95035,0
95036,0
95037,0
95038,1
95039,0
95040,1
95041,0
95042,0
95043,0
95044,0
95045,0
95046,0
95047,1
95048,1
95049,0
95050,1
95051,0
95052,0
95053,0
95054,1
95055,0
95056,0
95057,1
95058,0
95059,1
95060,1
95061,0
95063,0
95064,1
95065,0
95066,1
95067,0
95068,0
95069,0
95070,1
95071,0
95072,0
95073,0
95074,0
95075,0
95076,0
95077,0
95078,1
95079,0
95080,1
95082,0
95083,1
95084,0
95085,0
95086,1
95087,0
95088,0
95089,0
95090,0
95091,0
95092,1
95093,0
95094,0
95095,0
95096,0
95097,0
95098,0
95099,0
95100,0
95101,0
95102,1
95103,1
95104,1
95105,0
95106,0
95107,0
95108,0
95109,1
95110,0
95111,0
95112,0
95113,0
95114,0
95115,0
95116,0
95117,0
95118,0
95119,0
95120,0
95121,0
95122,0
95123,0
95124,0
95125,0
95126,0
95127,0
95128,0
95129,0
95130,0
95131,0
95132,0
95133,0
95134,0
95135,0
95136,0
95137,1
95138,1
95140,1
95141,0
95142,0
95143,0
95144,0
95145,0
95146,0
95147,1
95148,0
95149,1
95150,1
95151,0
95152,0
95153,0
95154,0
95155,0
95156,0
95157,1
95158,1
95159,1
95160,0
95161,0
95162,0
95163,1
95164,0
95165,0
95166,0
95167,0
95168,0
95169,0
95170,0
95171,0
95172,0
95173,0
95174,0
95175,0
95176,0
95177,0
95178,0
95179,0
95180,0
95181,0
95182,1
95183,0
95184,0
95185,1
95186,1
95187,1
95188,0
95189,1
95190,1
95191,1
95192,1
95193,0
95194,1
95195,1
95196,0
95197,1
95198,0
95199,0
95200,1
95201,0
95202,0
95203,0
95204,0
95205,0
95206,0
95207,0
95208,0
95209,0
95210,0
95211,1
95212,0
95213,0
95214,0
95215,0
95216,0
95217,0
95218,0
95219,0
95220,1
95221,0
95222,0
95223,0
95224,0
95225,0
95226,0
95227,0
95228,0
95229,0
95230,0
95231,0
95232,0
95233,0
95234,0
95235,0
95236,0
95237,0
95238,0
95239,0
95240,0
95241,0
95242,0
95243,0
95244,1
95245,0
95246,0
95248,0
95250,0
95251,0
95252,0
95253,0
95255,1
95256,0
95257,1
95258,0
95259,1
95260,1
95261,1
95262,0
95263,1
95264,0
95265,0
95266,0
95267,0
95268,0
95269,0
95270,0
95271,0
95272,1
95273,1
95274,0
95275,0
95276,0
95277,1
95278,0
95279,0
95280,1
95281,0
95282,0
95283,0
95284,1
95285,0
95286,0
95287,0
95288,0
95290,0
95291,0
95292,0
95293,0
95294,0
95295,1
95296,0
95297,0
95298,0
95299,0
95300,0
95301,0
95302,0
95303,0
95304,1
95305,0
95306,0
95307,0
95308,0
95309,0
95310,0
95311,0
95312,0
95313,1
95314,1
95315,1
95316,0
95317,0
95318,0
95319,0
95321,1
95322,1
95323,0
95324,0
95325,1
95326,0
95327,1
95328,1
95329,0
95330,0
95331,1
95332,1
95333,1
95334,0
95335,0
95336,0
95337,0
95338,0
95339,0
95340,1
95341,0
95342,1
95343,1
95344,1
95345,0
95346,1
95347,1
95348,1
95349,1
95350,1
95351,1
95352,1
95353,0
95354,0
95355,0
95356,0
95357,1
95358,1
95359,0
95360,0
95361,0
95362,1
95363,0
95364,0
95365,0
95366,0
95367,0
95368,0
95369,0
95370,0
95371,0
95372,0
95373,0
95374,0
95375,1
95376,0
95377,0
95378,1
95380,0
95381,0
95382,0
95383,0
95384,1
95385,0
95386,1
95387,0
95388,0
95389,1
95390,0
95391,1
95392,0
95393,1
95395,0
95396,0
95397,1
95399,1
95400,1
95401,0
95402,0
95403,0
95404,1
95405,1
95406,0
95407,0
95408,1
95409,0
95410,0
95411,0
95412,0
95413,0
95414,0
95415,1
95416,0
95417,0
95418,0
95419,1
95420,0
95421,0
95422,0
95424,1
95425,0
95427,1
95428,0
95429,0
95430,0
95431,1
95432,1
95433,1
95434,0
95435,0
95436,0
95438,0
95439,0
95440,0
95441,0
95442,0
95443,0
95444,0
95445,0
95446,0
95447,1
95448,0
95449,1
95450,1
95451,1
95452,0
95453,1
95454,0
95455,1
95456,0
95457,0
95458,1
95459,0
95460,0
95461,0
95462,0
95463,0
95464,0
95465,0
95466,0
95467,0
95468,1
95469,0
95470,0
95471,1
95473,0
95475,1
95477,1
95479,1
95480,0
95481,0
95482,1
95483,1
95484,0
95485,0
95486,0
95487,1
95488,0
95489,0
95490,1
95491,1
95492,0
95493,0
95494,0
95495,0
95496,0
95497,1
95498,1
95499,0
95500,0
95501,0
95502,0
95503,0
95504,1
95505,0
95507,0
95508,1
95509,0
95510,0
95511,0
95514,0
95515,0
95516,1
95517,0
95518,0
95519,0
95520,0
95521,1
95522,0
95523,1
95524,0
95525,0
95526,0
95527,0
95528,0
95529,0
95530,0
95531,1
95532,0
95533,0
95534,0
95535,0
95536,0
95537,0
95538,0
95539,0
95540,1
95541,0
95542,0
95543,0
95544,1
95545,0
95546,0
95547,1
95548,0
95549,0
95550,0
95551,0
95552,0
95553,0
95554,0
95555,0
95556,0
95557,0
95558,0
95559,0
95560,0
95561,0
95562,0
95563,0
95564,1
95565,0
95566,0
95567,0
95568,0
95569,0
95570,0
95571,0
95572,0
95573,0
95574,0
95575,0
95578,0
95580,0
95581,0
95582,0
95583,0
95584,0
95585,0
95586,1
95587,0
95588,0
95589,0
95590,1
95591,1
95593,0
95594,0
95596,1
95597,0
95598,0
95599,0
95600,0
95601,0
95603,0
95604,0
95605,0
95606,1
95607,1
95608,1
95610,1
95611,1
95612,1
95613,1
95614,0
95615,0
95616,0
95617,0
95618,0
95619,0
95620,1
95621,1
95622,1
95623,0
95624,1
95625,0
95626,0
95627,1
95628,1
95629,1
95630,1
95631,1
95632,1
95633,1
95634,0
95635,0
95636,0
95637,0
95638,0
95639,0
95640,1
95641,1
95642,0
95643,0
95644,0
95645,0
95646,1
95647,1
95648,1
95649,0
95650,1
95651,0
95652,1
95653,0
95654,0
95655,1
95656,0
95657,0
95658,0
95659,0
95660,0
95661,1
95662,1
95663,1
95664,1
95665,1
95666,1
95669,1
95670,1
95671,1
95672,1
95673,1
95674,1
95675,0
95676,0
95677,0
95678,0
95679,0
95680,1
95681,0
95682,0
95683,1
95684,0
95685,0
95686,1
95687,1
95688,1
95689,0
95690,1
95691,1
95692,0
95693,1
95694,1
95695,1
95696,0
95697,0
95698,0
95699,0
95700,0
95701,0
95702,1
95703,0
95704,1
95705,0
95706,0
95707,0
95708,0
95709,0
95710,1
95711,1
95712,1
95713,0
95714,0
95715,0
95716,0
95717,0
95718,1
95719,0
95720,1
95721,0
95722,0
95723,1
95725,1
95726,0
95727,0
95728,0
95729,0
95730,1
95731,0
95732,1
95733,0
95734,0
95735,0
95736,1
95737,1
95738,1
95739,0
95740,0
95741,1
95742,0
95743,1
95744,0
95745,0
95746,0
95747,0
95748,0
95749,0
95750,1
95751,1
95752,0
95753,1
95754,1
95755,0
95756,1
95757,1
95758,1
95759,0
95760,1
95761,0
95762,0
95763,0
95764,1
95765,0
95766,1
95767,1
95768,1
95769,0
95770,0
95772,1
95773,1
95774,0
95775,1
95776,0
95777,0
95778,0
95779,0
95780,1
95781,0
95782,0
95783,0
95784,0
95785,1
95786,1
95787,0
95788,0
95789,1
95790,0
95791,0
95792,0
95793,0
95794,0
95795,0
95796,0
95797,0
95798,0
95799,0
95800,0
95801,1
95803,0
95804,1
95805,0
95806,0
95807,0
95808,1
95809,0
95810,0
95811,0
95812,0
95813,1
95814,1
95815,0
95816,0
95817,0
95818,1
95819,1
95820,1
95821,1
95822,0
95823,1
95824,1
95825,0
95826,0
95827,1
95828,0
95829,1
95830,0
95831,0
95832,0
95833,0
95834,1
95835,0
95836,0
95837,0
95838,0
95839,1
95840,0
95841,0
95842,1
95843,0
95844,0
95845,0
95846,0
95847,0
95848,0
95849,0
95850,0
95851,0
95852,1
95853,0
95854,0
95855,0
95856,0
95857,0
95858,0
95859,1
95860,0
95861,0
95862,0
95863,0
95864,0
95865,0
95866,1
95867,1
95868,0
95869,0
95870,0
95871,1
95872,1
95873,0
95874,1
95875,0
95876,1
95877,0
95878,0
95879,0
95880,1
95881,0
95882,0
95883,0
95884,0
95885,1
95886,1
95887,1
95888,0
95889,1
95890,0
95891,0
95892,1
95893,1
95894,0
95895,0
95896,1
95897,0
95898,1
95900,0
95901,0
95902,1
95903,1
95904,1
95905,0
95906,1
95907,0
95908,0
95909,0
95910,0
95911,0
95912,0
95913,0
95914,0
95916,0
95917,0
95919,0
95920,0
95921,0
95922,1
95923,1
95924,0
95925,1
95926,1
95927,0
95928,1
95929,0
95930,0
95931,0
95932,0
95933,0
95935,0
95936,1
95937,1
95938,0
95939,0
95940,1
95941,1
95942,0
95943,1
95944,0
95945,1
95946,1
95947,0
95948,0
95949,0
95950,0
95951,1
95952,1
95953,0
95954,0
95955,1
95956,0
95957,0
95958,1
95959,1
95960,1
95961,1
95962,1
95964,1
95965,1
95966,0
95967,1
95968,1
95969,0
95970,1
95972,1
95973,1
95974,1
95975,1
95976,1
95977,1
95978,0
95979,0
95980,0
95981,1
95982,0
95983,0
95984,1
95985,0
95986,1
95987,1
95988,0
95989,0
95990,1
95991,0
95992,0
95993,0
95994,1
95995,1
95996,0
95997,1
95998,1
95999,1
96000,1
96001,0
96002,0
96003,1
96004,0
96005,0
96006,0
96007,0
96008,0
96009,0
96010,0
96011,0
96012,0
96013,1
96014,0
96015,0
96016,0
96017,0
96018,1
96019,0
96020,1
96022,0
96023,1
96024,1
96025,1
96026,0
96027,0
96028,0
96029,0
96030,1
96031,1
96032,1
96033,0
96034,0
96035,0
96036,0
96037,0
96038,0
96039,0
96040,0
96041,0
96042,0
96043,0
96044,0
96045,1
96046,0
96047,1
96048,0
96049,0
96050,0
96051,0
96052,0
96053,1
96054,0
96055,0
96056,0
96057,0
96058,0
96060,1
96061,0
96062,1
96063,0
96064,0
96065,0
96066,0
96067,0
96068,0
96069,0
96070,0
96071,0
96072,0
96073,0
96074,0
96075,0
96076,0
96077,0
96078,0
96079,0
96080,0
96081,0
96082,0
96083,1
96084,0
96085,0
96086,1
96087,1
96088,0
96089,1
96090,0
96092,0
96093,0
96094,0
96095,0
96096,0
96097,0
96098,1
96099,1
96100,0
96101,0
96102,0
96103,0
96104,1
96105,0
96106,0
96107,0
96108,1
96109,1
96110,1
96111,1
96112,0
96113,0
96114,1
96115,1
96116,0
96117,1
96118,1
96119,1
96120,1
96121,0
96122,1
96123,0
96124,1
96125,1
96126,0
96127,1
96128,1
96129,1
96130,1
96131,0
96132,0
96133,1
96134,1
96135,0
96136,0
96137,0
96138,0
96139,0
96140,1
96141,1
96142,0
96144,0
96145,1
96146,0
96147,1
96148,0
96149,0
96150,0
96151,1
96152,0
96153,0
96154,0
96155,1
96156,1
96157,0
96158,1
96159,1
96160,1
96161,1
96162,1
96163,0
96164,1
96165,1
96166,1
96167,0
96168,1
96169,1
96170,1
96172,1
96173,0
96174,0
96175,0
96176,1
96177,1
96178,1
96179,0
96180,0
96181,1
96182,1
96183,1
96184,1
96185,0
96186,1
96187,1
96188,1
96189,1
96190,1
96191,1
96192,1
96193,0
96194,1
96195,1
96197,1
96198,1
96199,1
96200,1
96202,0
96203,0
96204,0
96205,0
96206,1
96207,0
96208,0
96209,1
96210,1
96211,0
96212,1
96213,0
96214,1
96215,1
96216,1
96218,0
96219,0
96220,1
96221,0
96222,1
96223,1
96224,0
96225,0
96226,0
96227,0
96228,0
96229,1
96230,0
96231,0
96232,1
96233,0
96234,1
96235,0
96236,0
96237,1
96238,0
96239,1
96240,0
96241,0
96242,1
96243,1
96244,0
96245,0
96246,1
96247,1
96248,0
96249,1
96250,0
96251,0
96252,0
96253,0
96254,0
96255,0
96256,0
96257,0
96258,0
96259,0
96260,0
96261,0
96262,0
96263,1
96264,0
96265,0
96266,1
96267,0
96268,0
96269,1
96270,1
96271,1
96272,0
96273,1
96274,1
96275,1
96276,0
96277,0
96278,0
96279,0
96280,0
96281,1
96282,0
96283,1
96284,1
96285,1
96286,0
96287,1
96288,0
96289,0
96290,0
96291,0
96292,0
96293,0
96294,0
96295,0
96296,1
96297,0
96298,1
96300,0
96301,0
96302,0
96303,0
96304,0
96305,0
96306,0
96307,0
96308,0
96309,0
96310,1
96311,1
96312,0
96313,1
96314,0
96315,0
96316,0
96317,0
96318,0
96319,0
96320,1
96321,0
96322,0
96323,0
96324,1
96325,1
96326,0
96327,0
96328,0
96329,0
96330,0
96331,0
96332,0
96333,0
96334,0
96335,0
96336,0
96337,0
96338,0
96339,0
96340,1
96341,0
96342,0
96343,0
96344,0
96345,0
96346,0
96347,0
96348,0
96349,0
96350,0
96351,0
96352,0
96353,0
96354,0
96355,0
96356,1
96357,1
96358,0
96359,1
96360,0
96361,0
96362,0
96363,1
96364,1
96365,0
96366,0
96368,0
96369,1
96370,0
96371,0
96372,1
96373,0
96374,0
96375,0
96376,0
96377,1
96378,0
96379,0
96380,0
96381,0
96382,0
96383,1
96384,0
96385,0
96386,0
96387,0
96388,0
96389,0
96390,0
96391,0
96392,1
96393,1
96394,0
96395,0
96396,0
96397,0
96398,0
96399,1
96400,0
96401,1
96402,1
96403,0
96404,1
96405,1
96406,0
96407,1
96408,0
96409,0
96410,1
96411,0
96412,1
96413,0
96414,1
96415,0
96416,0
96417,1
96418,0
96419,1
96420,0
96421,1
96422,1
96423,0
96424,0
96425,0
96426,1
96427,1
96428,0
96429,1
96430,0
96431,0
96432,0
96433,0
96434,0
96435,1
96436,0
96437,0
96438,0
96439,1
96440,1
96441,0
96442,0
96443,1
96444,0
96445,0
96446,0
96447,1
96448,0
96449,0
96450,0
96451,0
96452,0
96453,0
96454,0
96455,0
96456,0
96457,1
96458,0
96459,1
96460,0
96461,1
96462,0
96463,1
96464,1
96465,0
96466,0
96467,0
96468,1
96469,0
96470,0
96471,1
96472,0
96473,0
96474,1
96475,0
96476,0
96477,1
96478,0
96479,0
96480,1
96481,0
96482,1
96483,0
96484,0
96485,0
96486,0
96487,1
96488,1
96489,1
96490,1
96491,0
96492,1
96493,0
96494,0
96495,0
96496,0
96497,1
96498,1
96499,1
96500,1
96502,1
96503,1
96504,1
96505,1
96506,1
96507,1
96508,1
96510,1
96511,1
96513,1
96514,1
96516,0
96517,1
96518,0
96519,0
96520,1
96521,0
96522,0
96523,1
96525,1
96526,1
96527,1
96528,1
96529,1
96530,0
96531,0
96532,1
96534,1
96535,0
96536,1
96537,0
96539,0
96540,1
96541,0
96542,1
96543,1
96544,0
96545,0
96546,0
96547,1
96548,0
96549,0
96551,0
96552,0
96553,0
96554,0
96556,0
96557,0
96558,0
96559,1
96566,0
96567,0
96568,0
96569,0
96570,0
96571,1
96573,0
96574,1
96575,1
96576,0
96577,0
96578,1
96579,0
96580,0
96581,1
96582,0
96583,0
96584,0
96585,0
96586,0
96587,1
96588,0
96589,0
96590,1
96591,0
96592,1
96593,0
96594,0
96595,0
96596,0
96597,0
96598,0
96599,0
96600,0
96601,0
96602,0
96603,0
96604,0
96605,0
96606,0
96607,0
96608,0
96609,0
96610,1
96611,0
96612,0
96613,0
96614,0
96615,0
96616,0
96617,0
96618,0
96619,0
96620,1
96621,0
96622,0
96623,0
96624,0
96625,0
96626,0
96627,1
96628,0
96629,1
96630,0
96631,0
96632,0
96633,0
96634,0
96635,1
96636,1
96637,1
96638,0
96639,0
96640,0
96641,1
96642,0
96643,0
96644,1
96645,0
96646,0
96647,0
96648,0
96649,1
96650,0
96651,0
96652,0
96655,0
96656,0
96657,0
96658,1
96659,1
96660,0
96662,0
96663,0
96664,0
96665,1
96666,0
96667,1
96668,0
96669,1
96670,0
96672,0
96673,0
96674,1
96675,1
96676,0
96677,0
96678,1
96679,0
96680,0
96681,0
96682,0
96683,0
96684,0
96685,0
96686,0
96687,0
96688,0
96689,0
96690,0
96691,0
96692,0
96693,0
96694,0
96695,1
96696,1
96697,0
96698,0
96699,0
96700,0
96701,0
96702,1
96703,0
96704,0
96705,0
96706,1
96707,0
96708,0
96709,0
96710,1
96711,0
96712,1
96713,1
96714,0
96715,0
96716,0
96718,0
96719,0
96720,0
96721,1
96723,0
96724,1
96725,1
96726,0
96727,0
96728,0
96729,0
96730,0
96731,0
96732,0
96733,1
96734,0
96735,0
96736,0
96737,0
96738,0
96739,1
96740,1
96741,1
96742,0
96743,0
96744,0
96745,0
96747,0
96748,0
96749,0
96750,0
96751,0
96752,1
96753,1
96754,0
96755,0
96756,0
96757,0
96758,0
96759,1
96760,1
96761,0
96762,1
96763,1
96764,0
96765,1
96766,0
96767,0
96768,1
96769,1
96770,1
96771,1
96772,1
96773,0
96774,0
96775,0
96776,1
96777,0
96778,0
96779,1
96780,0
96781,0
96782,0
96783,1
96784,0
96785,1
96786,0
96787,1
96788,0
96789,0
96790,0
96791,0
96792,0
96793,0
96794,0
96795,0
96796,0
96797,0
96798,0
96800,0
96801,0
96802,1
96803,0
96804,0
96805,0
96806,1
96808,0
96809,1
96810,0
96811,0
96812,1
96813,1
96814,1
96815,1
96816,1
96817,1
96818,1
96819,1
96820,1
96821,0
96822,0
96823,0
96824,0
96825,0
96826,0
96827,0
96828,1
96829,0
96830,0
96831,0
96832,0
96833,1
96834,1
96835,0
96836,1
96837,0
96838,1
96839,0
96840,0
96841,0
96842,0
96843,0
96844,1
96845,0
96846,1
96847,0
96848,1
96849,0
96850,0
96851,1
96852,0
96853,1
96854,0
96856,0
96858,0
96859,0
96860,0
96861,0
96862,0
96863,0
96864,1
96865,0
96866,0
96867,1
96868,0
96869,0
96870,0
96871,1
96872,1
96873,1
96874,0
96875,0
96876,0
96877,0
96878,0
96879,1
96880,1
96881,1
96882,0
96883,0
96884,0
96885,1
96886,0
96887,1
96888,0
96889,1
96890,0
96891,0
96892,0
96893,1
96894,1
96895,1
96896,1
96897,1
96898,0
96899,0
96900,0
96901,1
96902,1
96903,0
96904,0
96905,1
96906,0
96907,0
96908,0
96909,1
96910,0
96911,1
96912,0
96913,0
96914,0
96915,0
96916,0
96917,0
96918,0
96919,0
96920,0
96921,1
96922,0
96923,0
96924,0
96925,0
96926,0
96927,1
96928,0
96930,0
96931,0
96932,0
96933,1
96934,0
96935,1
96936,0
96937,1
96938,0
96939,1
96940,0
96941,0
96942,0
96943,0
96944,1
96945,0
96946,0
96947,0
96948,0
96950,0
96951,0
96952,0
96953,0
96954,0
96955,1
96956,0
96957,0
96958,0
96959,1
96960,0
96961,0
96962,0
96963,0
96964,0
96965,1
96966,0
96967,0
96968,0
96969,1
96970,1
96971,0
96972,0
96973,0
96974,0
96975,0
96976,0
96977,0
96978,0
96979,1
96980,0
96981,0
96982,0
96983,1
96984,1
96985,1
96986,1
96987,1
96988,1
96989,1
96990,1
96991,1
96992,1
96993,1
96994,1
96995,1
96996,0
96997,0
96998,0
96999,0
97000,0
97001,0
97002,1
97003,0
97004,0
97005,0
97006,0
97007,0
97008,1
97009,0
97010,0
97011,0
97012,0
97013,0
97014,1
97015,1
97016,1
97017,0
97018,0
97019,1
97020,1
97021,0
97022,1
97023,0
97024,1
97025,0
97026,1
97027,0
97028,0
97029,1
97030,1
97031,0
97032,1
97033,1
97034,1
97035,0
97036,1
97037,1
97038,1
97039,1
97040,0
97041,1
97042,1
97043,0
97044,0
97045,0
97046,0
97047,1
97048,0
97049,1
97050,1
97051,0
97052,0
97053,1
97054,0
97055,0
97056,0
97057,0
97058,0
97059,0
97060,0
97061,0
97062,0
97063,0
97064,0
97065,0
97066,0
97067,0
97068,1
97069,1
97070,1
97071,1
97072,1
97073,1
97074,0
97075,0
97076,1
97077,1
97078,0
97079,0
97080,1
97081,0
97082,0
97083,1
97084,0
97085,0
97086,0
97087,0
97088,1
97089,0
97090,1
97091,1
97092,1
97093,1
97094,1
97095,1
97096,1
97097,0
97098,0
97099,1
97100,1
97101,0
97102,0
97103,0
97104,0
97105,0
97106,1
97107,0
97108,0
97109,1
97110,0
97111,0
97112,0
97113,0
97114,0
97115,0
97117,0
97118,0
97119,0
97120,0
97121,1
97122,0
97123,0
97124,0
97125,1
97126,0
97127,0
97128,0
97129,0
97130,0
97131,0
97132,1
97133,0
97134,0
97135,0
97136,0
97137,0
97138,0
97139,0
97140,1
97141,1
97142,0
97143,1
97144,1
97145,1
97146,0
97147,1
97148,0
97149,0
97150,0
97151,0
97152,1
97153,0
97154,1
97155,1
97156,0
97157,1
97158,1
97159,1
97160,0
97161,1
97162,0
97163,1
97164,0
97165,0
97166,0
97167,0
97168,0
97169,0
97170,0
97171,0
97172,0
97173,0
97174,0
97175,0
97176,0
97177,0
97178,0
97179,0
97180,0
97181,1
97182,1
97183,1
97184,0
97185,1
97186,0
97187,0
97188,0
97189,0
97190,1
97191,0
97192,0
97193,0
97194,0
97195,0
97196,0
97197,0
97198,0
97199,0
97200,0
97201,0
97202,0
97203,0
97204,0
97205,0
97206,1
97207,0
97209,0
97210,0
97211,0
97212,0
97213,0
97214,0
97215,0
97216,0
97217,0
97218,1
97219,0
97220,0
97221,1
97222,1
97223,1
97224,0
97225,0
97226,0
97227,0
97229,0
97230,1
97231,0
97232,0
97233,0
97234,0
97235,0
97236,0
97237,0
97238,1
97239,0
97240,0
97241,0
97242,1
97243,0
97244,0
97245,1
97246,0
97247,1
97248,1
97249,1
97250,1
97251,1
97252,0
97253,0
97254,0
97255,1
97256,0
97257,0
97258,1
97259,0
97260,1
97262,0
97263,1
97264,1
97265,0
97266,1
97267,0
97269,0
97270,1
97271,1
97272,0
97273,0
97274,1
97275,1
97276,0
97277,1
97278,1
97279,1
97280,1
97281,0
97282,1
97283,1
97284,1
97285,0
97286,1
97287,0
97288,0
97289,1
97290,0
97291,1
97292,0
97293,0
97294,0
97295,1
97296,1
97297,1
97298,0
97299,0
97300,0
97301,0
97302,0
97303,1
97304,0
97305,0
97306,0
97307,1
97308,0
97309,0
97310,0
97311,0
97312,1
97313,0
97314,1
97315,0
97316,1
97317,1
97318,1
97319,0
97321,0
97322,1
97323,1
97324,1
97325,0
97326,1
97327,0
97328,1
97329,1
97330,0
97331,0
97332,0
97333,1
97334,1
97335,1
97336,0
97337,0
97338,0
97339,1
97340,1
97341,1
97342,1
97343,1
97344,0
97345,0
97346,0
97347,0
97348,0
97349,0
97350,0
97351,1
97352,1
97353,0
97354,0
97355,0
97356,1
97357,0
97358,0
97359,0
97360,0
97361,0
97362,1
97363,0
97364,0
97365,0
97366,1
97367,1
97368,1
97369,0
97370,0
97371,0
97372,1
97373,0
97375,1
97376,1
97377,1
97378,1
97379,1
97380,1
97381,1
97382,0
97383,0
97384,0
97385,0
97386,1
97387,1
97388,1
97389,0
97390,1
97391,0
97392,0
97393,0
97395,0
97396,0
97397,0
97398,0
97399,0
97400,1
97401,0
97402,1
97403,0
97404,0
97405,1
97406,0
97407,1
97408,0
97409,1
97410,1
97411,0
97412,1
97413,0
97414,1
97415,0
97416,0
97417,0
97418,1
97419,1
97420,1
97421,0
97422,0
97423,0
97424,0
97425,1
97426,0
97427,1
97428,0
97429,1
97430,0
97431,1
97432,0
97433,0
97435,1
97437,0
97438,0
97439,1
97440,0
97441,0
97442,1
97443,1
97444,0
97445,1
97446,0
97447,0
97448,1
97449,0
97450,0
97451,0
97452,0
97453,0
97454,0
97455,0
97456,0
97457,0
97458,0
97459,0
97460,1
97461,0
97463,0
97464,0
97465,1
97466,1
97467,1
97468,0
97469,0
97470,1
97471,1
97472,0
97473,0
97474,0
97475,1
97476,1
97477,0
97478,0
97479,0
97480,0
97481,0
97482,0
97483,0
97484,1
97485,1
97486,0
97487,0
97488,1
97489,1
97490,0
97491,1
97492,1
97493,1
97494,0
97495,1
97496,0
97497,0
97498,1
97499,0
97500,0
97501,0
97502,1
97503,0
97504,1
97505,1
97506,0
97507,0
97508,0
97509,1
97510,0
97511,0
97512,1
97513,1
97514,1
97515,1
97516,1
97517,1
97518,1
97519,1
97520,1
97521,0
97522,1
97523,1
97524,0
97525,0
97526,1
97527,0
97530,0
97531,1
97532,0
97533,0
97534,1
97535,0
97536,0
97537,1
97538,0
97539,0
97540,0
97541,1
97542,0
97545,1
97546,1
97547,1
97548,0
97549,0
97550,0
97551,0
97552,0
97555,0
97556,1
97557,0
97558,0
97559,0
97560,0
97561,0
97562,0
97563,0
97564,0
97565,0
97566,0
97567,0
97568,0
97569,1
97570,0
97571,0
97572,0
97575,1
97576,0
97577,0
97578,0
97579,0
97580,0
97581,0
97582,0
97583,0
97584,1
97585,1
97586,0
97587,0
97588,0
97589,0
97590,0
97591,0
97592,1
97593,0
97594,1
97595,1
97596,0
97597,0
97598,0
97599,0
97600,0
97601,0
97602,0
97603,1
97604,0
97605,1
97606,1
97607,1
97608,1
97609,1
97610,0
97611,0
97612,0
97613,1
97614,1
97615,1
97616,1
97617,1
97618,0
97619,1
97620,1
97621,1
97622,0
97623,0
97624,1
97625,0
97626,0
97627,1
97628,0
97629,0
97630,0
97631,0
97632,0
97633,0
97634,1
97635,0
97636,0
97637,0
97638,0
97639,1
97640,1
97641,0
97642,0
97643,0
97644,1
97645,0
97646,1
97647,1
97648,0
97649,0
97650,0
97651,0
97652,0
97653,1
97654,0
97656,0
97657,0
97658,0
97659,0
97660,0
97661,0
97662,0
97663,0
97664,0
97665,0
97666,0
97667,1
97668,0
97669,0
97670,0
97671,0
97672,1
97673,1
97674,0
97675,0
97676,0
97677,0
97678,0
97679,0
97680,1
97681,0
97682,0
97683,0
97684,0
97685,0
97686,1
97687,0
97688,0
97689,0
97690,0
97691,0
97692,0
97693,0
97694,0
97695,0
97696,0
97698,1
97699,1
97700,1
97701,1
97702,0
97703,0
97704,1
97705,1
97706,0
97707,0
97708,0
97709,0
97710,1
97711,0
97712,0
97713,0
97714,0
97715,1
97716,0
97717,1
97718,0
97719,0
97720,0
97721,0
97722,1
97723,0
97724,0
97725,0
97726,1
97727,0
97728,0
97729,1
97731,0
97732,0
97733,0
97734,0
97735,0
97736,0
97737,1
97738,0
97739,0
97740,0
97741,0
97742,0
97743,0
97744,0
97745,1
97746,0
97747,0
97748,0
97749,0
97750,1
97751,0
97752,0
97753,1
97754,1
97755,0
97756,1
97757,1
97758,0
97760,1
97761,0
97762,1
97763,1
97764,1
97765,1
97766,0
97767,0
97768,0
97769,1
97770,0
97771,0
97772,0
97774,0
97775,1
97776,0
97778,1
97779,1
97780,1
97781,1
97782,0
97783,0
97784,0
97786,0
97787,0
97788,0
97789,0
97790,0
97791,0
97792,1
97793,0
97794,1
97795,1
97796,1
97797,0
97798,1
97799,0
97800,0
97801,0
97802,0
97803,0
97804,0
97805,0
97806,0
97807,0
97808,1
97809,1
97810,0
97811,0
97812,1
97813,0
97814,0
97815,0
97816,0
97817,1
97818,1
97819,0
97820,0
97821,1
97822,0
97823,0
97824,0
97825,1
97826,1
97827,0
97828,1
97829,0
97830,0
97831,1
97832,1
97833,1
97834,1
97835,1
97836,1
97837,1
97838,0
97839,0
97840,1
97841,0
97842,1
97843,0
97844,0
97845,0
97846,0
97847,0
97848,0
97849,0
97850,0
97851,1
97852,0
97853,0
97854,0
97855,0
97856,1
97857,1
97858,1
97859,0
97860,0
97861,1
97862,1
97863,0
97864,1
97865,0
97866,0
97867,1
97868,1
97869,0
97870,0
97871,0
97872,1
97873,0
97874,0
97875,0
97876,0
97877,0
97878,0
97879,1
97880,0
97881,0
97883,0
97884,0
97886,0
97887,1
97888,1
97889,0
97890,0
97891,0
97892,1
97893,1
97894,0
97895,1
97896,0
97897,0
97898,0
97899,0
97900,1
97901,0
97902,0
97903,0
97904,1
97905,0
97906,0
97907,0
97908,1
97909,0
97910,1
97911,0
97912,1
97913,0
97914,0
97915,0
97916,1
97917,0
97918,1
97919,1
97920,0
97921,0
97922,0
97923,0
97924,1
97925,0
97926,0
97927,1
97928,1
97929,0
97930,0
97931,0
97932,1
97933,1
97934,1
97935,1
97936,0
97937,1
97938,0
97940,1
97941,1
97942,1
97943,1
97944,1
97945,1
97946,0
97947,0
97948,0
97949,1
97950,1
97951,0
97952,0
97953,0
97954,0
97955,0
97956,0
97957,0
97958,0
97959,1
97960,0
97961,1
97962,1
97963,0
97964,1
97965,0
97967,1
97969,1
97970,1
97971,1
97973,1
97974,1
97976,1
97977,1
97978,1
97979,1
97980,1
97981,1
97982,1
97984,1
97986,1
97990,1
97991,1
97992,1
97994,1
97996,0
97997,1
97998,1
97999,1
98000,1
98001,1
98002,1
98003,1
98004,1
98005,0
98006,0
98007,1
98008,1
98009,0
98010,1
98011,1
98012,0
98013,1
98014,0
98015,1
98016,1
98017,0
98018,0
98019,0
98020,0
98021,0
98022,1
98023,0
98024,0
98025,1
98026,0
98027,1
98028,1
98029,1
98030,0
98031,1
98032,1
98033,1
98034,1
98035,1
98036,1
98037,0
98038,1
98039,1
98040,1
98041,1
98042,1
98043,0
98044,0
98045,1
98046,1
98047,1
98048,0
98049,0
98050,1
98051,0
98052,0
98053,0
98054,1
98055,1
98056,0
98057,1
98058,0
98059,0
98060,1
98061,0
98062,0
98063,1
98064,0
98065,1
98066,0
98067,0
98068,1
98069,0
98070,0
98071,0
98072,0
98073,1
98074,0
98075,0
98076,1
98077,1
98078,1
98079,1
98080,0
98081,1
98082,1
98083,1
98084,1
98085,0
98086,1
98087,1
98088,1
98089,1
98090,0
98091,1
98092,1
98093,1
98094,1
98095,1
98096,1
98097,1
98098,0
98099,0
98100,0
98103,0
98104,0
98105,0
98106,0
98107,0
98108,0
98109,0
98110,0
98112,0
98113,0
98114,0
98116,0
98117,1
98119,1
98120,1
98121,0
98122,0
98123,1
98124,0
98125,1
98126,1
98127,1
98128,1
98129,1
98130,1
98131,0
98132,0
98133,1
98134,1
98135,0
98136,1
98137,1
98138,1
98139,1
98140,1
98141,1
98142,1
98143,1
98144,0
98145,0
98146,0
98147,0
98148,0
98149,0
98150,1
98151,0
98152,0
98153,0
98154,0
98155,0
98156,1
98157,1
98158,0
98159,0
98160,1
98161,1
98162,0
98163,0
98164,0
98165,1
98166,0
98167,1
98168,0
98169,0
98170,0
98172,0
98173,0
98175,0
98176,0
98177,0
98178,1
98179,1
98180,1
98181,1
98182,0
98183,1
98184,1
98185,0
98186,0
98187,1
98188,1
98189,1
98190,1
98191,0
98192,1
98193,0
98194,1
98195,0
98196,0
98197,1
98198,0
98199,1
98200,0
98201,0
98202,1
98203,1
98204,1
98205,0
98206,1
98207,1
98209,0
98210,0
98211,1
98212,0
98213,1
98214,1
98215,1
98216,0
98217,0
98218,1
98219,1
98220,1
98221,1
98223,0
98224,0
98225,1
98226,0
98227,0
98229,0
98230,1
98231,0
98232,0
98233,0
98234,1
98235,0
98236,0
98237,0
98238,0
98239,1
98240,0
98241,1
98242,0
98244,0
98245,1
98246,0
98247,0
98248,0
98249,0
98251,0
98252,1
98253,0
98254,1
98255,0
98256,1
98257,1
98258,0
98259,1
98260,0
98261,1
98262,1
98263,0
98264,1
98265,0
98266,0
98267,1
98268,0
98269,0
98270,0
98271,0
98272,0
98273,0
98274,1
98275,0
98276,1
98277,0
98278,1
98279,0
98280,0
98281,1
98282,1
98283,0
98284,0
98285,1
98286,1
98287,0
98288,1
98289,0
98290,0
98291,0
98292,0
98293,0
98294,0
98295,0
98296,1
98298,1
98299,0
98300,0
98301,0
98302,1
98303,0
98304,1
98305,0
98306,0
98308,1
98309,1
98310,0
98311,0
98312,0
98313,0
98314,0
98315,1
98316,0
98317,0
98318,0
98319,0
98320,1
98321,1
98322,0
98323,0
98324,1
98325,1
98326,1
98327,1
98328,0
98329,1
98330,1
98331,0
98332,1
98333,1
98334,0
98335,0
98337,1
98338,1
98339,0
98340,1
98341,0
98342,1
98343,1
98344,1
98345,0
98346,1
98347,1
98348,0
98349,0
98350,0
98351,1
98352,0
98353,0
98354,1
98355,1
98356,0
98357,0
98358,1
98359,0
98360,1
98361,1
98362,1
98363,0
98364,1
98365,0
98366,0
98367,1
98368,1
98369,0
98370,0
98371,1
98373,1
98374,0
98375,1
98376,0
98377,0
98378,0
98379,1
98380,0
98381,1
98382,1
98383,0
98384,0
98385,0
98386,0
98387,0
98388,0
98389,0
98390,0
98391,0
98392,0
98393,1
98394,0
98395,1
98396,0
98397,0
98398,0
98399,0
98400,0
98401,0
98402,0
98403,0
98404,0
98405,1
98406,0
98408,1
98409,1
98410,1
98412,0
98413,1
98414,1
98415,1
98416,0
98418,0
98419,1
98420,1
98425,0
98426,1
98427,0
98428,1
98429,1
98430,0
98431,1
98432,0
98433,0
98434,0
98435,0
98436,0
98437,1
98438,0
98439,1
98440,0
98441,1
98442,0
98443,0
98444,1
98445,0
98446,0
98447,1
98448,0
98449,0
98450,0
98451,1
98452,0
98453,0
98454,1
98455,1
98456,0
98458,1
98459,0
98460,0
98461,0
98462,1
98463,0
98464,1
98465,1
98466,1
98467,0
98468,0
98469,0
98470,0
98471,0
98473,0
98474,0
98475,0
98476,0
98477,0
98478,0
98479,1
98480,1
98481,1
98482,0
98483,1
98484,0
98486,1
98487,0
98488,1
98489,0
98490,0
98492,1
98493,1
98495,0
98496,1
98497,1
98498,1
98499,0
98501,1
98502,1
98503,1
98505,0
98506,0
98507,0
98508,0
98509,0
98510,1
98511,0
98512,1
98513,1
98514,1
98515,1
98516,1
98517,0
98518,1
98519,1
98520,1
98521,1
98522,0
98523,0
98524,0
98525,1
98526,0
98527,1
98528,0
98529,1
98530,0
98531,1
98532,1
98533,0
98534,1
98535,0
98536,1
98537,0
98538,1
98539,1
98541,1
98542,1
98543,1
98544,0
98545,0
98546,0
98547,1
98548,0
98549,0
98550,0
98551,1
98552,1
98553,1
98554,1
98555,0
98556,1
98557,0
98558,1
98559,1
98560,0
98561,0
98562,1
98563,0
98564,0
98565,0
98566,0
98567,1
98568,0
98569,0
98570,0
98571,1
98572,0
98573,1
98574,1
98575,0
98576,0
98577,0
98578,1
98579,0
98580,0
98581,1
98585,0
98586,0
98587,1
98588,0
98589,0
98590,0
98591,0
98592,0
98593,0
98594,0
98595,1
98596,1
98597,0
98598,0
98599,1
98600,1
98601,1
98603,0
98604,1
98605,1
98606,0
98607,1
98608,1
98609,1
98610,1
98611,1
98612,1
98613,1
98614,1
98615,1
98616,1
98617,1
98618,1
98619,1
98620,1
98623,1
98624,1
98625,1
98626,0
98627,1
98628,1
98629,0
98630,1
98631,1
98632,1
98633,0
98634,1
98635,1
98636,1
98637,1
98638,1
98639,0
98640,1
98641,1
98642,0
98643,1
98644,0
98646,1
98647,0
98648,0
98650,1
98651,1
98652,1
98653,1
98654,1
98655,0
98656,0
98657,0
98658,1
98659,0
98660,0
98661,0
98662,1
98663,1
98664,0
98665,0
98666,1
98668,1
98669,1
98670,1
98671,0
98672,0
98673,1
98674,0
98675,0
98676,0
98677,0
98678,1
98679,0
98680,0
98681,0
98682,1
98685,0
98686,1
98687,0
98688,0
98689,0
98690,0
98691,0
98692,0
98693,0
98694,1
98695,0
98696,1
98698,0
98699,0
98700,1
98701,0
98702,0
98703,1
98704,0
98705,1
98706,0
98707,0
98708,0
98709,0
98710,0
98711,1
98712,1
98713,1
98714,1
98715,1
98716,1
98717,1
98718,1
98719,0
98720,1
98721,1
98722,1
98723,0
98724,1
98725,1
98726,1
98727,0
98728,1
98729,0
98730,0
98731,1
98732,0
98733,0
98734,0
98735,0
98736,0
98737,0
98738,0
98739,0
98740,0
98741,0
98742,0
98743,0
98744,1
98745,0
98746,1
98747,1
98748,0
98749,0
98750,0
98751,0
98752,1
98753,1
98754,1
98755,1
98756,0
98757,0
98758,0
98759,0
98760,0
98761,1
98762,1
98763,0
98764,1
98765,1
98766,1
98767,1
98768,1
98769,0
98770,0
98771,0
98772,0
98773,1
98774,0
98775,0
98776,1
98777,0
98778,0
98781,0
98782,0
98783,1
98784,1
98785,1
98786,0
98787,1
98788,0
98789,1
98790,0
98791,0
98792,0
98793,0
98795,1
98796,0
98797,0
98798,0
98799,0
98801,0
98802,0
98804,0
98806,0
98807,0
98808,1
98809,0
98810,0
98811,0
98812,1
98813,1
98814,0
98815,0
98816,0
98817,0
98818,1
98819,1
98820,1
98821,0
98822,0
98823,0
98824,0
98825,0
98826,0
98827,1
98828,1
98829,1
98830,1
98831,1
98832,1
98833,1
98834,1
98835,0
98836,0
98837,0
98838,0
98839,0
98840,1
98841,0
98842,0
98843,0
98844,0
98845,0
98846,0
98847,0
98848,0
98849,0
98850,1
98851,0
98852,0
98853,0
98854,0
98855,0
98856,0
98857,0
98858,1
98859,0
98860,0
98861,1
98862,0
98863,0
98864,0
98865,1
98866,0
98867,0
98868,0
98869,0
98870,0
98871,0
98872,0
98873,0
98874,1
98875,1
98876,0
98877,0
98878,0
98879,0
98880,1
98881,0
98882,0
98883,0
98884,1
98885,1
98886,1
98887,0
98888,1
98889,0
98890,1
98891,0
98892,0
98893,1
98894,1
98895,1
98896,0
98897,0
98898,0
98899,1
98900,0
98901,0
98902,0
98903,0
98904,0
98905,1
98906,0
98907,1
98908,1
98909,1
98910,0
98911,0
98912,0
98913,1
98914,0
98915,1
98916,1
98917,0
98918,1
98919,1
98920,1
98921,1
98922,0
98923,1
98924,1
98925,0
98926,0
98927,1
98928,0
98930,1
98931,0
98932,0
98933,0
98934,0
98935,0
98936,1
98937,0
98938,1
98939,1
98940,1
98941,0
98942,1
98943,1
98944,0
98946,0
98947,0
98948,0
98949,0
98950,0
98951,1
98952,1
98953,1
98954,1
98955,1
98956,1
98957,1
98958,0
98959,1
98960,0
98961,1
98962,0
98963,1
98964,0
98965,0
98966,0
98967,0
98968,0
98969,0
98970,1
98971,0
98972,0
98973,0
98974,1
98976,1
98977,1
98978,0
98979,1
98980,0
98981,1
98982,1
98983,1
98984,0
98985,0
98986,0
98987,0
98988,0
98989,0
98990,0
98991,0
98992,0
98993,0
98994,1
98995,0
98996,0
98997,1
98998,0
98999,0
99000,0
99001,0
99002,1
99003,0
99004,0
99005,0
99006,1
99007,0
99008,0
99009,1
99010,1
99011,1
99012,1
99013,0
99014,0
99015,1
99016,1
99017,1
99018,0
99019,1
99020,0
99021,0
99022,1
99024,0
99025,0
99026,1
99027,1
99028,0
99029,0
99030,0
99031,1
99032,0
99033,1
99034,1
99035,0
99036,1
99037,0
99038,0
99039,0
99040,0
99041,0
99042,1
99043,0
99044,0
99045,1
99046,1
99047,0
99048,0
99049,1
99050,0
99051,1
99052,1
99053,1
99054,0
99055,0
99056,0
99057,0
99058,1
99059,1
99060,0
99061,1
99062,0
99063,1
99064,1
99065,0
99066,0
99067,0
99068,0
99069,0
99070,0
99071,0
99073,0
99074,1
99076,1
99078,1
99079,1
99082,1
99083,0
99084,1
99085,0
99086,1
99087,0
99089,1
99090,1
99091,0
99092,1
99093,1
99094,0
99095,1
99096,1
99097,0
99098,1
99099,1
99100,1
99101,1
99102,1
99103,1
99104,1
99105,1
99106,1
99107,1
99108,1
99109,1
99110,1
99111,0
99112,1
99113,0
99115,1
99116,0
99117,0
99118,1
99119,0
99120,0
99121,1
99122,1
99123,0
99124,0
99125,0
99126,1
99127,0
99129,0
99130,1
99132,1
99133,0
99134,1
99136,1
99137,1
99138,1
99142,1
99144,1
99145,1
99146,1
99148,1
99149,0
99150,0
99151,0
99152,1
99153,0
99154,0
99155,0
99156,1
99157,0
99158,1
99159,1
99160,0
99161,1
99162,1
99163,1
99164,0
99165,1
99166,1
99167,0
99168,1
99169,1
99170,0
99171,1
99172,1
99173,0
99174,0
99175,0
99176,1
99177,1
99178,1
99179,1
99180,0
99181,1
99182,1
99183,0
99184,0
99185,1
99186,1
99187,0
99188,0
99189,0
99190,0
99191,0
99192,0
99193,0
99194,0
99195,0
99196,0
99197,0
99199,1
99200,0
99201,1
99202,0
99203,1
99204,1
99205,0
99206,1
99207,0
99208,0
99209,1
99210,1
99211,1
99212,1
99213,0
99214,0
99215,0
99216,0
99217,0
99218,0
99219,1
99220,0
99221,0
99222,1
99223,1
99224,0
99225,0
99226,0
99227,0
99228,1
99229,0
99230,0
99231,0
99232,1
99233,0
99234,0
99235,0
99236,0
99237,0
99239,1
99240,1
99242,1
99243,0
99244,1
99245,1
99246,0
99247,1
99248,1
99249,0
99250,0
99251,0
99252,0
99253,0
99254,0
99255,0
99256,0
99257,0
99258,0
99259,1
99261,1
99262,1
99263,1
99264,1
99265,0
99266,1
99267,0
99268,1
99269,0
99270,1
99272,0
99273,0
99274,0
99275,0
99276,0
99277,0
99278,0
99279,1
99280,0
99281,0
99282,0
99283,0
99284,1
99285,0
99286,0
99288,0
99289,0
99290,0
99291,1
99292,1
99293,1
99294,0
99295,1
99296,0
99297,0
99298,0
99299,0
99300,1
99301,0
99302,0
99303,0
99304,0
99305,0
99306,0
99309,1
99310,0
99311,0
99312,1
99313,1
99314,1
99315,1
99316,1
99317,1
99318,1
99319,0
99320,1
99321,0
99322,0
99323,1
99324,0
99325,0
99326,1
99327,0
99328,1
99329,0
99330,0
99331,0
99332,0
99333,0
99334,0
99335,1
99336,1
99337,0
99338,0
99339,1
99340,0
99341,1
99342,1
99343,0
99344,1
99345,0
99346,0
99347,0
99348,0
99349,0
99350,1
99351,1
99352,0
99353,0
99354,0
99355,1
99356,1
99357,0
99358,0
99359,1
99360,1
99361,1
99362,0
99363,1
99364,1
99365,1
99366,0
99367,0
99368,0
99369,1
99370,0
99371,0
99373,0
99374,0
99375,1
99376,1
99377,1
99378,0
99379,1
99380,0
99381,0
99382,0
99383,1
99384,1
99385,1
99386,1
99387,1
99388,0
99389,1
99390,0
99391,1
99392,0
99393,0
99394,0
99395,0
99396,0
99397,1
99398,0
99399,1
99400,1
99401,1
99402,0
99403,0
99404,0
99405,0
99406,1
99407,1
99408,0
99409,0
99410,1
99411,0
99412,0
99413,1
99414,0
99415,0
99416,0
99417,0
99418,1
99419,1
99420,0
99421,0
99423,0
99425,0
99426,0
99427,0
99428,0
99429,0
99430,0
99431,0
99432,0
99433,1
99434,0
99435,0
99436,0
99437,0
99438,0
99439,0
99441,1
99442,0
99443,0
99444,0
99445,1
99446,0
99447,0
99448,0
99449,0
99450,0
99451,0
99452,0
99453,0
99454,1
99455,1
99456,0
99457,0
99458,0
99459,1
99461,0
99462,1
99463,1
99464,0
99465,1
99466,1
99467,1
99468,1
99469,0
99470,0
99471,0
99472,0
99473,1
99474,0
99475,1
99477,0
99478,0
99479,1
99480,1
99481,1
99482,0
99483,0
99484,0
99486,0
99488,0
99489,0
99490,1
99491,0
99493,1
99494,0
99495,1
99496,1
99497,0
99498,1
99500,1
99501,0
99502,0
99503,0
99505,0
99506,0
99507,0
99508,1
99509,0
99510,0
99511,1
99512,0
99513,1
99514,1
99515,1
99516,0
99517,1
99518,1
99519,1
99520,1
99521,0
99522,0
99523,0
99524,1
99525,1
99526,0
99527,0
99528,0
99529,1
99530,0
99531,0
99532,0
99533,0
99535,0
99536,1
99538,1
99539,0
99540,0
99542,0
99543,0
99544,0
99545,1
99546,1
99547,1
99548,1
99549,0
99550,0
99551,0
99553,0
99555,1
99557,0
99558,0
99559,0
99560,1
99561,0
99562,0
99564,0
99565,0
99566,0
99567,1
99569,1
99570,1
99571,1
99572,1
99574,1
99575,1
99576,0
99577,0
99580,1
99581,1
99583,1
99584,1
99585,0
99586,1
99587,1
99588,0
99589,0
99590,1
99591,1
99592,1
99593,1
99594,1
99595,1
99596,0
99597,1
99598,1
99599,1
99600,1
99601,1
99602,1
99605,0
99606,1
99607,1
99611,1
99612,1
99613,1
99614,1
99615,1
99616,1
99617,1
99618,1
99619,0
99620,0
99621,0
99622,0
99623,0
99624,1
99625,1
99627,0
99628,0
99629,0
99630,1
99631,0
99632,1
99633,1
99634,0
99635,0
99636,0
99637,0
99638,0
99639,0
99640,0
99641,1
99642,0
99643,0
99644,1
99645,1
99646,0
99647,0
99648,1
99649,1
99650,0
99651,0
99652,1
99653,0
99654,0
99655,0
99656,1
99657,1
99658,0
99659,0
99660,1
99661,0
99662,0
99663,1
99664,0
99665,1
99666,0
99667,0
99668,1
99669,1
99670,0
99671,0
99672,1
99673,1
99674,1
99675,1
99676,1
99677,0
99679,1
99680,0
99682,0
99683,0
99684,0
99685,0
99686,1
99687,1
99688,1
99689,0
99690,0
99691,0
99692,0
99693,1
99694,0
99695,1
99696,0
99697,0
99698,0
99699,0
99703,0
99704,0
99705,0
99706,1
99707,0
99708,0
99709,1
99710,1
99711,1
99712,0
99713,1
99714,1
99715,1
99717,0
99718,0
99719,0
99720,0
99721,1
99722,0
99723,0
99724,0
99725,0
99726,0
99727,0
99728,0
99729,0
99730,0
99731,0
99732,0
99733,1
99734,0
99735,1
99736,0
99737,1
99738,1
99739,0
99740,0
99741,0
99742,0
99743,0
99745,0
99746,0
99747,0
99748,0
99749,0
99750,0
99751,1
99752,0
99753,0
99754,1
99755,0
99756,1
99757,0
99758,1
99759,0
99762,1
99763,1
99764,1
99765,0
99766,0
99767,0
99769,1
99770,0
99771,0
99772,0
99773,0
99774,0
99775,1
99776,1
99777,0
99778,0
99779,0
99780,0
99781,0
99782,0
99783,0
99784,0
99785,0
99786,0
99787,0
99788,1
99789,0
99790,1
99791,0
99792,0
99793,0
99794,1
99795,0
99796,1
99797,1
99798,0
99799,1
99800,0
99801,1
99802,0
99803,0
99804,0
99805,0
99806,0
99807,0
99808,0
99809,1
99810,0
99811,0
99812,1
99813,1
99814,1
99815,0
99816,0
99817,1
99818,0
99819,0
99820,1
99821,1
99822,1
99823,0
99824,0
99825,0
99826,1
99827,0
99828,0
99829,0
99830,1
99831,1
99832,0
99833,0
99834,0
99836,0
99837,0
99838,1
99839,1
99840,1
99841,1
99842,0
99843,0
99844,1
99845,0
99846,1
99847,0
99848,0
99849,0
99850,0
99851,1
99852,1
99853,0
99854,1
99855,0
99856,0
99857,1
99858,1
99859,1
99860,1
99861,1
99862,1
99863,0
99864,1
99865,0
99866,0
99867,0
99868,0
99869,0
99870,1
99871,0
99872,0
99873,0
99874,1
99875,0
99877,1
99878,1
99880,0
99881,0
99882,0
99883,0
99884,0
99885,1
99886,0
99887,1
99888,0
99889,0
99890,0
99891,1
99892,0
99893,0
99894,0
99895,0
99896,1
99897,1
99898,0
99899,0
99900,0
99901,1
99902,0
99903,0
99904,1
99905,0
99906,1
99907,1
99908,1
99909,0
99910,0
99911,1
99913,1
99914,1
99916,1
99917,0
99918,0
99919,0
99920,0
99921,0
99922,1
99923,0
99924,0
99925,0
99926,1
99927,0
99928,0
99929,1
99930,1
99931,0
99932,1
99933,0
99934,1
99935,0
99936,0
99937,0
99938,0
99939,1
99940,1
99941,1
99942,0
99943,0
99944,0
99945,0
99946,0
99947,0
99948,0
99949,0
99950,0
99951,0
99952,1
99953,0
99954,0
99955,0
99956,0
99957,1
99958,0
99959,0
99960,1
99961,0
99962,0
99964,0
99965,1
99966,0
99967,0
99968,0
99969,0
99970,1
99971,1
99972,1
99973,0
99974,1
99975,1
99976,0
99977,0
99978,1
99979,0
99980,0
99981,0
99982,1
99983,0
99984,0
99985,0
99986,0
99988,1
99989,0
99990,0
99991,1
99992,0
99993,1
99994,0
99995,1
99996,0
99997,1
99998,0
99999,0
100000,0
100001,0
100002,1
100003,0
100004,1
100005,1
100006,0
100007,1
100008,0
100009,0
100010,1
100011,0
100012,0
100013,1
100014,0
100015,1
100016,0
100017,0
100018,0
100019,0
100020,0
100021,0
100023,0
100024,0
100025,1
100027,0
100032,1
100034,1
100035,0
100036,0
100037,1
100038,0
100039,0
100040,0
100042,0
100043,1
100044,0
100045,1
100046,0
100047,0
100048,1
100049,1
100050,0
100051,1
100052,0
100053,1
100054,0
100055,0
100056,0
100057,0
100058,0
100059,0
100060,0
100061,0
100062,0
100064,1
100065,0
100066,0
100067,0
100068,1
100069,0
100070,0
100071,1
100072,1
100073,1
100074,1
100075,1
100076,1
100077,0
100078,1
100079,1
100080,1
100081,0
100082,0
100083,1
100084,1
100085,0
100086,0
100087,1
100088,0
100089,0
100090,0
100091,0
100092,0
100093,1
100094,1
100095,1
100096,0
100097,0
100098,0
100099,0
100100,0
100101,0
100102,0
100103,1
100104,0
100105,0
100106,0
100107,0
100109,0
100110,0
100111,0
100112,0
100113,0
100114,1
100115,1
100116,0
100117,1
100118,0
100119,0
100121,0
100122,1
100123,0
100124,0
100125,0
100126,0
100127,1
100128,0
100129,0
100131,1
100132,0
100133,0
100134,0
100136,0
100137,0
100138,1
100140,1
100141,1
100142,0
100143,1
100144,0
100145,0
100146,0
100147,1
100148,0
100149,0
100150,0
100151,0
100152,0
100153,0
100154,1
100155,1
100156,0
100158,0
100159,0
100160,0
100161,0
100162,1
100163,0
100164,0
100165,0
100167,0
100169,1
100170,0
100172,1
100173,0
100175,1
100176,0
100177,0
100178,0
100179,0
100180,1
100181,0
100182,1
100183,0
100185,1
100186,0
100187,1
100188,0
100189,0
100190,0
100191,0
100192,0
100193,1
100194,0
100195,1
100196,1
100197,1
100198,1
100199,1
100200,1
100201,1
100202,1
100203,0
100204,1
100205,1
100206,0
100207,0
100208,0
100209,1
100210,0
100211,0
100212,0
100213,1
100214,0
100215,0
100216,0
100217,0
100218,0
100219,1
100220,0
100221,1
100222,0
100223,0
100224,0
100225,0
100226,0
100227,0
100228,0
100229,0
100230,0
100231,0
100232,0
100233,0
100234,0
100236,0
100237,0
100238,1
100240,0
100241,0
100242,1
100243,1
100244,0
100245,0
100246,0
100247,1
100248,0
100249,0
100250,1
100251,0
100252,1
100253,0
100254,0
100255,0
100256,0
100257,0
100258,0
100259,0
100260,0
100261,0
100262,0
100263,0
100264,0
100265,0
100266,0
100267,0
100268,0
100269,0
100270,0
100271,0
100272,0
100273,0
100274,1
100275,0
100276,0
100277,0
100278,0
100279,0
100280,0
100281,0
100282,0
100283,0
100284,0
100285,0
100286,0
100287,0
100288,0
100289,0
100290,0
100291,0
100292,0
100293,0
100294,0
100295,0
100296,0
100297,0
100298,1
100299,1
100300,0
100302,0
100303,0
100304,0
100305,0
100306,0
100307,0
100308,0
100309,0
100310,1
100311,0
100312,0
100313,0
100314,0
100315,1
100316,1
100318,1
100319,0
100320,1
100321,0
100322,0
100323,0
100324,0
100325,1
100326,1
100327,0
100328,0
100329,0
100330,1
100331,1
100332,1
100333,0
100334,1
100335,0
100336,1
100337,1
100338,0
100339,0
100340,0
100341,0
100342,0
100343,0
100344,0
100345,1
100346,0
100347,0
100348,0
100349,0
100350,0
100351,0
100353,0
100354,1
100355,0
100356,0
100357,0
100359,0
100360,0
100361,0
100362,1
100363,0
100364,0
100365,0
100366,0
100367,1
100368,0
100369,0
100370,0
100371,0
100372,0
100373,0
100374,0
100375,1
100376,0
100377,0
100378,1
100379,1
100380,0
100381,1
100382,0
100383,0
100384,1
100385,0
100386,0
100387,1
100388,0
100390,0
100391,0
100392,0
100393,0
100394,0
100395,0
100396,0
100397,1
100398,1
100399,0
100400,0
100401,0
100402,0
100403,0
100404,0
100405,0
100406,1
100407,0
100408,0
100409,1
100410,0
100411,0
100412,0
100413,0
100415,0
100416,0
100417,1
100418,0
100419,1
100420,1
100421,0
100422,0
100423,0
100424,0
100425,0
100426,0
100427,0
100428,0
100429,0
100430,0
100432,0
100433,0
100434,0
100435,0
100436,1
100437,0
100438,0
100439,1
100440,0
100441,1
100442,1
100443,1
100444,0
100445,0
100446,0
100447,0
100448,0
100449,0
100450,1
100451,1
100452,1
100453,0
100454,1
100455,1
100456,0
100457,1
100458,1
100459,0
100460,0
100461,1
100462,1
100463,1
100464,0
100465,1
100466,0
100467,0
100468,0
100469,0
100470,1
100471,1
100472,1
100473,1
100474,1
100476,1
100477,1
100478,0
100479,0
100480,1
100481,0
100482,0
100483,0
100485,0
100486,0
100488,1
100489,0
100490,1
100492,1
100494,1
100495,0
100496,1
100497,0
100498,0
100499,0
100500,1
100501,1
100502,1
100503,1
100504,0
100505,1
100506,1
100507,0
100508,0
100509,0
100510,1
100511,0
100512,0
100513,0
100514,0
100515,1
100516,1
100517,1
100518,1
100519,0
100520,0
100521,0
100522,0
100523,0
100524,0
100525,0
100526,0
100527,0
100528,0
100529,1
100530,1
100531,0
100532,0
100533,0
100534,1
100535,0
100536,0
100538,0
100539,0
100540,0
100541,0
100542,1
100543,0
100544,0
100545,0
100546,0
100547,0
100548,0
100549,1
100550,0
100551,0
100552,0
100553,0
100554,0
100555,1
100556,0
100557,0
100558,0
100559,0
100560,0
100561,0
100562,0
100563,1
100564,1
100565,0
100566,0
100567,0
100568,0
100569,1
100570,0
100571,0
100572,0
100573,0
100574,1
100575,1
100576,1
100577,0
100578,0
100579,1
100582,0
100583,1
100584,0
100585,1
100586,1
100588,0
100589,0
100590,1
100591,0
100592,0
100593,1
100594,1
100595,0
100597,0
100598,0
100599,0
100600,1
100601,0
100602,0
100603,1
100604,0
100605,0
100606,0
100607,0
100608,0
100609,0
100610,0
100611,0
100612,0
100613,0
100614,0
100615,1
100616,1
100617,0
100619,1
100620,0
100622,0
100623,0
100624,0
100625,0
100626,1
100627,0
100628,0
100629,1
100630,1
100631,1
100632,1
100633,0
100634,0
100635,0
100636,1
100637,1
100639,0
100640,0
100641,0
100642,0
100643,0
100644,0
100645,0
100646,0
100647,0
100648,0
100649,0
100650,0
100651,0
100652,0
100653,0
100654,0
100655,0
100656,0
100657,0
100658,0
100659,0
100660,0
100661,0
100662,0
100663,1
100664,0
100665,1
100666,0
100668,1
100669,0
100671,0
100672,0
100674,1
100675,1
100676,0
100677,0
100678,1
100679,0
100680,0
100681,1
100682,0
100683,1
100684,1
100685,1
100686,1
100687,0
100688,0
100689,0
100690,1
100691,1
100693,0
100694,0
100695,0
100696,0
100697,0
100698,0
100699,1
100700,1
100701,1
100702,1
100703,0
100704,0
100705,1
100706,0
100707,0
100708,0
100709,0
100710,1
100711,1
100712,0
100713,0
100714,0
100715,0
100716,0
100717,0
100718,0
100719,0
100720,0
100721,0
100722,1
100723,1
100724,0
100725,0
100726,1
100727,1
100728,0
100729,0
100730,0
100731,1
100732,1
100733,1
100734,0
100735,1
100736,0
100737,0
100738,0
100739,1
100740,1
100741,1
100742,1
100744,1
100745,1
100746,1
100747,1
100749,1
100750,0
100751,1
100752,0
100753,0
100754,0
100755,1
100756,0
100757,1
100758,1
100759,1
100760,0
100761,0
100762,0
100763,0
100764,0
100765,1
100766,0
100767,0
100768,0
100769,0
100770,0
100772,0
100773,0
100774,0
100775,1
100776,0
100777,0
100778,1
100779,1
100780,1
100781,1
100782,1
100783,0
100784,0
100785,0
100786,0
100787,0
100788,1
100789,0
100791,0
100792,0
100793,1
100794,1
100795,0
100796,1
100797,1
100798,0
100799,0
100800,1
100801,0
100802,0
100803,0
100804,1
100805,0
100806,0
100807,0
100808,0
100809,1
100810,0
100811,0
100812,0
100813,0
100814,0
100815,0
100816,0
100817,0
100818,1
100819,0
100820,1
100821,1
100822,1
100823,1
100824,0
100825,0
100826,0
100827,1
100828,0
100829,1
100830,0
100831,1
100832,1
100833,0
100834,1
100835,0
100836,0
100837,1
100838,1
100839,0
100840,1
100841,1
100842,0
100843,0
100844,0
100845,0
100847,0
100848,0
100849,0
100850,0
100851,0
100852,0
100853,0
100854,0
100855,0
100856,0
100857,0
100858,0
100859,0
100860,0
100861,0
100862,0
100863,0
100864,0
100865,0
100866,0
100867,1
100868,0
100869,0
100870,0
100871,0
100872,0
100873,0
100874,1
100875,0
100876,0
100877,0
100878,0
100879,0
100880,0
100881,1
100882,1
100883,0
100884,0
100885,1
100886,1
100887,0
100888,0
100889,0
100890,1
100891,1
100892,1
100893,1
100894,0
100895,0
100896,0
100897,1
100898,1
100899,0
100900,1
100901,1
100902,1
100903,1
100904,1
100905,1
100906,0
100907,0
100908,1
100909,0
100910,0
100911,1
100912,1
100913,0
100914,0
100915,0
100917,0
100918,1
100919,0
100920,0
100921,0
100922,1
100923,1
100924,0
100925,1
100926,1
100927,1
100928,1
100929,1
100930,1
100931,0
100932,0
100933,0
100934,0
100935,1
100936,0
100937,0
100938,0
100939,0
100940,0
100941,1
100942,0
100943,1
100944,1
100945,0
100946,1
100947,0
100948,1
100949,0
100950,0
100951,0
100952,1
100953,0
100954,0
100955,1
100956,1
100957,0
100958,0
100959,0
100960,0
100961,0
100962,1
100963,1
100964,1
100965,1
100966,0
100967,1
100968,1
100969,0
100970,0
100971,0
100972,0
100973,0
100974,0
100975,1
100976,1
100977,1
100978,0
100979,0
100980,1
100981,0
100982,0
100983,1
100984,0
100985,1
100986,0
100987,0
100988,0
100989,0
100990,0
100991,0
100992,0
100993,0
100994,0
100995,0
100996,0
100997,1
100998,0
100999,0
101000,0
101001,0
101002,0
101003,0
101004,0
101005,0
101006,0
101007,0
101008,0
101009,1
101010,1
101011,0
101013,0
101014,0
101015,0
101016,0
101017,0
101018,0
101019,0
101020,1
101021,1
101022,0
101023,0
101024,0
101025,1
101026,0
101027,0
101028,0
101031,0
101032,1
101033,0
101034,0
101035,1
101036,0
101037,1
101038,1
101039,1
101040,1
101041,1
101042,1
101043,1
101044,0
101045,0
101046,1
101047,0
101048,0
101049,1
101050,1
101051,1
101052,0
101053,0
101054,1
101055,0
101056,0
101057,1
101058,0
101059,1
101060,1
101061,1
101062,0
101063,1
101064,1
101066,0
101067,0
101068,0
101069,1
101070,1
101071,1
101072,1
101073,1
101074,1
101075,1
101076,1
101077,1
101078,0
101079,0
101080,1
101082,1
101083,0
101084,0
101085,1
101086,0
101087,0
101088,1
101091,0
101092,0
101093,1
101095,1
101096,0
101097,0
101099,1
101100,1
101101,1
101102,1
101103,1
101104,1
101105,0
101107,1
101108,1
101109,1
101110,1
101111,1
101115,1
101116,1
101117,1
101118,1
101119,1
101120,1
101121,1
101122,1
101123,1
101124,1
101125,1
101126,1
101127,1
101128,0
101129,1
101130,1
101131,1
101132,1
101133,0
101134,1
101135,0
101136,1
101137,1
101138,0
101139,1
101140,0
101141,1
101142,1
101144,0
101145,0
101146,0
101147,0
101148,1
101149,0
101150,0
101151,1
101152,0
101153,1
101154,0
101155,1
101156,1
101157,0
101158,1
101159,0
101160,1
101161,1
101162,1
101163,1
101164,0
101165,1
101166,0
101167,1
101168,0
101169,0
101170,1
101171,0
101172,0
101173,0
101174,1
101175,1
101176,1
101177,1
101178,1
101179,1
101180,0
101181,1
101182,0
101183,0
101184,0
101185,0
101186,0
101187,1
101188,0
101189,0
101190,1
101191,0
101192,0
101193,0
101194,0
101195,1
101196,1
101197,0
101198,0
101199,0
101200,1
101201,1
101202,1
101203,0
101204,0
101205,0
101206,0
101207,0
101208,0
101209,0
101210,1
101211,0
101212,0
101213,0
101214,0
101215,0
101216,0
101217,0
101218,0
101219,1
101220,0
101221,0
101222,1
101223,1
101224,0
101225,0
101226,1
101227,1
101228,1
101229,0
101230,1
101231,0
101232,0
101233,0
101234,1
101235,0
101236,1
101237,1
101238,0
101239,1
101240,1
101241,1
101242,0
101243,1
101244,1
101245,0
101246,0
101247,0
101248,1
101249,0
101250,0
101251,0
101252,0
101253,0
101254,1
101255,0
101256,1
101257,1
101258,0
101259,0
101260,0
101261,0
101262,0
101263,0
101264,0
101266,0
101267,1
101268,1
101269,0
101270,0
101271,0
101272,1
101273,0
101274,1
101275,1
101276,0
101277,0
101278,1
101279,1
101280,0
101281,0
101282,0
101283,0
101284,0
101285,0
101286,1
101287,1
101288,0
101289,0
101290,1
101291,1
101292,1
101293,1
101294,0
101296,1
101297,1
101298,1
101299,0
101301,0
101302,0
101303,0
101304,0
101305,0
101306,0
101307,0
101308,1
101309,1
101310,1
101311,0
101312,0
101313,0
101314,1
101315,0
101316,0
101317,1
101318,1
101319,1
101320,1
101321,0
101322,1
101323,1
101324,1
101325,1
101326,0
101327,0
101328,0
101329,0
101330,0
101331,1
101332,1
101333,1
101334,0
101335,0
101336,0
101337,0
101338,1
101339,0
101340,1
101341,1
101342,0
101343,0
101344,0
101345,1
101346,0
101347,0
101348,0
101349,0
101350,0
101351,0
101352,0
101353,0
101354,0
101355,1
101356,0
101357,0
101359,0
101360,0
101361,0
101362,0
101363,0
101364,0
101365,0
101366,1
101367,0
101368,0
101369,0
101370,0
101371,1
101372,1
101373,1
101374,0
101375,0
101376,0
101377,0
101378,0
101379,1
101380,0
101381,1
101382,0
101383,0
101384,0
101385,0
101386,0
101387,0
101388,1
101389,0
101390,0
101391,0
101392,0
101393,0
101394,0
101395,1
101396,0
101397,0
101398,1
101399,0
101400,1
101401,0
101402,0
101403,1
101404,0
101405,0
101406,0
101407,0
101408,0
101409,1
101410,0
101411,0
101412,0
101413,1
101414,0
101415,1
101416,0
101417,0
101418,0
101419,1
101420,0
101421,0
101422,0
101423,0
101424,0
101425,0
101426,0
101427,0
101428,0
101429,0
101430,0
101431,0
101432,1
101433,0
101434,0
101435,0
101436,0
101437,1
101438,1
101439,0
101440,0
101441,0
101442,1
101443,0
101445,1
101446,0
101448,0
101451,0
101453,1
101454,0
101455,0
101456,0
101457,0
101458,0
101459,0
101460,0
101461,1
101462,1
101463,0
101464,0
101465,0
101466,1
101467,1
101468,0
101470,0
101471,1
101472,0
101473,0
101474,0
101475,0
101476,1
101477,0
101478,0
101479,0
101480,1
101481,0
101482,0
101483,0
101484,0
101486,0
101487,1
101488,0
101489,0
101490,1
101491,0
101492,0
101494,1
101495,1
101496,1
101497,1
101498,0
101499,0
101500,1
101501,1
101502,0
101503,1
101504,1
101505,0
101506,0
101507,0
101508,0
101509,0
101510,1
101511,1
101512,0
101513,0
101514,0
101515,0
101516,0
101517,1
101519,0
101520,0
101521,0
101522,0
101523,0
101524,0
101525,0
101526,1
101527,1
101528,1
101529,0
101530,1
101532,1
101533,1
101535,1
101536,1
101537,1
101538,1
101539,1
101540,1
101541,1
101542,1
101543,1
101544,0
101545,1
101546,1
101547,1
101548,1
101549,0
101550,0
101551,1
101552,1
101553,0
101554,0
101555,0
101556,0
101557,1
101558,0
101559,1
101560,1
101561,0
101562,1
101563,1
101564,0
101565,0
101566,0
101567,0
101568,0
101569,1
101570,0
101571,0
101572,0
101573,1
101574,0
101575,0
101576,0
101577,0
101578,1
101579,0
101580,0
101581,0
101582,0
101583,1
101585,1
101586,1
101587,1
101588,0
101589,0
101590,0
101591,0
101592,0
101593,0
101594,0
101595,0
101596,0
101597,0
101598,1
101599,0
101600,0
101601,1
101602,0
101603,0
101604,0
101605,1
101606,0
101607,1
101608,1
101609,0
101610,0
101611,0
101612,0
101613,0
101614,0
101615,0
101616,0
101617,1
101618,0
101619,1
101620,0
101621,1
101622,0
101623,1
101624,0
101625,0
101626,1
101627,1
101628,0
101629,0
101630,1
101631,0
101632,0
101633,0
101634,0
101635,0
101636,0
101637,1
101638,0
101639,1
101640,1
101641,0
101642,0
101643,0
101644,0
101645,0
101646,0
101647,0
101648,0
101649,0
101650,0
101651,0
101653,0
101654,0
101655,0
101656,0
101658,0
101659,0
101660,0
101661,0
101662,0
101663,0
101664,0
101665,0
101666,0
101667,0
101668,0
101669,0
101670,0
101671,1
101672,0
101673,0
101674,0
101675,0
101676,0
101677,0
101678,0
101679,1
101680,0
101681,1
101682,0
101683,0
101684,0
101685,1
101686,0
101687,0
101688,0
101689,0
101690,0
101691,0
101692,1
101693,0
101694,1
101695,0
101696,0
101697,1
101698,0
101699,0
101700,0
101701,0
101702,0
101703,0
101704,0
101705,1
101706,1
101707,1
101708,0
101709,0
101710,0
101711,0
101713,1
101714,0
101715,0
101716,0
101717,1
101718,0
101719,1
101720,0
101721,0
101722,0
101723,0
101724,0
101725,0
101726,0
101727,1
101728,0
101729,0
101730,1
101731,1
101732,0
101733,0
101734,1
101735,1
101736,1
101737,1
101738,0
101739,0
101740,0
101741,0
101742,0
101743,0
101744,0
101745,0
101746,0
101747,0
101748,0
101749,0
101750,1
101751,0
101752,0
101753,0
101754,1
101755,0
101756,0
101757,0
101758,0
101759,0
101760,0
101761,0
101762,0
101763,0
101764,0
101765,0
101766,0
101767,0
101768,0
101770,0
101771,0
101772,0
101773,0
101774,0
101775,0
101776,0
101777,1
101778,1
101779,0
101780,0
101781,0
101782,0
101783,0
101784,0
101786,0
101787,0
101788,1
101789,0
101790,0
101791,1
101792,0
101794,0
101795,0
101796,0
101797,0
101798,0
101799,0
101800,0
101801,1
101802,0
101803,0
101804,0
101805,0
101806,1
101807,0
101808,0
101809,0
101810,1
101811,0
101812,0
101813,0
101814,0
101815,1
101816,1
101817,0
101818,0
101819,0
101820,0
101821,1
101822,1
101823,1
101824,0
101825,0
101826,0
101827,0
101828,0
101829,0
101830,0
101831,0
101832,0
101833,0
101834,0
101835,0
101836,0
101837,0
101838,0
101839,0
101840,0
101841,0
101842,0
101843,0
101844,0
101845,0
101846,0
101847,0
101848,0
101849,1
101850,0
101851,0
101852,0
101853,0
101854,0
101855,1
101856,0
101857,0
101858,0
101859,0
101860,0
101861,0
101862,0
101863,0
101864,0
101865,0
101866,0
101867,0
101868,0
101869,0
101870,1
101871,0
101872,1
101873,1
101874,0
101875,0
101876,0
101877,0
101878,1
101879,0
101880,1
101881,1
101882,0
101883,1
101884,1
101886,1
101887,0
101888,0
101889,1
101890,0
101892,0
101893,0
101894,0
101895,0
101896,0
101897,0
101898,0
101899,0
101900,0
101901,0
101902,1
101903,0
101904,1
101905,1
101906,1
101907,0
101908,1
101909,0
101910,1
101912,1
101913,0
101914,0
101915,1
101916,1
101917,0
101918,1
101919,1
101920,0
101921,1
101922,1
101923,1
101924,0
101925,1
101926,1
101927,0
101928,0
101930,0
101931,0
101932,1
101933,0
101934,1
101935,1
101936,0
101937,0
101938,1
101939,1
101940,1
101941,1
101942,0
101943,1
101944,1
101946,1
101947,0
101948,1
101949,0
101950,1
101951,1
101952,1
101953,0
101954,1
101955,0
101956,0
101957,1
101958,0
101959,0
101960,0
101961,1
101962,0
101963,0
101964,1
101965,0
101966,1
101967,0
101968,0
101970,0
101971,0
101972,0
101973,0
101974,0
101975,1
101976,0
101977,0
101978,0
101979,0
101980,0
101981,0
101982,1
101983,0
101985,0
101986,0
101988,0
101989,0
101991,0
101992,0
101993,1
101994,0
101995,1
101998,0
101999,0
102000,0
102001,0
102002,0
102004,1
102005,0
102006,0
102007,0
102008,0
102009,1
102010,0
102013,1
102014,0
102015,0
102016,0
102017,1
102018,0
102019,1
102020,1
102021,1
102022,0
102023,1
102024,0
102025,0
102026,0
102027,0
102028,0
102029,0
102030,0
102031,0
102032,1
102033,1
102034,0
102035,1
102036,0
102037,0
102038,0
102039,1
102040,0
102041,1
102042,1
102043,1
102044,1
102045,1
102046,0
102047,0
102048,1
102049,1
102050,0
102051,1
102052,1
102053,1
102054,1
102055,1
102056,0
102057,1
102058,1
102059,0
102060,0
102061,1
102062,1
102063,0
102064,0
102065,0
102066,0
102067,0
102068,0
102069,0
102070,0
102071,1
102074,0
102075,0
102076,0
102077,0
102078,1
102079,1
102080,1
102081,0
102082,1
102084,0
102085,0
102086,0
102087,0
102088,0
102089,0
102090,1
102091,1
102092,1
102093,1
102094,1
102095,0
102096,0
102097,1
102098,0
102099,0
102100,0
102101,1
102102,0
102103,0
102104,0
102105,0
102106,0
102107,0
102108,0
102109,0
102110,0
102111,0
102112,0
102113,1
102114,1
102115,0
102116,0
102117,0
102118,1
102119,1
102120,0
102121,0
102122,1
102123,1
102124,0
102125,0
102126,0
102127,0
102130,0
102131,1
102132,1
102133,1
102134,0
102135,0
102136,0
102137,0
102139,0
102140,0
102141,0
102142,1
102143,0
102144,0
102145,0
102146,0
102147,0
102148,0
102149,0
102150,0
102151,0
102152,0
102153,0
102154,0
102155,0
102156,0
102157,1
102158,0
102159,0
102160,1
102161,1
102162,0
102164,0
102165,1
102166,1
102167,1
102168,0
102169,0
102170,0
102171,0
102172,0
102173,0
102174,0
102175,0
102176,0
102177,0
102178,1
102179,1
102180,0
102181,0
102182,1
102183,0
102184,0
102185,0
102186,1
102187,0
102188,0
102190,0
102191,0
102192,0
102193,0
102194,0
102195,0
102196,0
102197,1
102198,0
102199,0
102200,1
102201,1
102202,1
102203,1
102204,0
102205,0
102206,0
102207,1
102208,0
102209,1
102210,1
102211,0
102212,0
102214,0
102215,1
102216,0
102217,0
102218,1
102219,1
102220,0
102221,0
102222,0
102223,0
102224,1
102225,0
102226,0
102227,1
102228,0
102229,1
102230,0
102232,0
102233,1
102236,1
102237,0
102238,1
102239,0
102240,0
102241,0
102242,1
102243,1
102244,0
102245,1
102246,0
102247,1
102248,1
102249,0
102250,0
102252,1
102253,1
102254,0
102255,0
102256,0
102257,0
102258,1
102259,1
102260,0
102261,0
102262,1
102263,0
102264,0
102265,0
102266,0
102267,0
102268,0
102269,1
102270,0
102271,0
102272,0
102274,0
102275,0
102276,0
102277,0
102278,1
102279,1
102280,0
102281,0
102282,0
102284,0
102285,0
102286,0
102287,1
102288,0
102289,0
102290,1
102291,1
102292,1
102293,1
102294,1
102295,0
102296,0
102297,0
102298,0
102299,1
102300,0
102301,0
102302,0
102303,0
102304,0
102305,1
102306,0
102307,0
102308,0
102309,0
102310,0
102311,0
102312,1
102313,1
102314,0
102316,1
102317,1
102318,0
102319,0
102320,0
102321,1
102322,0
102323,0
102324,1
102325,1
102326,0
102327,0
102328,0
102329,0
102330,1
102331,1
102332,0
102333,0
102334,1
102336,1
102337,0
102338,0
102339,1
102340,0
102341,0
102342,1
102345,1
102346,0
102347,1
102348,1
102349,1
102350,1
102351,1
102352,1
102353,1
102354,1
102355,1
102356,1
102357,1
102358,1
102359,0
102360,1
102361,1
102362,0
102363,1
102364,0
102365,1
102366,0
102367,0
102368,0
102369,1
102370,0
102371,0
102372,0
102373,0
102374,0
102375,1
102376,0
102377,0
102378,0
102379,0
102380,0
102382,1
102383,0
102384,0
102385,1
102386,1
102387,1
102388,0
102389,1
102390,1
102391,0
102392,1
102393,1
102394,1
102395,1
102396,1
102397,1
102398,0
102399,1
102400,0
102401,1
102402,1
102403,1
102405,1
102406,1
102407,1
102408,1
102409,1
102410,1
102411,1
102413,1
102414,1
102415,1
102416,1
102417,1
102418,0
102419,0
102420,0
102421,1
102422,1
102423,1
102424,0
102425,0
102426,0
102427,0
102428,0
102429,0
102430,1
102431,0
102432,1
102433,1
102434,0
102435,1
102436,1
102437,1
102438,1
102439,1
102440,1
102441,1
102442,1
102443,1
102444,1
102445,1
102446,0
102447,0
102448,0
102449,1
102450,1
102451,1
102452,0
102453,0
102454,0
102455,0
102456,0
102457,0
102458,0
102459,0
102460,1
102461,1
102462,0
102463,0
102464,0
102465,1
102467,1
102468,1
102469,0
102470,0
102471,1
102472,0
102473,0
102474,1
102475,1
102476,0
102477,0
102478,0
102479,1
102480,1
102481,0
102482,0
102483,0
102484,0
102485,0
102486,0
102487,1
102488,0
102489,0
102490,0
102491,0
102492,1
102493,1
102494,0
102495,0
102496,0
102498,0
102499,0
102500,0
102501,0
102502,0
102503,0
102504,0
102505,0
102506,0
102507,0
102508,0
102509,1
102510,1
102511,0
102512,1
102513,0
102514,0
102515,0
102517,0
102518,0
102519,1
102520,0
102521,0
102522,0
102523,0
102524,0
102525,0
102526,1
102527,0
102528,0
102529,0
102530,0
102531,1
102532,0
102533,0
102534,1
102535,0
102536,0
102537,0
102538,0
102539,1
102540,1
102541,0
102542,0
102543,0
102544,0
102545,0
102546,0
102547,1
102548,0
102549,1
102550,0
102551,0
102552,0
102553,0
102554,0
102555,0
102557,0
102558,0
102559,0
102560,1
102561,0
102562,0
102563,1
102564,1
102565,1
102566,1
102567,1
102568,0
102569,0
102570,0
102571,1
102572,1
102573,0
102574,0
102575,1
102576,1
102577,0
102578,0
102579,0
102580,1
102581,0
102582,1
102583,1
102584,1
102585,1
102586,0
102587,0
102588,1
102589,0
102590,0
102591,0
102592,0
102593,0
102594,0
102595,0
102596,0
102597,0
102598,0
102599,0
102600,0
102601,0
102602,0
102604,1
102605,1
102606,1
102607,1
102608,0
102609,1
102610,1
102611,0
102612,1
102613,1
102614,0
102615,0
102616,1
102617,0
102618,0
102619,0
102620,1
102621,0
102622,0
102624,0
102625,1
102626,1
102627,0
102628,1
102629,1
102630,0
102631,0
102632,1
102633,0
102634,0
102635,0
102636,1
102637,0
102638,0
102639,0
102640,0
102642,0
102643,0
102644,0
102645,1
102646,0
102647,0
102648,1
102649,0
102650,0
102651,0
102652,0
102653,0
102654,1
102656,0
102657,0
102658,0
102659,0
102660,0
102661,0
102662,0
102663,1
102664,1
102665,0
102666,0
102667,0
102668,0
102669,0
102670,1
102671,0
102673,0
102676,1
102677,1
102678,1
102679,1
102680,0
102681,0
102682,0
102683,1
102687,1
102688,0
102689,0
102690,0
102691,0
102692,0
102693,0
102694,0
102695,0
102696,0
102697,0
102698,0
102699,0
102701,1
102702,0
102703,0
102705,1
102706,1
102707,0
102708,1
102709,0
102710,0
102711,0
102712,0
102713,0
102714,0
102715,0
102716,0
102717,0
102718,0
102719,0
102720,0
102721,0
102722,1
102723,0
102724,0
102725,0
102726,0
102727,0
102728,0
102729,1
102730,0
102731,0
102732,1
102733,1
102734,0
102735,0
102736,0
102737,0
102738,1
102739,1
102740,0
102741,0
102742,0
102743,0
102744,0
102745,0
102746,0
102747,0
102748,0
102749,1
102750,0
102751,0
102752,0
102755,0
102756,0
102757,0
102758,0
102759,0
102760,0
102761,0
102762,0
102763,1
102764,0
102766,0
102767,0
102768,0
102769,0
102770,0
102771,0
102772,0
102773,0
102774,1
102776,0
102777,0
102778,0
102779,0
102781,0
102782,0
102783,1
102784,1
102785,1
102786,0
102787,0
102788,0
102789,0
102790,0
102791,0
102792,0
102793,0
102794,0
102795,0
102796,0
102797,0
102798,0
102799,0
102800,0
102801,1
102802,0
102803,0
102804,0
102805,1
102806,1
102807,0
102808,0
102809,1
102810,0
102811,0
102812,1
102813,1
102814,1
102815,1
102816,1
102817,1
102818,0
102819,1
102820,1
102821,0
102822,1
102823,1
102824,0
102825,0
102826,0
102827,0
102828,0
102829,0
102830,1
102831,0
102832,1
102833,1
102834,1
102835,1
102836,1
102837,0
102838,1
102839,1
102840,0
102841,1
102842,1
102843,0
102844,0
102845,0
102846,0
102847,0
102848,0
102849,1
102850,1
102851,0
102852,0
102853,0
102854,1
102855,1
102856,1
102857,0
102858,1
102859,1
102860,0
102861,1
102862,0
102863,1
102864,1
102865,1
102866,1
102867,0
102868,0
102869,0
102870,1
102871,0
102872,1
102873,0
102874,0
102875,1
102876,1
102877,1
102878,0
102879,0
102880,0
102881,1
102882,1
102883,1
102884,1
102885,1
102886,0
102887,1
102888,1
102889,1
102890,1
102891,1
102892,0
102893,0
102894,0
102895,0
102896,0
102897,1
102898,0
102899,0
102900,0
102901,1
102902,1
102903,1
102904,1
102905,0
102906,0
102907,0
102908,1
102909,0
102910,0
102911,1
102912,0
102913,0
102914,1
102915,0
102916,0
102917,1
102918,1
102919,1
102920,1
102921,1
102922,0
102923,1
102924,0
102925,0
102926,1
102927,1
102928,1
102929,1
102930,1
102931,0
102932,0
102933,1
102934,1
102935,1
102936,1
102937,0
102938,0
102939,0
102940,0
102941,0
102942,0
102943,0
102944,1
102946,1
102947,0
102948,0
102949,1
102950,0
102951,0
102952,0
102953,0
102954,0
102955,1
102956,0
102957,0
102958,0
102959,0
102960,0
102961,0
102962,0
102963,0
102964,0
102965,0
102966,1
102967,1
102968,1
102969,0
102970,0
102971,1
102972,0
102973,1
102974,0
102975,0
102976,0
102978,0
102979,0
102980,0
102981,0
102982,1
102983,0
102984,0
102985,0
102986,0
102987,0
102988,0
102989,0
102990,0
102991,0
102992,0
102993,0
102994,1
102995,0
102996,1
102998,0
102999,0
103000,1
103001,0
103002,0
103003,1
103004,0
103005,1
103006,1
103007,0
103008,0
103009,0
103010,0
103012,0
103013,0
103014,0
103015,0
103016,1
103017,0
103018,0
103019,1
103020,0
103021,0
103022,0
103023,0
103024,0
103025,0
103026,0
103027,0
103028,1
103029,1
103030,1
103031,1
103032,1
103033,1
103034,0
103035,0
103036,0
103037,0
103038,0
103039,0
103040,1
103041,1
103042,0
103044,1
103045,0
103046,0
103047,0
103048,0
103049,0
103050,1
103051,1
103052,0
103053,1
103054,0
103055,0
103056,0
103057,1
103058,0
103059,1
103060,0
103061,0
103062,0
103063,0
103064,0
103065,1
103066,1
103067,0
103068,1
103069,1
103070,1
103071,1
103072,1
103073,1
103074,1
103075,1
103076,1
103079,0
103080,0
103081,0
103082,0
103083,1
103084,0
103085,1
103086,0
103087,0
103088,1
103089,1
103090,1
103091,1
103092,1
103094,1
103095,1
103096,1
103097,1
103098,0
103099,0
103100,0
103101,0
103102,0
103103,0
103104,0
103105,0
103106,0
103107,0
103108,1
103109,0
103110,0
103111,0
103112,1
103113,0
103114,0
103115,0
103116,0
103117,1
103118,0
103119,0
103120,1
103121,0
103122,1
103123,1
103124,0
103125,0
103126,0
103127,0
103128,1
103129,1
103130,0
103131,0
103132,1
103133,0
103134,0
103135,0
103136,0
103137,0
103138,1
103139,0
103140,0
103141,0
103142,0
103143,0
103144,0
103145,0
103146,0
103147,0
103148,0
103149,0
103150,1
103151,0
103152,0
103153,0
103154,0
103155,0
103156,0
103158,0
103160,0
103161,1
103162,1
103163,1
103164,1
103165,0
103166,0
103167,0
103168,0
103169,0
103170,1
103171,1
103172,1
103173,0
103174,1
103175,0
103176,0
103177,0
103178,0
103179,0
103180,1
103181,0
103182,0
103183,0
103184,0
103185,0
103186,0
103187,0
103188,0
103189,0
103190,0
103191,0
103192,0
103193,0
103194,0
103195,0
103196,0
103197,1
103198,0
103199,0
103200,0
103201,1
103202,1
103203,0
103204,0
103205,1
103206,0
103207,0
103208,0
103209,0
103210,1
103211,0
103212,0
103214,0
103215,1
103216,0
103217,0
103218,0
103219,1
103220,0
103221,1
103222,0
103223,1
103224,1
103225,0
103226,0
103227,0
103228,0
103229,1
103230,0
103231,1
103232,1
103234,0
103235,0
103236,0
103237,0
103238,1
103240,0
103241,0
103243,0
103245,1
103246,0
103247,1
103248,1
103249,0
103250,0
103251,0
103252,1
103253,1
103254,0
103255,1
103256,1
103257,1
103258,0
103259,1
103260,1
103261,1
103262,1
103263,1
103264,0
103265,0
103266,0
103267,1
103268,0
103269,1
103270,0
103271,0
103272,0
103273,0
103274,0
103275,0
103276,0
103279,0
103280,0
103281,1
103282,0
103283,0
103284,0
103285,0
103286,0
103287,0
103290,0
103291,1
103292,0
103293,0
103294,0
103295,0
103296,0
103297,1
103298,1
103299,1
103300,1
103301,1
103302,1
103303,1
103304,1
103305,1
103306,1
103309,0
103310,0
103311,0
103312,1
103313,1
103314,1
103315,1
103316,0
103317,1
103318,1
103319,1
103320,1
103321,1
103322,0
103323,1
103324,1
103325,1
103326,1
103327,1
103328,1
103329,1
103330,1
103331,1
103332,1
103333,1
103334,0
103335,0
103336,0
103337,0
103338,0
103339,0
103340,0
103341,0
103342,0
103343,0
103344,0
103345,0
103346,0
103347,0
103348,0
103349,0
103350,0
103351,0
103352,0
103353,1
103354,1
103355,0
103356,0
103357,0
103358,0
103359,1
103360,0
103361,0
103362,1
103363,0
103364,0
103365,0
103366,0
103367,0
103368,0
103369,0
103370,1
103371,0
103372,1
103373,0
103374,0
103375,1
103376,0
103377,1
103378,1
103379,1
103380,0
103381,1
103382,0
103383,0
103384,1
103385,1
103386,1
103387,0
103388,0
103389,0
103390,0
103391,0
103392,0
103393,0
103395,0
103396,0
103397,0
103398,1
103399,0
103401,0
103402,1
103403,1
103404,0
103405,1
103406,1
103407,0
103408,0
103409,0
103410,0
103411,0
103412,0
103413,0
103414,0
103415,1
103416,1
103417,0
103418,0
103420,0
103421,0
103422,0
103423,0
103424,0
103425,1
103426,0
103427,1
103428,0
103429,0
103430,0
103431,0
103432,0
103433,0
103434,0
103435,0
103436,0
103437,0
103438,0
103439,0
103440,1
103441,0
103443,0
103444,1
103445,0
103446,0
103447,1
103448,0
103450,0
103451,0
103452,1
103453,0
103454,0
103455,0
103456,0
103457,1
103458,1
103459,1
103460,0
103461,1
103462,1
103463,0
103464,0
103465,1
103466,1
103467,0
103468,1
103469,1
103470,0
103471,0
103472,0
103473,0
103474,0
103475,0
103476,0
103477,1
103478,0
103479,0
103481,1
103482,0
103483,1
103484,0
103485,0
103486,0
103487,0
103488,0
103489,0
103490,0
103491,0
103492,0
103493,0
103494,0
103495,0
103496,0
103497,0
103498,0
103499,1
103500,1
103501,0
103502,0
103503,0
103504,0
103505,1
103506,0
103507,0
103508,0
103509,0
103510,0
103511,0
103512,0
103513,0
103515,1
103516,0
103517,0
103518,0
103519,1
103520,1
103521,1
103522,0
103523,0
103524,0
103525,0
103526,1
103527,0
103528,0
103529,0
103530,0
103532,0
103533,0
103534,0
103535,1
103536,0
103537,0
103538,0
103539,0
103541,0
103542,0
103543,0
103544,1
103545,0
103546,0
103547,0
103548,0
103550,0
103551,0
103552,0
103553,0
103554,0
103555,1
103556,1
103557,0
103558,0
103559,1
103560,0
103561,0
103562,0
103563,0
103564,1
103565,1
103566,0
103567,0
103568,0
103569,0
103570,0
103571,1
103572,0
103573,0
103575,1
103576,0
103577,0
103578,0
103579,0
103580,0
103582,0
103585,0
103586,0
103587,1
103588,0
103589,0
103590,1
103591,1
103592,0
103593,0
103594,0
103595,0
103596,1
103597,1
103598,0
103600,1
103602,0
103603,0
103604,1
103605,0
103606,1
103607,1
103608,1
103609,0
103610,0
103611,0
103612,1
103613,1
103614,1
103615,1
103616,0
103617,1
103618,1
103619,0
103620,0
103621,0
103622,1
103623,0
103624,1
103625,0
103626,0
103627,0
103628,0
103629,0
103630,0
103631,0
103632,0
103633,1
103634,1
103635,0
103636,0
103637,0
103638,0
103640,0
103641,0
103642,0
103643,0
103644,0
103645,0
103646,0
103647,1
103648,0
103649,0
103650,0
103651,0
103653,0
103654,1
103655,0
103657,0
103658,0
103659,0
103660,0
103661,1
103662,0
103663,1
103664,0
103665,0
103666,0
103667,0
103669,0
103670,0
103671,0
103672,0
103673,0
103674,0
103675,0
103676,0
103677,0
103678,0
103679,1
103680,0
103681,1
103682,1
103683,0
103684,0
103685,0
103686,0
103687,0
103690,0
103691,0
103692,0
103693,1
103694,0
103695,0
103696,1
103699,0
103700,1
103701,0
103702,0
103703,1
103704,0
103705,1
103706,1
103707,1
103708,1
103709,1
103710,1
103711,0
103712,0
103713,0
103714,0
103715,0
103716,0
103717,0
103718,0
103719,0
103720,0
103721,0
103722,0
103723,0
103724,1
103725,0
103726,0
103729,1
103731,0
103732,0
103733,0
103734,0
103735,1
103736,1
103737,1
103738,0
103739,0
103740,0
103741,0
103742,1
103743,1
103744,1
103745,0
103746,0
103747,0
103748,0
103749,0
103750,1
103751,1
103753,0
103754,0
103755,1
103756,1
103757,1
103758,1
103759,0
103760,0
103762,0
103763,0
103764,0
103765,0
103766,0
103767,0
103768,0
103769,1
103770,0
103771,0
103772,1
103773,0
103774,0
103775,0
103776,0
103777,1
103778,0
103779,0
103780,0
103781,0
103783,1
103784,0
103785,0
103786,0
103787,1
103788,0
103789,1
103790,0
103791,0
103792,1
103793,1
103794,0
103795,1
103796,1
103797,1
103799,1
103800,0
103801,0
103802,1
103803,0
103804,0
103805,1
103806,0
103807,1
103808,0
103811,0
103812,1
103813,0
103814,1
103815,0
103817,0
103819,0
103820,0
103821,1
103822,0
103823,0
103824,0
103825,0
103827,0
103828,0
103829,0
103830,0
103831,0
103832,0
103833,1
103834,0
103835,0
103836,0
103837,1
103839,0
103840,0
103841,0
103842,1
103843,0
103844,0
103845,0
103846,1
103847,0
103848,0
103849,0
103850,1
103852,0
103853,1
103855,0
103856,0
103857,0
103858,1
103859,0
103860,0
103861,1
103862,0
103863,1
103864,1
103865,0
103866,0
103867,1
103868,1
103869,0
103870,0
103871,1
103872,0
103873,0
103874,1
103876,0
103877,1
103878,0
103879,1
103880,1
103881,0
103882,1
103883,1
103884,1
103885,1
103886,0
103887,1
103888,1
103889,0
103890,1
103891,1
103892,1
103893,0
103895,1
103896,1
103897,1
103898,0
103899,1
103900,1
103901,1
103902,0
103903,1
103905,1
103906,0
103908,0
103909,0
103910,0
103911,1
103912,1
103913,1
103914,0
103916,0
103917,0
103918,1
103921,1
103922,1
103924,1
103925,1
103926,1
103927,0
103928,1
103929,1
103930,1
103931,1
103932,1
103933,1
103934,1
103935,1
103936,1
103937,1
103938,0
103939,1
103940,1
103941,1
103942,1
103943,0
103944,1
103945,0
103946,0
103947,1
103948,1
103949,0
103951,0
103953,1
103954,1
103955,1
103956,0
103957,0
103958,1
103959,1
103960,0
103963,1
103964,0
103965,1
103966,1
103967,0
103968,0
103969,1
103970,0
103971,0
103972,0
103973,0
103974,0
103975,0
103976,0
103978,0
103979,1
103980,1
103981,0
103982,0
103983,1
103984,1
103985,1
103986,1
103987,1
103988,0
103989,1
103990,1
103991,0
103992,0
103993,1
103994,1
103995,0
103996,0
103997,0
103999,0
104000,0
104001,0
104002,1
104003,0
104004,0
104005,0
104006,0
104007,0
104008,0
104009,0
104010,0
104011,1
104012,0
104013,0
104014,0
104015,0
104016,0
104017,1
104018,0
104019,0
104020,0
104021,1
104022,1
104024,0
104025,0
104026,0
104027,0
104028,0
104029,1
104030,1
104031,1
104032,0
104033,0
104034,0
104036,0
104037,0
104038,1
104039,0
104040,0
104041,0
104043,1
104044,1
104045,1
104046,1
104047,1
104048,0
104049,1
104050,1
104051,0
104052,0
104054,0
104055,0
104056,1
104057,0
104058,0
104059,0
104060,0
104061,0
104062,0
104063,0
104064,0
104065,0
104066,0
104067,1
104068,1
104069,1
104070,0
104071,0
104072,1
104073,1
104074,0
104075,1
104076,1
104077,1
104078,1
104079,0
104080,0
104081,1
104082,0
104083,0
104084,0
104085,0
104086,0
104087,1
104088,0
104089,0
104090,0
104093,0
104094,0
104095,0
104096,0
104097,0
104098,0
104099,1
104100,0
104101,1
104102,1
104103,0
104104,0
104105,1
104106,1
104108,0
104109,0
104110,0
104111,0
104112,0
104113,0
104114,0
104115,0
104116,0
104117,0
104119,1
104120,0
104121,0
104122,0
104123,0
104124,0
104125,0
104126,0
104127,0
104128,0
104130,0
104131,1
104132,1
104133,1
104134,0
104135,1
104136,1
104138,1
104139,0
104140,0
104141,0
104142,0
104143,0
104144,1
104145,0
104146,0
104147,0
104148,0
104149,0
104150,0
104151,0
104152,0
104153,1
104154,1
104155,1
104156,0
104159,0
104160,1
104161,0
104162,1
104163,0
104164,0
104165,0
104166,0
104167,0
104168,1
104169,0
104170,1
104171,0
104172,0
104173,0
104175,0
104176,0
104177,0
104178,0
104179,0
104180,0
104181,1
104182,0
104183,0
104184,0
104185,0
104186,1
104187,0
104188,0
104189,1
104190,0
104191,0
104192,0
104193,1
104194,0
104195,0
104196,0
104197,1
104198,0
104199,1
104200,0
104201,0
104202,1
104203,0
104204,1
104205,0
104206,1
104208,0
104209,0
104210,0
104211,0
104212,1
104213,1
104214,1
104215,1
104216,1
104217,0
104219,0
104220,0
104221,0
104222,1
104223,0
104224,0
104225,0
104226,0
104227,0
104228,0
104229,0
104230,0
104231,0
104232,0
104233,0
104234,0
104235,0
104237,0
104238,1
104239,0
104240,0
104241,1
104242,0
104244,0
104245,0
104246,1
104247,1
104249,0
104250,0
104251,0
104252,0
104253,0
104254,1
104255,0
104256,0
104257,0
104259,1
104261,1
104262,1
104264,0
104265,1
104266,1
104267,0
104268,1
104269,1
104270,1
104271,0
104272,1
104273,1
104274,1
104275,1
104276,0
104277,0
104278,0
104279,0
104280,0
104281,0
104283,0
104284,0
104285,1
104286,0
104287,0
104288,0
104289,0
104290,0
104291,0
104292,0
104293,0
104294,0
104295,1
104296,1
104297,0
104298,0
104299,0
104301,0
104302,0
104303,1
104304,1
104305,0
104307,0
104308,0
104309,1
104310,0
104311,0
104312,0
104313,0
104314,0
104315,0
104317,1
104318,0
104319,0
104320,1
104321,0
104322,0
104323,1
104324,0
104325,0
104326,0
104327,0
104328,0
104329,0
104330,0
104332,0
104333,1
104334,1
104335,0
104336,0
104337,0
104338,0
104339,0
104340,1
104341,0
104342,0
104343,0
104344,0
104345,1
104346,0
104347,1
104348,0
104349,1
104351,0
104352,0
104353,0
104355,0
104356,0
104357,0
104358,0
104359,1
104360,1
104361,0
104362,0
104363,0
104365,0
104366,0
104367,0
104368,0
104369,1
104370,0
104371,0
104372,0
104373,0
104374,0
104375,0
104376,0
104377,0
104378,0
104379,0
104380,0
104381,0
104382,0
104383,0
104384,0
104385,0
104386,1
104387,1
104388,0
104389,0
104390,0
104391,0
104392,0
104393,1
104395,0
104396,0
104397,0
104398,1
104399,1
104401,0
104402,1
104403,0
104404,0
104405,1
104406,1
104407,0
104408,1
104409,1
104411,0
104412,0
104413,0
104414,0
104415,1
104416,0
104417,1
104418,0
104419,0
104420,1
104421,0
104422,0
104423,0
104424,0
104425,0
104426,0
104427,1
104428,0
104429,0
104430,0
104431,0
104432,0
104433,0
104434,0
104435,0
104436,1
104437,1
104438,1
104439,0
104440,0
104441,0
104442,0
104443,0
104444,0
104445,0
104446,1
104448,0
104449,0
104450,0
104451,1
104452,1
104453,0
104454,0
104455,1
104456,0
104457,0
104458,1
104459,0
104460,0
104461,0
104462,0
104463,0
104464,0
104465,0
104466,0
104467,0
104468,0
104469,0
104470,1
104471,0
104472,0
104473,0
104474,0
104475,0
104476,0
104477,0
104478,0
104479,1
104480,0
104481,1
104482,1
104483,0
104484,0
104485,0
104486,0
104487,0
104488,0
104489,0
104490,0
104491,0
104492,0
104493,0
104494,1
104495,1
104496,1
104497,0
104498,0
104499,0
104500,0
104502,0
104503,0
104504,0
104506,0
104507,0
104508,0
104509,0
104510,0
104511,0
104512,0
104514,1
104515,0
104516,0
104517,0
104518,0
104519,0
104520,0
104521,0
104522,0
104523,0
104524,0
104525,1
104526,0
104527,0
104528,1
104529,1
104530,0
104531,1
104532,0
104533,1
104534,0
104535,0
104536,0
104537,0
104538,0
104539,0
104540,0
104541,0
104542,0
104543,0
104544,0
104545,1
104546,0
104547,1
104548,0
104549,0
104550,0
104551,0
104552,0
104553,0
104554,0
104557,1
104558,0
104559,0
104560,0
104561,0
104562,0
104563,0
104564,0
104565,0
104566,1
104567,1
104568,1
104571,1
104572,1
104573,0
104574,0
104575,0
104576,1
104577,0
104578,0
104579,0
104580,0
104581,1
104582,0
104583,0
104584,0
104585,0
104586,0
104588,0
104589,0
104590,0
104591,0
104592,0
104593,0
104594,0
104595,0
104596,0
104597,0
104598,0
104599,1
104600,0
104601,0
104602,0
104603,0
104604,0
104606,0
104607,1
104608,1
104609,1
104610,0
104611,0
104612,0
104614,0
104615,0
104616,0
104617,1
104618,0
104619,0
104620,0
104621,0
104623,0
104624,0
104625,0
104626,0
104627,0
104629,0
104630,0
104631,0
104632,0
104633,0
104634,0
104635,0
104636,0
104637,0
104638,0
104639,0
104640,0
104641,0
104642,1
104643,0
104644,0
104645,0
104646,0
104647,0
104648,0
104649,1
104650,0
104651,0
104652,1
104653,0
104655,0
104656,0
104657,0
104658,0
104659,0
104660,0
104661,0
104662,1
104663,0
104664,1
104665,0
104666,0
104667,0
104668,0
104669,0
104670,0
104671,0
104672,1
104673,1
104675,0
104676,0
104678,0
104679,0
104680,1
104681,1
104682,0
104683,1
104684,0
104685,1
104686,1
104687,1
104688,1
104689,0
104690,1
104691,1
104692,1
104693,0
104694,0
104695,1
104696,0
104697,0
104698,0
104699,0
104700,0
104701,0
104702,0
104703,0
104704,0
104705,0
104706,0
104707,0
104708,0
104709,0
104710,1
104711,0
104712,0
104714,0
104716,0
104717,0
104718,0
104719,1
104720,1
104721,0
104722,1
104723,0
104724,1
104725,0
104726,1
104728,0
104729,0
104730,0
104731,0
104732,0
104733,0
104734,1
104735,1
104736,0
104737,1
104738,0
104739,1
104740,1
104741,0
104742,1
104743,0
104744,1
104745,0
104746,0
104747,1
104748,1
104749,1
104750,1
104751,1
104752,0
104753,0
104754,0
104755,0
104756,0
104757,1
104758,1
104759,0
104760,0
104761,0
104762,0
104763,0
104764,0
104766,1
104767,1
104768,0
104769,1
104770,0
104772,0
104773,1
104776,0
104777,0
104778,1
104779,0
104780,0
104781,1
104782,0
104783,0
104785,1
104786,1
104788,1
104789,0
104790,0
104791,0
104792,0
104795,0
104796,1
104797,0
104798,0
104799,0
104800,0
104801,0
104802,1
104803,0
104804,0
104805,0
104806,0
104807,0
104808,1
104809,0
104810,1
104811,1
104812,1
104813,0
104814,0
104815,1
104816,1
104817,0
104818,0
104819,0
104820,0
104821,0
104822,0
104823,0
104824,0
104825,0
104826,1
104827,1
104828,1
104829,0
104831,0
104832,1
104833,0
104835,1
104836,0
104838,0
104839,0
104840,1
104841,1
104842,0
104843,0
104844,0
104845,0
104846,0
104847,0
104848,1
104849,0
104852,1
104853,1
104854,1
104855,1
104857,0
104858,1
104860,0
104861,0
104862,0
104863,0
104864,0
104865,0
104866,0
104869,0
104870,0
104871,0
104872,0
104873,0
104874,0
104875,0
104876,0
104877,0
104878,0
104879,0
104880,0
104881,0
104882,0
104883,0
104884,0
104885,0
104886,0
104887,0
104888,0
104889,0
104890,0
104891,0
104892,0
104893,0
104894,0
104895,0
104896,0
104897,0
104898,0
104899,0
104900,0
104901,0
104902,0
104903,0
104904,0
104905,0
104906,0
104907,0
104908,0
104909,1
104910,0
104911,0
104912,0
104913,0
104914,0
104915,1
104916,0
104917,0
104918,0
104919,0
104920,0
104921,0
104922,0
104923,1
104924,0
104925,0
104926,0
104927,0
104928,0
104929,0
104930,0
104931,0
104932,0
104933,1
104934,0
104935,0
104936,0
104937,0
104938,0
104939,0
104940,1
104941,0
104942,0
104943,0
104944,1
104945,0
104946,1
104947,1
104949,0
104950,0
104951,0
104952,0
104953,0
104954,0
104955,0
104956,1
104957,0
104958,1
104959,1
104962,0
104963,1
104964,0
104965,0
104966,0
104967,0
104968,0
104969,0
104970,1
104971,0
104972,0
104973,0
104974,0
104976,0
104977,0
104978,0
104979,1
104980,1
104982,0
104983,0
104984,0
104985,0
104986,1
104987,0
104988,0
104989,0
104990,1
104991,0
104992,1
104993,0
104994,0
104995,0
104996,0
104997,1
104998,0
104999,0
105000,0
105001,0
105002,0
105003,0
105004,1
105005,0
105007,1
105008,0
105009,0
105010,0
105011,0
105012,0
105013,0
105014,0
105016,0
105017,0
105018,0
105019,0
105020,0
105022,0
105024,0
105025,0
105028,0
105029,1
105030,1
105031,0
105032,1
105033,0
105034,1
105036,0
105037,0
105038,1
105039,0
105040,0
105041,0
105042,1
105043,0
105044,0
105045,0
105047,0
105048,0
105049,0
105050,0
105051,0
105052,0
105053,0
105054,0
105055,1
105056,0
105057,0
105058,0
105059,0
105060,1
105061,0
105062,0
105063,1
105064,1
105065,0
105066,0
105067,0
105068,0
105069,0
105070,0
105071,1
105072,0
105073,1
105074,1
105075,1
105076,0
105077,1
105078,0
105079,0
105080,0
105081,0
105082,1
105083,1
105084,0
105085,1
105086,0
105088,0
105089,0
105090,0
105091,0
105092,0
105093,0
105094,0
105095,0
105096,0
105097,0
105098,0
105099,1
105100,0
105101,0
105102,0
105103,0
105104,0
105105,0
105106,0
105107,0
105108,0
105109,1
105111,0
105113,0
105114,0
105115,1
105116,0
105117,0
105118,0
105120,0
105121,0
105122,1
105124,0
105125,0
105126,0
105127,0
105128,0
105129,0
105130,0
105131,0
105132,1
105133,1
105134,1
105135,0
105136,0
105137,0
105138,0
105139,0
105141,1
105142,0
105143,0
105144,1
105145,0
105146,0
105147,0
105148,0
105150,0
105151,0
105152,0
105153,0
105154,1
105155,0
105156,0
105157,0
105158,0
105159,0
105160,0
105161,0
105162,0
105163,0
105164,0
105165,0
105166,0
105167,0
105168,0
105169,0
105170,0
105171,0
105172,0
105173,0
105174,1
105175,0
105176,0
105177,1
105180,0
105181,0
105182,1
105183,1
105184,0
105185,0
105186,0
105187,0
105188,1
105189,0
105190,0
105191,0
105192,1
105193,0
105194,0
105195,0
105196,1
105197,1
105198,1
105199,0
105201,0
105202,0
105203,0
105204,0
105205,0
105206,1
105207,0
105208,0
105209,0
105210,0
105212,0
105213,0
105214,0
105216,1
105217,1
105218,0
105219,0
105220,1
105221,0
105222,0
105223,0
105224,1
105225,0
105228,0
105229,1
105230,0
105231,0
105232,0
105233,0
105234,0
105235,0
105236,0
105237,0
105238,0
105239,1
105240,1
105241,0
105242,0
105243,0
105244,0
105245,1
105246,0
105247,1
105248,0
105249,0
105250,0
105251,0
105252,0
105253,0
105255,0
105256,0
105257,0
105258,0
105259,1
105262,1
105263,0
105264,1
105265,0
105267,0
105269,0
105270,0
105272,0
105273,1
105274,1
105275,0
105276,1
105277,0
105278,0
105282,1
105283,1
105284,1
105285,0
105286,0
105287,0
105288,0
105290,0
105291,0
105292,0
105293,0
105294,0
105295,0
105296,0
105297,0
105298,1
105299,1
105300,1
105301,0
105302,0
105303,0
105304,0
105305,0
105306,0
105307,0
105308,0
105309,1
105310,0
105311,0
105313,0
105314,0
105315,0
105316,0
105317,0
105318,0
105319,0
105320,0
105322,0
105323,0
105324,0
105325,0
105326,1
105327,0
105328,0
105329,0
105330,0
105331,0
105332,0
105333,0
105334,0
105335,0
105336,0
105337,0
105338,0
105339,0
105340,0
105341,0
105342,0
105343,0
105344,0
105345,0
105346,0
105347,0
105348,0
105349,0
105350,0
105351,1
105352,0
105353,0
105354,0
105355,1
105356,0
105357,0
105359,0
105360,0
105361,1
105363,0
105364,0
105365,0
105366,0
105367,0
105368,0
105369,0
105370,1
105371,1
105372,0
105373,0
105374,0
105375,0
105376,0
105377,1
105378,0
105379,0
105380,0
105381,0
105382,0
105383,1
105384,0
105385,0
105386,0
105387,0
105388,0
105389,0
105390,0
105391,0
105393,0
105394,0
105396,0
105397,0
105398,0
105399,0
105400,1
105401,0
105402,0
105403,0
105404,0
105405,0
105406,0
105407,0
105408,0
105409,0
105410,0
105411,0
105412,0
105413,1
105414,0
105415,1
105416,0
105417,1
105418,0
105419,1
105420,1
105421,1
105422,1
105424,0
105425,0
105426,0
105427,0
105428,0
105429,1
105430,1
105431,0
105432,1
105433,0
105434,1
105435,1
105436,1
105437,0
105438,1
105439,0
105440,0
105441,0
105443,0
105446,0
105448,0
105449,1
105450,1
105451,0
105452,0
105453,0
105454,0
105456,0
105458,1
105459,0
105460,1
105461,1
105462,0
105463,0
105464,0
105465,0
105467,1
105469,1
105470,1
105471,1
105472,0
105474,0
105475,1
105476,0
105477,1
105478,1
105479,0
105480,0
105481,0
105482,0
105483,0
105484,0
105485,0
105486,1
105487,0
105488,1
105489,1
105490,0
105491,0
105493,0
105494,0
105495,0
105496,0
105497,0
105498,1
105499,0
105500,1
105501,1
105502,0
105503,0
105504,0
105505,0
105506,0
105507,0
105508,0
105509,1
105510,0
105511,0
105512,0
105513,1
105514,1
105515,0
105516,0
105517,0
105518,0
105519,0
105520,1
105521,0
105522,0
105523,1
105524,0
105525,0
105526,0
105527,0
105528,1
105529,0
105530,0
105531,0
105532,1
105533,1
105534,0
105535,1
105536,0
105537,0
105538,1
105540,1
105541,0
105543,0
105544,0
105545,0
105546,0
105547,0
105548,0
105549,0
105550,0
105551,0
105552,0
105554,0
105555,0
105556,0
105557,0
105558,0
105559,0
105560,1
105561,0
105562,0
105563,0
105564,0
105565,0
105566,0
105567,0
105568,0
105569,0
105570,1
105571,0
105572,0
105573,0
105574,1
105575,1
105576,0
105577,0
105578,0
105579,1
105580,0
105581,0
105584,0
105585,0
105586,0
105587,0
105588,0
105589,0
105590,0
105591,0
105592,1
105593,0
105594,1
105595,0
105596,0
105598,0
105599,0
105600,0
105601,0
105602,0
105603,0
105604,0
105605,0
105606,0
105607,0
105608,0
105609,0
105610,0
105611,0
105612,0
105613,0
105614,0
105615,0
105616,0
105617,1
105618,1
105619,1
105620,0
105621,0
105622,0
105623,0
105624,1
105625,1
105626,1
105627,0
105628,0
105629,1
105630,0
105631,0
105632,0
105633,0
105634,0
105635,0
105636,0
105637,0
105638,0
105639,0
105640,0
105641,0
105642,0
105643,0
105644,0
105645,1
105646,0
105647,0
105648,0
105649,0
105650,0
105651,0
105652,0
105653,0
105654,0
105655,0
105656,0
105657,0
105658,0
105659,0
105660,0
105662,0
105663,0
105664,0
105665,1
105666,0
105668,0
105669,1
105670,1
105671,0
105672,0
105673,0
105674,0
105675,1
105677,0
105678,0
105679,0
105680,0
105681,1
105682,0
105683,1
105684,0
105685,0
105686,0
105687,0
105688,0
105689,0
105690,1
105691,1
105692,0
105693,1
105694,0
105695,0
105697,0
105698,0
105699,0
105700,1
105701,0
105702,0
105703,0
105704,0
105705,0
105706,0
105707,0
105708,0
105709,0
105710,0
105711,0
105712,0
105713,0
105714,0
105715,0
105716,1
105717,0
105718,0
105719,0
105720,0
105721,1
105722,1
105723,0
105724,0
105725,1
105726,0
105727,0
105728,1
105729,0
105730,0
105731,0
105732,1
105733,0
105734,0
105735,0
105736,1
105737,1
105738,0
105739,0
105740,1
105741,1
105742,0
105743,0
105745,0
105747,0
105748,0
105749,0
105750,0
105751,0
105752,0
105753,0
105754,1
105756,0
105757,0
105758,0
105759,0
105760,0
105761,0
105762,0
105763,0
105764,1
105765,0
105767,0
105768,0
105770,0
105771,0
105772,0
105773,0
105774,0
105775,0
105776,0
105777,1
105778,0
105779,0
105780,0
105781,0
105782,0
105783,0
105784,0
105785,0
105786,0
105787,0
105788,0
105789,0
105790,1
105791,0
105792,0
105793,1
105794,0
105795,0
105796,0
105798,0
105799,0
105800,0
105801,0
105802,0
105803,0
105804,0
105805,0
105806,0
105807,0
105808,0
105809,0
105810,1
105811,0
105812,0
105813,0
105814,1
105815,0
105816,0
105818,0
105819,0
105820,0
105821,0
105822,0
105823,0
105824,0
105825,0
105826,0
105827,0
105828,1
105829,1
105830,0
105831,0
105832,0
105833,0
105834,0
105835,0
105836,0
105837,0
105838,1
105839,1
105840,1
105841,0
105843,1
105844,0
105845,0
105846,0
105847,0
105848,0
105849,1
105850,0
105851,0
105852,0
105853,0
105854,1
105855,1
105856,1
105857,0
105858,0
105859,0
105860,0
105861,0
105862,0
105863,0
105864,1
105865,0
105866,0
105867,1
105868,0
105869,0
105870,0
105871,0
105873,1
105874,1
105875,0
105876,0
105877,1
105878,1
105879,0
105880,1
105883,0
105884,0
105885,0
105886,0
105887,1
105888,0
105889,0
105890,0
105891,0
105892,0
105893,1
105894,0
105895,0
105896,1
105897,0
105898,0
105899,0
105900,0
105901,0
105902,0
105903,0
105904,0
105905,0
105906,0
105907,0
105908,0
105909,0
105910,0
105911,0
105912,0
105913,0
105914,0
105915,0
105916,0
105917,1
105918,0
105919,0
105920,0
105921,0
105922,0
105924,0
105925,0
105926,1
105927,1
105928,0
105929,0
105930,1
105931,0
105932,1
105933,0
105934,0
105936,0
105937,0
105938,0
105939,0
105940,1
105941,1
105942,1
105943,0
105944,0
105945,0
105946,0
105947,0
105948,0
105949,0
105950,0
105951,0
105953,0
105954,0
105955,0
105956,0
105957,0
105958,0
105959,0
105960,0
105961,1
105962,0
105963,1
105964,0
105966,0
105967,0
105968,0
105969,0
105970,0
105971,1
105972,0
105973,0
105974,0
105975,0
105976,0
105977,0
105978,1
105979,0
105980,0
105981,0
105982,0
105983,0
105984,0
105985,0
105986,0
105987,0
105989,0
105990,0
105991,0
105992,0
105993,1
105995,0
105996,0
105997,0
105998,0
105999,1
106000,0
106001,1
106002,1
106003,0
106004,0
106006,1
106007,0
106008,0
106009,0
106010,0
106011,0
106012,0
106013,0
106014,0
106015,0
106016,0
106017,0
106018,0
106019,0
106020,1
106021,0
106022,1
106023,1
106024,0
106025,0
106026,0
106027,0
106028,1
106029,1
106030,0
106031,0
106032,1
106033,0
106034,1
106035,0
106036,0
106037,0
106038,1
106039,1
106040,1
106041,0
106042,1
106043,1
106044,1
106045,1
106046,1
106047,1
106048,0
106049,0
106050,0
106051,0
106052,0
106053,0
106054,0
106055,0
106058,0
106059,0
106060,0
106061,0
106062,0
106063,0
106064,0
106065,0
106066,0
106068,1
106069,0
106070,0
106071,0
106072,0
106073,1
106074,1
106076,0
106077,0
106078,0
106079,0
106080,0
106081,0
106082,1
106083,0
106084,0
106085,0
106086,0
106087,1
106088,1
106089,0
106090,0
106091,1
106092,0
106094,0
106095,0
106096,0
106097,0
106098,0
106099,0
106100,0
106101,1
106102,0
106103,1
106104,0
106105,1
106106,1
106107,1
106108,0
106109,1
106110,0
106111,0
106112,0
106113,0
106114,0
106115,0
106116,0
106117,0
106118,0
106119,0
106122,0
106123,0
106124,0
106125,0
106126,0
106127,0
106128,0
106129,0
106130,0
106131,0
106132,1
106133,0
106134,1
106135,0
106136,0
106137,0
106138,1
106139,0
106140,0
106141,0
106142,0
106143,0
106144,0
106145,0
106146,0
106147,0
106148,0
106149,0
106150,0
106151,0
106152,0
106153,0
106154,0
106155,0
106156,1
106157,1
106158,0
106159,0
106160,0
106162,0
106163,0
106164,0
106165,0
106168,0
106169,0
106170,0
106171,1
106172,0
106173,0
106174,0
106175,0
106176,0
106177,0
106178,0
106179,0
106180,0
106181,0
106182,0
106183,0
106184,0
106185,0
106186,1
106187,0
106188,0
106189,0
106190,0
106191,1
106192,1
106193,0
106194,1
106195,0
106196,1
106197,1
106199,0
106200,0
106201,0
106202,0
106204,1
106205,0
106206,0
106207,0
106208,0
106210,0
106211,0
106212,0
106213,0
106214,0
106215,0
106216,0
106217,0
106219,0
106220,0
106221,0
106222,0
106223,0
106224,0
106225,0
106226,0
106227,0
106228,0
106229,1
106230,0
106231,0
106232,0
106233,0
106234,1
106235,0
106236,0
106237,0
106238,0
106239,0
106241,0
106242,0
106244,0
106245,0
106246,0
106247,0
106248,1
106249,0
106250,0
106251,0
106252,0
106253,0
106254,0
106255,1
106256,0
106257,0
106258,0
106259,0
106260,0
106261,0
106262,0
106263,0
106264,0
106265,0
106266,0
106267,0
106268,0
106269,0
106271,0
106272,0
106273,0
106274,1
106275,0
106276,1
106277,0
106278,0
106279,0
106280,0
106281,0
106282,0
106283,1
106284,0
106285,1
106286,0
106287,0
106288,0
106289,0
106290,0
106291,0
106292,1
106293,0
106297,1
106298,0
106299,0
106301,0
106302,0
106303,0
106304,0
106305,0
106306,0
106307,0
106308,0
106309,0
106310,0
106311,0
106312,0
106313,0
106314,0
106315,1
106316,1
106317,0
106318,0
106319,0
106320,0
106321,0
106322,0
106323,0
106324,0
106325,0
106326,0
106327,0
106328,0
106329,0
106330,0
106331,0
106333,0
106334,0
106335,0
106337,0
106338,1
106339,1
106340,0
106341,0
106342,0
106343,1
106344,0
106345,0
106346,0
106347,0
106348,0
106349,1
106350,0
106351,0
106352,0
106353,0
106354,0
106355,1
106356,0
106357,0
106358,0
106359,0
106360,1
106361,0
106362,0
106363,0
106364,0
106365,1
106366,0
106367,0
106368,0
106369,0
106370,0
106371,0
106372,0
106373,1
106374,0
106375,0
106376,0
106377,1
106378,0
106379,0
106380,0
106381,0
106382,0
106383,0
106384,0
106385,0
106386,0
106387,0
106388,0
106389,0
106390,0
106391,0
106392,0
106393,0
106394,0
106395,0
106396,0
106397,0
106398,0
106399,0
106400,0
106401,0
106402,0
106403,0
106404,0
106405,1
106406,0
106407,1
106408,0
106409,0
106410,0
106411,0
106412,0
106413,0
106414,0
106416,0
106419,0
106420,1
106421,0
106422,0
106423,0
106424,0
106425,0
106426,1
106427,1
106428,0
106429,0
106431,0
106432,0
106433,0
106434,1
106435,0
106436,1
106437,0
106438,1
106439,0
106440,0
106441,0
106442,1
106443,0
106444,0
106445,0
106446,0
106447,0
106448,0
106449,0
106450,0
106451,0
106452,0
106453,0
106454,0
106455,0
106456,0
106457,0
106458,1
106459,0
106460,0
106461,0
106462,0
106463,0
106464,0
106465,1
106466,0
106467,0
106468,0
106469,0
106470,0
106471,0
106472,1
106473,0
106474,1
106475,1
106476,0
106477,0
106478,0
106479,1
106480,0
106481,0
106482,1
106483,0
106484,0
106485,1
106487,1
106488,1
106489,0
106490,0
106491,1
106492,1
106493,0
106494,0
106495,0
106496,0
106497,0
106498,0
106499,0
106500,0
106501,0
106502,1
106503,0
106504,0
106505,1
106506,0
106507,0
106508,0
106509,0
106510,0
106511,0
106512,1
106513,0
106514,0
106515,0
106516,0
106517,0
106518,0
106519,0
106520,0
106521,0
106522,0
106523,0
106524,0
106526,0
106527,0
106528,0
106529,0
106530,0
106531,0
106532,0
106533,0
106534,0
106535,0
106537,0
106538,0
106539,0
106540,0
106541,0
106542,1
106543,1
106544,1
106545,0
106546,0
106547,0
106548,0
106549,1
106550,1
106551,0
106552,1
106553,0
106554,0
106555,0
106556,0
106557,0
106558,0
106560,0
106561,0
106562,0
106563,0
106564,0
106565,0
106566,0
106567,0
106568,0
106569,1
106570,0
106571,1
106572,1
106573,0
106574,0
106575,1
106576,1
106577,0
106578,0
106579,0
106580,0
106581,0
106582,0
106583,0
106584,0
106585,0
106586,0
106587,1
106588,1
106589,1
106590,0
106591,1
106592,1
106593,0
106594,0
106595,0
106596,0
106597,0
106598,0
106599,1
106600,0
106601,0
106602,1
106603,0
106604,1
106605,1
106606,1
106607,0
106608,1
106609,0
106610,1
106611,0
106612,0
106613,0
106614,1
106615,1
106616,0
106617,0
106618,1
106619,0
106620,0
106621,0
106622,1
106623,1
106624,0
106625,0
106626,0
106627,0
106628,0
106629,0
106630,0
106631,0
106632,0
106633,0
106634,0
106635,0
106636,0
106637,0
106638,0
106639,0
106640,0
106641,0
106642,1
106643,0
106644,0
106645,0
106646,0
106647,0
106648,0
106649,0
106650,0
106651,0
106652,1
106653,0
106654,0
106655,1
106656,0
106657,0
106658,1
106659,0
106660,0
106661,0
106662,0
106663,0
106664,0
106665,0
106666,0
106667,1
106668,0
106669,1
106671,0
106672,0
106673,1
106674,1
106675,0
106676,1
106677,0
106678,1
106679,0
106680,0
106681,1
106682,0
106683,0
106684,0
106685,0
106686,0
106687,0
106688,0
106689,0
106690,1
106691,1
106692,0
106693,0
106694,0
106695,0
106696,0
106697,0
106698,1
106699,1
106700,1
106701,1
106702,1
106703,0
106704,0
106705,0
106706,0
106707,1
106708,0
106709,0
106710,0
106711,0
106712,1
106713,0
106714,1
106716,1
106717,1
106718,0
106719,0
106720,0
106721,0
106722,0
106723,1
106724,0
106725,1
106726,0
106727,0
106728,0
106729,0
106730,0
106731,0
106732,1
106733,1
106735,0
106736,0
106737,0
106738,0
106739,0
106740,0
106741,1
106743,1
106744,1
106745,1
106746,1
106747,1
106748,0
106749,0
106750,1
106751,1
106752,0
106753,0
106754,0
106755,0
106756,0
106757,1
106758,1
106759,0
106760,0
106761,1
106763,0
106764,0
106765,1
106767,1
106768,1
106770,0
106771,1
106772,0
106775,0
106777,1
106779,0
106780,0
106781,1
106782,0
106783,0
106784,1
106785,0
106786,0
106787,0
106788,0
106789,0
106790,1
106791,1
106792,0
106793,0
106794,1
106795,0
106796,0
106797,0
106798,0
106799,0
106800,0
106801,0
106802,0
106804,0
106805,1
106806,0
106807,0
106808,0
106809,0
106810,0
106811,0
106812,0
106813,1
106814,0
106815,0
106816,1
106817,1
106818,0
106819,0
106821,0
106822,0
106823,0
106824,0
106825,0
106826,0
106827,0
106828,1
106829,0
106831,0
106832,0
106833,0
106834,0
106835,0
106836,0
106837,1
106838,0
106839,0
106840,0
106841,1
106842,1
106843,0
106844,0
106845,0
106846,0
106848,0
106849,0
106850,0
106851,0
106852,0
106853,0
106854,0
106855,0
106856,0
106857,0
106858,0
106859,0
106860,0
106861,0
106862,0
106863,0
106864,0
106865,0
106866,1
106867,0
106868,0
106869,0
106870,0
106871,0
106872,0
106873,1
106874,0
106875,1
106876,1
106877,0
106878,0
106879,1
106880,0
106881,0
106882,0
106883,0
106884,0
106885,1
106886,0
106887,0
106888,0
106889,0
106890,0
106891,0
106892,0
106893,0
106894,0
106895,0
106896,0
106898,0
106899,0
106900,0
106901,0
106902,0
106903,0
106904,0
106905,0
106906,0
106907,0
106908,0
106909,0
106910,0
106911,0
106912,0
106913,0
106914,1
106915,0
106916,1
106917,0
106918,0
106919,0
106920,0
106921,0
106922,0
106923,0
106926,0
106927,0
106928,0
106929,1
106930,0
106931,0
106932,0
106933,0
106934,1
106935,0
106936,0
106937,1
106938,1
106939,0
106940,0
106941,0
106943,0
106944,0
106945,0
106946,1
106947,0
106948,0
106949,0
106950,0
106951,0
106952,0
106953,0
106954,0
106955,1
106956,0
106957,0
106958,0
106959,0
106961,0
106962,0
106963,0
106964,0
106965,0
106967,0
106968,0
106969,0
106970,0
106971,1
106972,1
106973,0
106974,1
106975,0
106976,1
106978,0
106979,0
106980,0
106981,0
106982,0
106983,0
106984,0
106985,1
106986,0
106987,0
106988,0
106989,0
106990,0
106991,0
106992,0
106993,0
106994,1
106995,1
106996,0
106997,0
106998,0
106999,0
107000,0
107001,0
107002,0
107003,0
107004,0
107005,0
107006,1
107007,0
107008,0
107009,0
107010,0
107011,0
107012,0
107013,0
107014,0
107015,0
107016,0
107017,0
107018,1
107019,0
107020,1
107022,0
107023,0
107024,0
107025,0
107026,0
107027,1
107028,0
107029,0
107030,0
107031,0
107032,1
107033,0
107034,1
107035,1
107036,0
107037,0
107038,0
107039,0
107040,0
107041,1
107042,0
107043,0
107044,0
107045,0
107046,0
107047,0
107048,1
107049,0
107050,0
107051,1
107052,0
107053,0
107054,0
107055,1
107056,0
107057,0
107058,1
107059,1
107060,1
107061,0
107062,0
107063,0
107064,0
107065,0
107066,1
107067,0
107068,1
107069,0
107070,0
107071,0
107072,0
107073,0
107074,0
107075,0
107076,0
107077,0
107078,0
107079,1
107080,0
107081,0
107082,0
107083,0
107084,0
107085,0
107086,0
107087,0
107088,0
107089,1
107090,0
107091,0
107092,0
107093,0
107094,0
107095,0
107096,0
107097,0
107098,0
107099,0
107100,0
107101,0
107102,0
107103,0
107104,0
107105,0
107106,0
107107,0
107108,0
107109,0
107110,0
107111,0
107112,0
107113,0
107114,0
107115,0
107116,0
107117,1
107118,0
107119,0
107120,0
107121,0
107122,0
107123,0
107125,0
107126,0
107127,0
107128,0
107129,0
107130,0
107131,0
107132,0
107133,0
107134,1
107135,0
107136,0
107137,0
107138,0
107139,0
107140,0
107141,0
107142,0
107143,0
107144,0
107145,0
107146,0
107147,0
107148,0
107149,0
107150,0
107151,0
107152,1
107153,0
107154,0
107155,0
107156,1
107157,0
107158,0
107159,0
107160,1
107161,0
107162,0
107163,0
107164,0
107165,1
107166,0
107167,0
107168,0
107169,0
107170,0
107172,0
107173,0
107174,0
107175,0
107176,1
107177,0
107178,0
107179,0
107180,1
107181,1
107182,0
107183,0
107184,0
107185,0
107186,0
107187,0
107188,1
107189,0
107190,0
107191,0
107192,0
107193,0
107194,0
107195,0
107196,0
107197,1
107198,0
107199,0
107200,0
107201,0
107202,0
107203,0
107204,0
107205,0
107206,0
107207,0
107208,0
107209,0
107210,0
107211,0
107212,0
107214,0
107215,0
107216,1
107217,0
107218,0
107219,0
107220,0
107221,0
107222,0
107223,0
107224,0
107225,1
107226,0
107227,0
107228,1
107230,0
107231,0
107232,0
107233,1
107234,1
107235,1
107236,1
107237,0
107238,0
107240,1
107241,1
107242,0
107243,0
107244,0
107245,0
107246,1
107247,0
107248,1
107249,1
107250,0
107251,0
107252,0
107253,1
107254,0
107255,0
107256,1
107257,0
107258,0
107259,0
107260,0
107261,0
107262,0
107263,0
107264,0
107265,1
107266,0
107267,0
107268,0
107269,0
107270,0
107271,0
107272,1
107273,0
107274,0
107276,1
107277,0
107278,0
107279,0
107280,0
107281,0
107282,1
107283,0
107284,0
107285,0
107286,1
107287,1
107288,0
107289,0
107290,0
107291,0
107292,0
107293,0
107294,0
107295,0
107296,0
107297,0
107298,0
107299,0
107300,0
107301,0
107302,0
107303,1
107306,1
107307,0
107308,0
107309,0
107310,0
107311,0
107312,0
107313,0
107314,0
107315,0
107316,1
107317,0
107318,0
107319,0
107320,0
107321,0
107322,0
107323,1
107324,0
107325,0
107326,0
107327,0
107328,1
107329,0
107330,0
107331,0
107332,0
107333,0
107334,0
107335,0
107336,0
107337,0
107338,0
107339,0
107340,0
107341,1
107342,0
107343,0
107344,0
107345,0
107346,0
107347,0
107348,0
107349,0
107350,1
107351,0
107352,1
107353,0
107354,0
107355,1
107356,0
107357,0
107358,0
107359,0
107361,0
107362,1
107363,0
107364,0
107369,1
107370,0
107371,0
107372,1
107374,1
107381,1
107384,0
107385,0
107386,0
107387,0
107388,0
107389,0
107390,0
107391,0
107392,0
107393,0
107394,0
107395,1
107396,0
107397,0
107398,1
107400,0
107402,0
107403,0
107404,0
107406,0
107408,0
107409,1
107410,0
107411,1
107412,0
107413,1
107414,0
107415,0
107416,0
107417,0
107418,0
107419,1
107420,0
107421,0
107422,0
107423,0
107424,0
107425,0
107427,0
107428,1
107429,0
107430,0
107431,0
107433,0
107434,0
107436,0
107437,0
107438,0
107439,0
107440,0
107441,0
107442,0
107443,0
107444,0
107445,0
107446,0
107447,0
107448,0
107449,1
107450,0
107451,0
107452,0
107453,1
107454,0
107455,0
107456,0
107457,0
107460,1
107461,0
107462,0
107463,0
107464,0
107465,1
107466,1
107467,0
107468,0
107469,0
107470,0
107471,0
107472,0
107473,0
107474,1
107475,0
107476,0
107477,0
107478,0
107479,0
107480,0
107481,0
107482,1
107483,0
107484,0
107485,0
107486,0
107487,0
107488,0
107489,0
107490,0
107491,1
107492,1
107494,1
107495,1
107496,1
107497,0
107498,0
107499,0
107500,0
107501,1
107502,0
107503,0
107504,0
107505,0
107506,0
107507,0
107508,0
107509,0
107510,0
107511,0
107513,0
107514,0
107515,0
107516,0
107517,0
107518,1
107519,1
107520,0
107521,0
107522,0
107523,0
107524,0
107525,0
107526,0
107527,0
107528,0
107529,0
107530,0
107531,0
107532,0
107533,0
107534,0
107535,0
107536,0
107537,0
107538,0
107539,0
107540,0
107541,0
107542,0
107543,0
107544,0
107545,0
107546,0
107547,0
107548,0
107549,0
107550,0
107551,1
107552,0
107553,0
107554,0
107555,0
107556,0
107557,0
107558,0
107559,1
107560,1
107561,0
107562,0
107563,0
107564,0
107565,0
107566,0
107567,1
107568,0
107569,0
107570,0
107571,0
107572,1
107573,0
107574,0
107575,0
107576,1
107577,0
107578,1
107579,0
107580,0
107581,0
107582,0
107583,0
107584,1
107585,1
107586,0
107587,0
107588,0
107589,1
107590,0
107591,1
107592,1
107593,0
107594,0
107595,0
107596,0
107597,0
107598,0
107599,0
107600,0
107601,0
107602,0
107603,1
107604,0
107605,0
107606,0
107607,0
107608,0
107609,0
107610,0
107611,0
107612,0
107613,0
107614,1
107615,0
107616,0
107617,0
107618,0
107619,0
107620,0
107621,0
107622,0
107623,0
107624,0
107625,0
107626,0
107627,0
107628,1
107629,0
107630,0
107631,0
107632,0
107633,0
107634,0
107635,1
107637,0
107638,0
107639,1
107640,0
107641,0
107642,0
107643,0
107644,0
107645,0
107646,1
107647,0
107648,0
107649,0
107650,0
107651,1
107652,0
107653,0
107654,0
107655,0
107656,0
107657,1
107658,0
107659,1
107660,0
107661,0
107662,1
107663,0
107664,0
107665,0
107666,0
107667,0
107668,0
107669,0
107670,0
107671,0
107672,0
107673,0
107674,1
107675,0
107677,0
107678,0
107679,0
107680,0
107681,0
107682,0
107683,0
107684,0
107685,0
107686,0
107687,0
107689,0
107690,0
107691,0
107692,0
107693,1
107694,0
107695,0
107696,0
107697,0
107698,0
107699,0
107700,0
107701,0
107702,1
107703,1
107704,0
107705,0
107706,0
107707,1
107708,1
107709,1
107710,0
107711,0
107712,1
107713,0
107714,0
107715,0
107716,1
107717,1
107718,1
107719,0
107720,0
107721,0
107722,0
107723,0
107724,1
107725,1
107726,0
107729,0
107730,0
107731,0
107732,0
107733,0
107734,0
107735,0
107736,0
107737,0
107738,0
107739,0
107740,0
107741,1
107742,0
107743,0
107744,1
107745,0
107746,0
107747,1
107748,0
107749,0
107750,0
107751,1
107752,0
107753,0
107754,0
107755,0
107756,0
107757,0
107758,0
107759,0
107760,0
107761,0
107762,0
107763,0
107765,0
107766,0
107767,0
107768,1
107769,1
107770,0
107771,0
107772,0
107773,0
107774,1
107775,0
107776,0
107777,0
107778,0
107779,1
107780,0
107781,0
107782,0
107783,0
107784,0
107785,0
107786,0
107787,1
107788,0
107789,0
107790,0
107791,0
107792,0
107793,0
107794,0
107795,0
107796,0
107797,0
107798,0
107799,0
107800,1
107801,0
107802,0
107803,0
107804,0
107805,0
107807,0
107808,0
107809,0
107810,0
107811,0
107812,0
107813,0
107814,0
107815,0
107816,0
107817,0
107818,0
107819,0
107820,0
107821,0
107822,1
107823,0
107824,0
107825,0
107826,0
107827,1
107828,0
107829,0
107830,0
107831,0
107832,0
107834,1
107836,0
107837,0
107838,0
107839,0
107840,0
107841,1
107842,0
107843,0
107844,0
107845,0
107846,0
107847,0
107848,0
107849,0
107850,0
107851,0
107852,0
107853,0
107854,1
107855,0
107856,0
107857,0
107858,0
107859,0
107860,0
107861,0
107862,0
107863,0
107864,0
107865,0
107867,1
107868,0
107869,0
107870,0
107871,0
107872,0
107873,0
107874,0
107875,0
107876,0
107877,0
107878,0
107879,1
107880,0
107881,0
107882,0
107883,0
107884,0
107885,0
107886,0
107887,0
107888,0
107889,0
107890,0
107891,0
107892,0
107893,0
107894,0
107895,0
107896,0
107897,0
107898,0
107899,1
107900,0
107901,0
107902,0
107903,1
107904,0
107905,1
107906,0
107907,0
107908,0
107909,0
107910,0
107911,0
107912,0
107913,0
107914,0
107915,0
107916,0
107917,0
107918,0
107919,0
107920,0
107921,0
107922,0
107923,1
107924,1
107925,0
107926,0
107927,0
107928,0
107929,0
107930,0
107931,0
107932,0
107933,0
107934,0
107935,0
107936,0
107937,1
107938,0
107939,0
107940,0
107941,0
107943,0
107944,0
107945,0
107946,0
107947,0
107948,0
107949,0
107950,0
107951,0
107952,0
107953,0
107954,0
107955,0
107956,1
107957,0
107958,0
107959,0
107960,0
107961,1
107962,0
107963,0
107964,0
107965,0
107966,0
107967,0
107968,0
107969,0
107970,0
107971,0
107972,1
107973,1
107974,1
107975,0
107976,1
107977,0
107978,1
107979,0
107980,0
107981,0
107982,0
107983,0
107984,0
107985,0
107986,0
107987,0
107988,0
107989,0
107990,0
107991,0
107992,0
107993,0
107994,0
107995,0
107996,0
107997,0
107998,0
107999,0
108000,0
108001,0
108002,0
108003,0
108004,0
108005,0
108006,0
108007,0
108008,0
108009,1
108010,0
108011,0
108012,0
108013,0
108014,0
108015,0
108016,0
108017,0
108018,0
108019,0
108020,1
108021,0
108022,1
108023,0
108024,0
108025,0
108026,0
108027,0
108028,0
108029,0
108030,0
108031,0
108032,0
108033,0
108034,0
108035,0
108036,0
108037,0
108038,0
108039,1
108040,0
108041,0
108042,0
108043,0
108044,0
108045,0
108046,0
108047,0
108048,1
108049,0
108050,1
108051,0
108052,0
108053,1
108054,0
108055,0
108056,0
108057,0
108058,0
108060,1
108061,0
108062,0
108063,1
108064,0
108065,0
108066,0
108067,1
108068,0
108069,0
108070,1
108071,0
108072,1
108073,0
108074,0
108075,0
108076,1
108077,0
108078,0
108079,0
108080,0
108081,0
108082,0
108083,0
108084,0
108085,1
108086,0
108087,0
108088,0
108089,1
108090,1
108091,0
108092,1
108093,1
108094,0
108095,0
108096,0
108097,0
108098,1
108099,0
108100,0
108101,0
108102,1
108103,0
108104,0
108105,0
108106,0
108107,0
108108,0
108109,0
108110,0
108111,0
108112,1
108114,0
108115,0
108116,0
108117,0
108118,0
108119,0
108120,0
108121,1
108122,1
108123,0
108124,0
108125,1
108126,1
108127,0
108128,0
108129,1
108130,0
108131,0
108132,1
108133,0
108134,1
108135,1
108137,1
108138,1
108139,1
108140,1
108141,1
108142,1
108143,0
108145,1
108146,1
108147,1
108149,1
108150,0
108151,0
108152,0
108153,0
108154,0
108155,1
108156,0
108157,1
108159,0
108160,0
108161,0
108162,0
108164,0
108165,0
108166,0
108167,0
108168,0
108169,0
108170,1
108171,0
108172,1
108173,1
108174,0
108175,1
108176,0
108177,1
108180,0
108181,0
108182,0
108183,0
108185,0
108186,0
108187,0
108188,0
108189,0
108190,0
108191,0
108192,0
108193,0
108194,0
108195,0
108196,0
108197,0
108198,0
108199,0
108200,0
108201,0
108202,0
108203,0
108204,1
108205,0
108206,0
108207,0
108208,0
108209,0
108210,0
108211,0
108212,0
108213,1
108214,0
108215,1
108216,1
108217,1
108219,0
108220,0
108221,0
108222,0
108223,0
108224,0
108225,0
108226,0
108227,0
108228,0
108229,0
108230,0
108231,1
108232,0
108233,0
108234,1
108235,0
108236,0
108237,0
108238,0
108239,0
108240,0
108241,0
108242,0
108243,1
108244,0
108245,0
108246,0
108247,1
108248,0
108249,0
108250,0
108252,1
108253,0
108254,0
108255,0
108256,1
108257,0
108258,1
108259,0
108260,0
108262,0
108263,1
108264,1
108265,1
108266,0
108267,0
108268,1
108269,1
108270,1
108271,1
108272,1
108273,0
108274,0
108275,0
108276,0
108277,0
108278,0
108279,1
108280,1
108281,0
108282,0
108283,0
108284,0
108285,0
108286,0
108287,0
108288,0
108289,0
108290,0
108291,0
108292,0
108293,0
108294,0
108295,0
108296,1
108297,1
108298,1
108299,1
108300,1
108302,0
108303,0
108304,1
108305,0
108306,0
108307,0
108308,0
108309,0
108310,0
108311,0
108312,1
108313,0
108314,0
108315,0
108316,0
108317,0
108318,0
108319,0
108320,0
108321,0
108322,0
108323,0
108324,1
108325,0
108326,0
108327,0
108328,0
108329,0
108330,0
108331,0
108332,1
108333,0
108334,0
108335,0
108336,0
108337,0
108338,0
108339,0
108340,0
108341,1
108342,1
108343,0
108344,0
108345,0
108346,0
108347,0
108348,0
108349,0
108350,0
108351,1
108352,0
108353,0
108354,0
108355,0
108356,0
108357,0
108358,0
108359,0
108360,0
108361,0
108362,0
108363,0
108364,0
108365,0
108366,0
108368,1
108369,1
108370,0
108371,1
108372,0
108373,0
108374,0
108375,0
108376,0
108377,0
108378,0
108379,0
108380,0
108381,0
108382,0
108383,0
108384,0
108385,0
108386,0
108387,0
108388,0
108389,0
108390,0
108391,0
108392,0
108393,0
108394,0
108395,0
108396,0
108397,0
108398,0
108399,1
108400,1
108401,1
108402,1
108403,1
108404,0
108405,0
108406,0
108407,0
108408,0
108409,0
108410,0
108411,0
108412,0
108413,0
108414,0
108415,0
108416,0
108417,0
108418,0
108419,0
108420,0
108421,1
108422,0
108423,0
108424,0
108426,0
108427,0
108428,0
108429,0
108430,0
108431,0
108433,1
108434,0
108435,0
108436,0
108437,0
108438,0
108439,0
108440,0
108441,0
108442,1
108443,0
108444,0
108445,1
108446,0
108448,0
108449,0
108450,0
108451,1
108452,0
108453,0
108454,0
108455,0
108456,0
108457,0
108458,0
108459,0
108460,1
108461,0
108462,0
108463,1
108464,0
108465,0
108466,0
108468,0
108469,0
108470,0
108471,1
108472,1
108473,0
108474,0
108475,1
108476,0
108477,0
108478,0
108479,1
108480,0
108481,1
108482,0
108483,0
108484,0
108485,1
108486,0
108487,0
108488,0
108489,0
108490,0
108491,0
108492,0
108493,0
108494,0
108495,0
108496,0
108497,0
108498,0
108499,0
108501,1
108502,1
108503,0
108504,0
108505,1
108506,0
108507,0
108508,0
108509,0
108510,0
108511,1
108512,0
108513,0
108514,0
108515,0
108516,0
108517,0
108518,1
108519,0
108520,0
108521,0
108522,0
108523,0
108524,0
108525,0
108526,1
108527,0
108528,1
108529,1
108530,0
108531,0
108532,0
108533,0
108534,0
108535,0
108536,0
108537,0
108538,0
108539,0
108541,0
108543,0
108544,0
108545,0
108546,0
108547,0
108548,0
108549,0
108550,0
108551,0
108552,0
108553,0
108554,1
108555,0
108556,0
108557,0
108558,1
108559,0
108560,1
108561,0
108562,0
108563,1
108565,0
108566,0
108567,0
108568,0
108569,0
108570,0
108571,0
108573,1
108574,1
108575,0
108576,0
108577,1
108578,0
108579,1
108580,0
108581,0
108582,0
108583,0
108584,0
108585,1
108586,0
108587,0
108588,0
108589,0
108590,1
108591,1
108592,0
108593,0
108594,0
108595,0
108596,0
108597,0
108598,0
108599,0
108600,0
108601,0
108602,0
108603,0
108604,0
108605,0
108606,1
108607,1
108608,0
108609,0
108610,0
108611,1
108612,0
108613,0
108614,0
108615,0
108616,0
108617,0
108618,0
108619,0
108620,0
108621,0
108622,0
108623,0
108624,0
108625,0
108626,1
108627,0
108628,1
108629,1
108631,1
108632,0
108633,0
108634,0
108635,0
108636,0
108637,0
108638,0
108639,0
108640,0
108641,0
108642,0
108643,0
108644,0
108645,0
108646,0
108647,0
108648,0
108649,0
108650,1
108651,1
108653,0
108654,0
108655,0
108656,0
108657,0
108658,0
108659,0
108660,1
108661,1
108662,0
108663,0
108664,1
108665,0
108666,0
108667,0
108668,0
108669,0
108670,0
108671,0
108672,0
108673,0
108674,0
108675,1
108676,0
108678,0
108679,0
108680,1
108682,1
108683,0
108684,0
108685,0
108686,0
108687,0
108688,0
108689,0
108690,0
108691,0
108692,1
108694,0
108695,0
108696,0
108697,0
108698,0
108699,0
108700,0
108701,0
108702,0
108703,0
108704,1
108705,0
108706,0
108707,0
108708,0
108709,0
108710,0
108711,0
108712,0
108715,0
108716,1
108717,0
108718,0
108719,0
108720,0
108721,0
108722,0
108723,0
108724,0
108725,0
108726,0
108727,0
108728,0
108729,0
108730,0
108731,0
108732,0
108733,0
108734,0
108735,0
108736,0
108739,0
108740,0
108741,0
108742,0
108743,0
108744,0
108745,0
108746,0
108747,0
108748,0
108749,0
108750,0
108751,0
108752,0
108753,0
108754,0
108755,0
108756,1
108757,0
108758,0
108759,0
108760,1
108761,1
108762,1
108763,1
108764,0
108765,0
108766,0
108767,0
108768,0
108769,0
108770,0
108771,0
108772,0
108773,0
108774,0
108775,0
108776,0
108777,0
108778,0
108779,0
108780,0
108781,1
108782,0
108783,0
108784,0
108785,1
108787,0
108788,0
108789,0
108790,0
108792,0
108793,1
108794,0
108795,0
108796,0
108797,0
108798,0
108800,0
108801,0
108802,1
108803,1
108804,0
108805,0
108806,1
108807,0
108808,0
108810,0
108812,0
108813,0
108814,0
108815,0
108816,1
108817,0
108818,1
108819,0
108820,0
108821,0
108822,0
108823,0
108824,1
108825,0
108826,0
108827,1
108828,1
108829,0
108830,0
108831,0
108832,0
108833,0
108834,0
108835,0
108836,0
108837,0
108838,0
108839,0
108840,0
108841,1
108842,1
108843,1
108844,0
108845,0
108846,0
108847,0
108848,1
108849,1
108850,0
108853,1
108854,0
108855,0
108856,0
108857,0
108858,0
108859,0
108860,0
108861,0
108862,0
108863,1
108864,0
108865,0
108866,0
108867,0
108868,0
108869,0
108870,0
108871,0
108872,1
108873,0
108874,0
108875,0
108876,0
108877,0
108878,0
108879,0
108880,1
108881,0
108882,0
108883,0
108884,0
108885,0
108887,0
108888,0
108889,1
108890,0
108891,1
108892,0
108893,1
108894,0
108895,0
108896,0
108897,0
108898,1
108899,1
108900,0
108901,1
108902,0
108903,0
108904,0
108905,0
108906,0
108907,0
108908,0
108909,0
108910,1
108911,0
108912,0
108913,0
108914,1
108915,0
108916,1
108917,1
108918,1
108919,1
108920,0
108921,0
108922,0
108923,0
108924,0
108925,0
108926,1
108927,0
108928,0
108929,0
108930,0
108932,0
108933,0
108934,0
108935,0
108936,0
108937,0
108938,0
108939,0
108940,0
108941,0
108942,0
108943,0
108944,0
108945,0
108946,0
108947,0
108948,0
108949,0
108950,0
108951,1
108952,0
108953,0
108954,0
108955,0
108956,0
108957,0
108958,0
108959,0
108960,1
108961,0
108962,0
108963,0
108964,0
108965,0
108966,0
108967,1
108968,1
108969,0
108970,0
108971,0
108972,0
108973,0
108974,1
108975,0
108976,0
108977,0
108978,0
108980,0
108981,0
108982,0
108983,0
108984,0
108985,0
108987,1
108988,0
108989,0
108990,0
108991,1
108992,0
108993,0
108994,0
108995,0
108996,0
108998,0
108999,0
109000,0
109001,0
109003,1
109004,1
109005,0
109006,1
109007,0
109008,0
109009,0
109010,1
109011,0
109012,0
109013,0
109014,0
109015,0
109019,0
109020,0
109021,0
109022,0
109023,0
109024,0
109025,0
109026,0
109027,0
109028,0
109029,0
109030,0
109031,0
109032,0
109033,0
109034,0
109035,0
109036,0
109037,0
109038,1
109039,0
109040,0
109041,0
109042,0
109043,0
109044,0
109047,0
109048,1
109049,0
109050,1
109051,1
109052,1
109053,0
109054,1
109055,0
109057,1
109061,0
109062,0
109063,0
109064,0
109065,0
109066,1
109068,0
109069,0
109070,0
109071,0
109072,0
109073,0
109074,0
109075,0
109076,1
109077,0
109078,0
109079,0
109080,0
109081,0
109083,0
109084,0
109085,0
109087,0
109088,1
109089,0
109090,0
109091,1
109092,0
109093,0
109094,1
109095,0
109096,0
109097,1
109098,0
109099,0
109100,1
109101,1
109102,0
109103,0
109104,0
109105,0
109106,0
109107,0
109108,1
109110,0
109111,0
109112,0
109113,0
109114,0
109115,1
109117,0
109118,0
109119,0
109120,0
109121,0
109122,1
109123,0
109124,0
109125,0
109126,1
109128,1
109129,0
109130,1
109131,0
109132,0
109133,0
109136,1
109137,0
109138,1
109139,1
109141,1
109142,0
109143,0
109144,0
109145,0
109146,1
109147,0
109148,1
109149,0
109150,0
109151,0
109152,0
109154,1
109155,1
109159,1
109160,0
109162,0
109163,0
109164,0
109166,0
109167,0
109168,0
109170,0
109171,1
109172,0
109173,0
109174,1
109175,0
109176,0
109177,1
109178,1
109180,0
109181,1
109182,0
109184,0
109185,0
109186,0
109187,0
109188,0
109190,0
109191,0
109192,0
109193,0
109194,0
109195,0
109196,0
109197,1
109198,0
109199,0
109200,0
109202,0
109203,0
109205,0
109206,0
109207,0
109208,0
109209,0
109211,1
109212,1
109213,0
109214,0
109216,0
109217,0
109218,0
109219,1
109220,0
109221,0
109222,0
109223,0
109224,1
109228,0
109229,0
109230,0
109232,0
109233,0
109234,0
109237,1
109238,0
109239,0
109241,0
109242,0
109243,0
109244,0
109245,1
109246,0
109248,0
109249,0
109250,1
109251,0
109252,0
109253,0
109254,0
109255,0
109256,0
109257,0
109258,0
109259,0
109260,0
109261,0
109262,0
109263,0
109264,0
109265,0
109267,0
109268,0
109270,1
109271,0
109272,1
109273,0
109274,1
109275,0
109277,1
109278,0
109281,0
109282,0
109283,0
109284,0
109285,0
109286,0
109287,0
109288,0
109290,0
109291,0
109292,0
109293,0
109294,0
109295,0
109298,0
109299,0
109300,0
109301,0
109302,0
109303,0
109304,0
109306,0
109307,0
109309,0
109311,0
109312,0
109313,0
109314,0
109315,0
109316,0
109317,0
109318,1
109319,1
109320,0
109321,0
109323,0
109324,0
109325,0
109326,1
109327,0
109328,0
109331,0
109332,0
109333,0
109334,1
109335,0
109336,0
109337,0
109338,0
109339,0
109340,0
109341,0
109342,0
109343,0
109344,0
109345,0
109346,0
109347,0
109352,0
109353,0
109354,0
109355,0
109357,0
109358,0
109359,0
109360,0
109361,0
109362,1
109363,1
109364,0
109365,0
109366,0
109367,0
109368,0
109369,0
109370,0
109373,0
109374,1
109376,0
109377,0
109378,1
109379,1
109380,1
109381,0
109382,0
109385,0
109387,0
109389,0
109390,0
109391,0
109392,0
109393,1
109394,0
109395,0
109396,0
109397,0
109398,1
109399,1
109400,0
109403,0
109404,1
109405,0
109406,0
109407,0
109408,0
109409,0
109410,0
109411,0
109412,1
109413,0
109414,1
109415,0
109416,0
109417,0
109418,0
109419,1
109420,1
109421,1
109422,0
109423,0
109424,0
109425,0
109426,0
109427,0
109429,0
109430,0
109431,0
109432,1
109433,1
109435,0
109436,0
109437,0
109438,0
109439,0
109440,0
109441,0
109442,0
109443,0
109444,0
109445,1
109446,0
109448,0
109449,0
109450,0
109451,0
109452,0
109453,0
109454,0
109455,1
109456,0
109457,0
109458,0
109459,0
109460,1
109461,1
109463,0
109464,0
109466,0
109468,0
109469,0
109470,0
109471,0
109472,0
109473,0
109475,0
109476,1
109477,0
109478,0
109479,0
109480,0
109481,1
109482,0
109485,1
109486,0
109487,0
109488,1
109489,0
109490,0
109491,0
109492,0
109493,0
109494,0
109495,0
109496,0
109497,0
109498,0
109499,0
109500,0
109501,0
109502,0
109503,0
109504,0
109505,0
109506,0
109507,0
109508,0
109509,0
109510,0
109511,0
109512,1
109513,0
109514,0
109515,0
109516,0
109517,0
109518,1
109519,0
109520,0
109521,0
109522,0
109523,0
109524,0
109525,0
109526,0
109527,0
109528,0
109529,0
109530,0
109531,1
109532,0
109533,0
109534,0
109535,0
109536,0
109537,0
109538,0
109539,0
109540,0
109541,0
109542,0
109543,0
109544,0
109545,0
109546,0
109547,0
109548,0
109549,0
109550,0
109551,0
109552,0
109553,0
109554,0
109555,0
109556,0
109557,0
109558,1
109559,1
109560,0
109561,0
109563,1
109564,0
109566,0
109570,0
109571,0
109573,0
109574,0
109575,0
109577,0
109578,1
109579,0
109580,0
109581,0
109582,1
109583,0
109584,1
109585,0
109588,0
109589,0
109590,0
109591,0
109592,0
109593,0
109594,0
109595,1
109596,1
109597,0
109598,0
109600,0
109601,1
109602,1
109603,1
109604,1
109605,1
109607,0
109609,0
109612,1
109613,0
109614,0
109616,0
109617,0
109618,0
109619,0
109620,0
109621,0
109622,0
109623,1
109624,1
109625,1
109626,1
109627,0
109628,0
109629,0
109630,0
109631,0
109632,0
109633,0
109634,0
109635,1
109636,0
109637,0
109638,0
109639,0
109640,0
109641,0
109642,0
109643,1
109644,0
109645,0
109646,0
109647,1
109648,0
109649,0
109650,0
109652,0
109653,0
109654,0
109655,0
109656,1
109657,1
109658,0
109659,0
109660,0
109661,0
109662,0
109663,0
109664,1
109665,0
109666,1
109667,0
109668,0
109669,0
109670,0
109671,0
109672,0
109673,0
109674,0
109675,0
109676,0
109677,1
109678,0
109679,0
109682,1
109683,0
109684,0
109686,0
109687,0
109688,0
109689,0
109690,0
109691,0
109692,0
109693,0
109694,0
109695,0
109696,0
109697,0
109698,0
109699,0
109700,0
109701,0
109702,1
109704,0
109705,0
109706,0
109708,0
109710,0
109711,0
109712,1
109713,0
109714,0
109715,0
109716,0
109717,0
109718,0
109719,0
109720,0
109721,0
109722,1
109723,1
109724,0
109725,0
109726,0
109727,0
109728,0
109729,0
109730,0
109731,0
109732,0
109733,0
109734,0
109735,0
109737,0
109738,0
109739,0
109740,1
109741,0
109742,0
109743,0
109744,0
109745,0
109746,0
109747,0
109748,0
109749,0
109750,0
109751,0
109752,0
109753,0
109754,1
109755,0
109756,0
109757,0
109758,0
109759,0
109760,0
109762,0
109764,0
109765,0
109766,1
109767,0
109768,0
109769,0
109771,1
109772,0
109773,0
109774,0
109775,0
109776,0
109778,0
109779,0
109780,0
109781,0
109782,0
109783,1
109784,0
109785,0
109787,0
109788,0
109789,0
109791,0
109792,0
109793,0
109794,0
109795,0
109796,1
109797,0
109798,0
109799,0
109800,0
109802,0
109803,0
109804,0
109805,0
109806,0
109807,0
109808,0
109809,0
109810,0
109811,0
109812,0
109813,1
109814,0
109815,0
109816,0
109817,0
109818,0
109819,0
109820,0
109821,0
109822,0
109823,0
109824,0
109825,0
109826,0
109827,0
109829,0
109830,1
109832,0
109835,0
109836,0
109837,0
109838,1
109839,0
109840,0
109841,0
109842,1
109843,0
109844,0
109845,0
109846,0
109848,1
109849,0
109850,0
109851,1
109852,0
109853,0
109854,0
109855,0
109856,0
109857,0
109858,0
109859,0
109860,0
109861,0
109862,0
109863,0
109864,1
109865,0
109866,1
109867,0
109868,0
109869,0
109870,0
109871,0
109872,0
109873,0
109874,0
109875,0
109876,0
109877,0
109878,1
109879,0
109880,1
109881,0
109882,1
109883,0
109884,1
109885,0
109886,1
109887,1
109889,0
109890,0
109891,0
109893,0
109894,0
109895,0
109897,0
109898,1
109899,1
109900,0
109901,0
109902,1
109903,0
109904,0
109905,0
109906,0
109907,0
109908,0
109909,1
109911,0
109912,0
109913,0
109914,1
109915,0
109916,0
109917,0
109918,1
109919,0
109921,1
109922,1
109925,1
109926,0
109927,1
109928,0
109929,1
109931,0
109932,0
109933,1
109934,0
109935,0
109936,0
109937,0
109938,0
109939,0
109940,0
109941,1
109942,0
109943,0
109944,0
109945,0
109946,0
109947,0
109948,0
109949,0
109950,1
109951,0
109952,0
109953,0
109955,0
109956,0
109957,0
109958,0
109959,0
109960,0
109961,0
109962,0
109963,1
109964,0
109965,0
109966,0
109967,1
109968,1
109969,0
109970,0
109971,1
109972,0
109973,0
109974,0
109975,0
109976,0
109977,0
109978,0
109979,0
109980,1
109981,1
109983,0
109984,0
109985,0
109986,0
109987,1
109988,0
109989,0
109990,0
109991,0
109992,0
109993,0
109996,0
109997,0
109998,0
109999,0
110000,0
110001,0
110002,0
110003,0
110004,0
110006,0
110007,0
110008,0
110009,1
110010,0
110011,0
110013,0
110014,0
110016,0
110017,0
110018,0
110020,0
110021,0
110022,0
110023,0
110024,0
110025,0
110026,1
110027,1
110028,0
110029,0
110030,0
110031,0
110032,0
110033,0
110034,0
110036,0
110037,0
110038,0
110039,0
110040,0
110041,0
110042,0
110043,1
110044,0
110045,0
110046,0
110047,0
110048,1
110049,0
110050,0
110051,0
110052,0
110053,0
110054,1
110055,0
110056,0
110057,0
110058,0
110059,0
110060,0
110061,0
110062,0
110063,0
110064,0
110065,0
110066,0
110067,0
110068,0
110069,0
110070,0
110071,0
110072,0
110073,0
110074,0
110075,0
110076,0
110077,0
110078,0
110079,0
110080,0
110081,0
110082,0
110083,0
110084,0
110085,0
110086,1
110087,0
110088,0
110089,0
110090,0
110091,1
110093,0
110094,0
110095,0
110096,0
110097,0
110098,0
110099,0
110100,0
110101,0
110102,0
110103,1
110104,0
110105,0
110106,0
110107,0
110108,0
110109,0
110110,0
110111,0
110112,0
110114,1
110115,1
110116,1
110117,0
110118,1
110119,0
110120,0
110121,0
110122,0
110123,0
110124,0
110125,0
110127,0
110128,0
110129,1
110130,0
110132,1
110133,0
110135,0
110136,0
110137,0
110138,0
110139,0
110140,0
110141,1
110142,1
110143,1
110144,0
110145,0
110146,1
110147,1
110149,0
110150,1
110151,0
110152,1
110153,0
110154,0
110155,0
110156,0
110157,1
110158,1
110159,1
110161,0
110162,1
110163,1
110164,0
110165,1
110166,0
110167,0
110168,0
110170,0
110171,0
110172,0
110173,1
110174,1
110175,0
110176,0
110177,0
110178,0
110179,1
110180,0
110181,0
110182,0
110183,1
110184,1
110185,0
110186,1
110189,0
110191,1
110192,1
110193,0
110194,1
110196,1
110197,0
110198,1
110200,0
110201,1
110202,0
110203,0
110204,0
110205,0
110206,0
110207,0
110208,1
110209,0
110210,0
110211,0
110212,0
110213,1
110214,0
110215,0
110216,0
110217,0
110218,0
110219,1
110220,0
110222,0
110224,0
110225,0
110226,0
110227,0
110228,1
110229,0
110230,0
110231,1
110232,1
110233,0
110234,0
110235,0
110236,0
110238,0
110239,0
110240,1
110241,0
110242,0
110243,0
110244,0
110245,0
110246,0
110247,0
110248,0
110249,0
110250,0
110251,0
110252,0
110253,0
110254,0
110255,1
110256,0
110257,0
110258,0
110259,1
110260,1
110261,0
110262,0
110263,0
110264,1
110265,0
110266,0
110267,0
110268,0
110270,0
110271,0
110272,0
110273,0
110274,0
110275,1
110276,0
110277,1
110278,0
110279,0
110280,0
110281,0
110282,0
110284,0
110285,1
110286,0
110287,0
110288,0
110292,0
110293,0
110294,0
110295,0
110296,0
110297,0
110300,0
110301,1
110302,0
110303,0
110304,0
110305,0
110306,1
110307,0
110309,0
110310,0
110311,0
110312,0
110313,0
110314,0
110316,1
110318,0
110319,0
110320,0
110321,0
110322,0
110323,0
110324,0
110325,0
110326,0
110327,0
110328,0
110329,0
110330,0
110331,0
110332,0
110333,0
110334,0
110336,0
110338,1
110339,1
110340,0
110341,0
110342,0
110343,0
110344,0
110345,1
110346,0
110347,0
110348,0
110349,0
110351,0
110352,0
110353,0
110354,0
110355,0
110356,0
110357,0
110358,0
110359,0
110360,0
110361,0
110362,0
110363,0
110364,0
110365,0
110366,0
110367,0
110368,0
110369,0
110370,0
110371,0
110373,0
110374,0
110375,0
110376,0
110377,1
110378,0
110380,0
110381,0
110382,1
110383,1
110384,0
110385,1
110386,1
110387,0
110389,0
110390,0
110391,0
110392,1
110393,0
110395,0
110397,0
110398,0
110399,0
110400,0
110401,0
110402,1
110403,0
110404,0
110405,0
110406,0
110407,0
110408,0
110409,0
110410,0
110411,0
110413,0
110415,1
110416,0
110417,0
110419,0
110420,0
110421,1
110422,1
110423,0
110424,0
110425,0
110426,0
110427,0
110428,0
110429,0
110431,0
110432,0
110433,1
110434,0
110435,0
110436,0
110437,0
110438,0
110439,1
110441,0
110442,0
110443,0
110444,0
110445,0
110446,0
110447,0
110448,0
110449,0
110450,0
110451,0
110452,0
110453,0
110454,1
110455,0
110456,1
110457,0
110458,0
110459,0
110460,0
110461,0
110462,0
110463,0
110464,0
110466,0
110467,0
110468,0
110469,0
110470,0
110471,0
110472,0
110473,0
110474,0
110475,0
110476,0
110477,0
110478,0
110479,0
110480,0
110481,0
110482,0
110483,0
110484,0
110485,0
110486,0
110487,1
110488,0
110489,0
110490,0
110491,0
110492,0
110494,1
110496,1
110497,1
110498,0
110499,0
110500,0
110501,0
110503,1
110505,1
110507,0
110508,0
110509,0
110510,0
110511,0
110512,0
110513,1
110514,1
110519,1
110520,1
110522,0
110523,1
110525,0
110526,0
110528,0
110529,0
110530,1
110531,0
110533,0
110534,0
110535,0
110536,0
110537,0
110539,0
110540,0
110541,1
110542,1
110543,0
110544,0
110545,0
110546,1
110547,0
110550,0
110551,0
110552,0
110553,0
110554,0
110555,1
110556,0
110557,0
110558,0
110560,0
110561,0
110563,0
110564,0
110565,0
110566,1
110567,0
110568,0
110569,0
110570,1
110571,1
110574,0
110575,0
110576,0
110577,0
110578,0
110579,0
110580,0
110581,0
110582,0
110583,0
110584,0
110585,0
110586,0
110587,0
110589,0
110590,1
110591,0
110592,0
110593,0
110594,0
110595,0
110596,0
110597,1
110598,0
110600,0
110601,0
110603,0
110604,0
110605,1
110606,1
110607,0
110608,0
110609,0
110610,0
110611,0
110612,0
110613,1
110614,0
110615,0
110616,0
110617,0
110618,0
110619,0
110620,1
110621,0
110622,0
110623,0
110624,1
110625,0
110626,0
110627,1
110628,0
110629,0
110630,0
110631,0
110632,0
110633,0
110634,0
110636,0
110637,1
110638,0
110640,1
110641,0
110642,1
110643,0
110644,0
110645,1
110646,1
110648,0
110649,0
110650,1
110651,0
110652,0
110653,0
110654,0
110655,0
110656,0
110657,0
110658,0
110660,0
110661,0
110662,1
110663,1
110664,0
110665,0
110666,0
110667,0
110668,0
110669,0
110670,0
110671,0
110672,0
110673,0
110674,0
110675,0
110676,1
110677,0
110678,1
110679,0
110681,0
110682,0
110683,0
110684,1
110685,0
110686,0
110687,0
110688,0
110689,0
110690,1
110691,0
110692,0
110693,1
110694,1
110695,0
110696,0
110697,0
110698,1
110699,1
110700,0
110701,1
110702,0
110703,0
110704,0
110705,0
110706,0
110707,0
110708,0
110709,0
110710,0
110712,1
110713,0
110714,0
110715,0
110716,0
110717,0
110718,0
110719,1
110720,1
110721,1
110722,0
110724,0
110725,0
110726,0
110727,0
110728,1
110729,0
110730,0
110731,0
110732,1
110734,0
110735,0
110736,0
110737,0
110738,1
110740,0
110741,1
110742,0
110743,0
110744,0
110745,0
110746,0
110747,0
110748,0
110749,0
110750,0
110751,1
110752,0
110753,0
110754,0
110755,0
110756,0
110757,0
110759,0
110760,0
110761,0
110762,0
110763,0
110764,0
110765,0
110768,1
110769,0
110770,0
110771,0
110772,0
110773,0
110774,0
110775,0
110776,0
110777,0
110778,0
110779,0
110780,0
110781,0
110782,0
110783,0
110784,0
110786,0
110787,0
110788,0
110789,0
110790,1
110791,0
110792,0
110793,0
110794,0
110795,0
110796,0
110797,0
110798,0
110799,0
110800,0
110801,0
110802,0
110803,0
110804,0
110805,0
110806,0
110807,0
110808,0
110809,0
110810,0
110811,0
110812,0
110813,1
110814,0
110815,0
110816,0
110817,0
110819,0
110820,0
110821,0
110822,1
110823,0
110824,0
110825,0
110826,0
110827,0
110828,0
110829,0
110830,0
110831,0
110832,0
110833,0
110834,0
110835,0
110836,0
110837,0
110838,0
110839,1
110840,0
110841,0
110842,0
110843,0
110844,1
110845,1
110846,0
110847,1
110848,0
110849,0
110850,0
110851,0
110852,0
110853,0
110854,0
110855,0
110856,0
110857,0
110858,0
110859,0
110860,0
110861,1
110862,0
110863,0
110864,1
110867,0
110868,0
110869,0
110870,0
110871,0
110872,0
110873,0
110874,0
110875,0
110876,0
110877,0
110878,0
110879,0
110880,0
110881,0
110882,0
110883,0
110884,1
110885,0
110886,0
110887,1
110888,0
110889,0
110890,1
110891,0
110892,0
110893,0
110894,0
110895,0
110896,0
110897,0
110898,1
110899,0
110900,0
110901,0
110902,1
110903,0
110904,0
110905,0
110906,0
110907,0
110908,0
110909,0
110910,0
110911,0
110912,0
110913,0
110914,0
110916,0
110917,0
110918,0
110919,0
110920,0
110921,0
110922,0
110923,0
110924,0
110925,0
110926,0
110927,0
110928,0
110929,0
110931,0
110932,0
110934,0
110935,0
110936,0
110937,0
110938,0
110939,0
110940,0
110941,0
110942,0
110943,0
110944,0
110945,0
110946,0
110948,0
110949,0
110950,0
110951,0
110952,0
110953,0
110954,0
110955,0
110956,0
110959,0
110960,0
110961,0
110962,0
110963,0
110964,0
110965,0
110966,0
110967,0
110968,0
110969,0
110970,0
110971,0
110972,0
110973,1
110974,0
110975,0
110976,0
110977,0
110978,0
110979,0
110980,0
110981,0
110982,0
110983,0
110984,0
110987,0
110988,0
110989,0
110990,0
110991,0
110993,0
110994,0
110995,0
110996,0
110998,0
110999,0
111000,0
111001,0
111002,0
111003,0
111004,1
111005,0
111006,0
111007,0
111008,0
111009,0
111010,0
111011,0
111012,0
111013,0
111014,0
111015,0
111016,0
111017,0
111018,1
111019,1
111020,0
111021,0
111022,1
111023,0
111024,0
111026,0
111027,1
111028,1
111029,0
111030,0
111031,0
111032,0
111033,0
111034,0
111035,0
111036,0
111037,0
111039,0
111040,0
111041,0
111042,0
111043,0
111044,0
111045,0
111047,0
111049,0
111050,1
111051,0
111052,0
111053,0
111054,1
111055,0
111056,0
111057,0
111058,0
111059,0
111060,1
111061,0
111062,0
111063,0
111064,0
111065,0
111066,0
111067,0
111068,0
111069,0
111070,0
111071,0
111072,0
111073,0
111074,1
111075,0
111076,0
111077,0
111078,0
111079,1
111080,1
111081,0
111082,0
111083,0
111084,0
111085,0
111086,0
111087,1
111088,0
111089,0
111091,0
111092,0
111093,1
111094,0
111095,0
111096,0
111097,0
111098,0
111099,0
111100,0
111101,1
111102,0
111103,1
111104,0
111105,0
111106,1
111107,0
111108,1
111109,0
111110,0
111111,0
111112,0
111113,0
111114,0
111115,0
111116,0
111117,0
111118,0
111119,1
111120,1
111123,0
111124,0
111125,1
111126,1
111127,0
111128,0
111129,0
111130,0
111131,0
111132,1
111133,0
111134,0
111135,0
111136,1
111137,0
111138,0
111139,1
111140,0
111141,0
111143,0
111144,0
111146,1
111148,0
111149,0
111150,0
111151,0
111152,0
111153,0
111154,0
111155,0
111156,0
111157,0
111158,0
111159,0
111160,0
111161,0
111162,0
111163,0
111164,1
111165,1
111166,0
111167,0
111168,0
111169,0
111170,1
111171,0
111172,0
111173,1
111174,0
111175,1
111176,1
111177,0
111178,0
111179,0
111180,1
111181,1
111182,0
111183,0
111184,0
111185,0
111186,0
111187,0
111189,0
111190,0
111191,0
111192,0
111193,0
111194,0
111195,0
111196,0
111197,0
111198,0
111199,0
111200,0
111201,1
111202,0
111203,1
111204,0
111205,0
111206,0
111207,1
111208,0
111209,1
111210,0
111211,0
111212,0
111213,0
111214,0
111215,0
111216,1
111217,0
111218,0
111219,0
111220,0
111222,0
111223,0
111224,0
111225,1
111227,0
111228,0
111229,0
111230,0
111231,0
111233,0
111234,0
111235,1
111237,0
111238,0
111239,0
111240,0
111241,0
111242,0
111243,0
111244,0
111245,0
111246,0
111247,0
111248,1
111249,0
111251,1
111252,0
111253,1
111254,0
111255,1
111257,0
111258,0
111259,0
111260,0
111261,0
111262,1
111263,1
111264,0
111265,0
111266,0
111267,0
111268,0
111269,0
111270,1
111271,0
111272,1
111273,0
111274,1
111275,0
111276,0
111277,0
111279,1
111280,0
111281,0
111282,1
111283,0
111284,0
111285,0
111286,0
111287,1
111289,1
111290,0
111292,0
111293,0
111294,1
111295,1
111296,0
111297,1
111298,0
111299,1
111300,1
111301,0
111303,1
111304,0
111305,0
111306,0
111307,0
111308,1
111309,0
111310,0
111311,0
111312,1
111313,1
111314,1
111315,0
111316,1
111317,0
111319,0
111320,1
111321,0
111322,0
111323,0
111324,0
111325,0
111326,0
111327,0
111328,0
111329,0
111330,0
111331,0
111332,0
111333,0
111334,1
111335,1
111336,0
111337,1
111338,1
111339,1
111341,1
111342,0
111343,0
111344,1
111345,0
111346,1
111347,0
111348,0
111349,0
111350,0
111351,1
111352,0
111353,0
111354,1
111355,0
111356,0
111357,0
111358,0
111359,0
111361,0
111362,0
111363,1
111364,1
111365,1
111366,1
111367,1
111368,0
111369,1
111370,0
111371,0
111372,0
111373,0
111374,1
111375,0
111376,1
111378,1
111379,0
111380,0
111381,1
111382,1
111383,0
111384,1
111385,0
111386,0
111387,0
111388,0
111389,0
111390,0
111391,0
111392,0
111393,0
111394,0
111395,0
111396,0
111397,0
111398,0
111399,0
111400,0
111401,0
111402,0
111405,0
111406,0
111407,0
111408,0
111410,0
111411,0
111412,0
111413,0
111414,0
111416,1
111417,0
111418,0
111419,0
111420,0
111421,0
111422,0
111423,1
111424,1
111425,0
111426,0
111427,1
111428,1
111429,0
111430,0
111431,0
111432,1
111433,1
111434,1
111436,0
111437,0
111438,0
111439,0
111440,0
111441,0
111442,0
111443,0
111444,0
111445,0
111446,0
111447,0
111448,0
111449,1
111450,1
111451,0
111452,0
111453,0
111454,0
111455,0
111456,0
111458,1
111459,1
111460,1
111461,1
111462,1
111463,1
111464,0
111465,1
111466,0
111467,0
111468,0
111469,0
111470,0
111471,0
111472,0
111473,1
111474,0
111475,0
111476,0
111477,0
111478,0
111479,0
111480,0
111481,0
111482,0
111483,0
111484,0
111485,0
111487,1
111488,0
111489,0
111490,0
111491,0
111493,0
111495,0
111496,0
111497,0
111498,0
111499,0
111501,0
111502,0
111503,0
111504,0
111505,0
111506,0
111507,1
111509,1
111510,0
111511,1
111512,0
111513,0
111514,0
111515,0
111516,0
111517,0
111518,0
111520,0
111521,0
111522,0
111523,0
111524,0
111525,0
111526,0
111527,0
111528,0
111529,0
111530,0
111531,0
111532,0
111533,1
111536,0
111537,1
111539,0
111540,0
111541,1
111542,0
111543,0
111544,0
111545,0
111547,0
111548,0
111549,1
111550,0
111551,1
111552,1
111553,0
111554,0
111555,0
111556,0
111557,0
111558,0
111559,0
111560,0
111561,0
111562,1
111563,0
111565,0
111566,0
111567,0
111568,1
111569,0
111570,0
111571,0
111572,1
111573,0
111574,0
111575,0
111576,0
111577,0
111578,0
111579,1
111580,0
111581,1
111582,0
111583,0
111584,0
111585,0
111586,1
111587,0
111588,0
111589,0
111590,1
111591,0
111592,1
111593,0
111595,0
111596,0
111597,1
111598,1
111599,1
111600,0
111601,0
111602,0
111603,0
111604,0
111605,0
111607,0
111608,0
111609,0
111610,0
111611,1
111612,0
111613,0
111614,0
111615,0
111616,0
111617,0
111618,0
111619,0
111620,0
111621,0
111622,0
111623,0
111624,0
111625,1
111626,1
111628,0
111629,0
111630,0
111631,0
111632,0
111633,0
111634,0
111635,0
111636,1
111637,0
111638,0
111639,0
111641,0
111642,0
111643,0
111644,0
111645,0
111646,0
111647,0
111648,0
111649,1
111651,0
111652,1
111653,0
111654,1
111655,0
111656,0
111657,0
111658,0
111659,1
111660,0
111661,1
111662,1
111664,0
111666,0
111667,0
111668,0
111669,0
111670,1
111671,1
111672,1
111673,0
111674,0
111676,0
111677,0
111678,0
111679,0
111680,0
111682,0
111683,0
111684,0
111685,1
111686,1
111687,0
111688,0
111689,0
111690,0
111691,0
111692,1
111693,0
111694,0
111695,0
111696,0
111697,0
111698,0
111699,0
111700,0
111701,0
111703,0
111704,0
111705,0
111706,0
111707,1
111708,0
111709,0
111710,0
111711,0
111712,0
111714,0
111715,0
111716,1
111717,0
111718,0
111719,0
111720,0
111722,1
111723,0
111724,0
111725,1
111726,0
111727,0
111728,0
111729,0
111730,1
111731,0
111732,1
111733,1
111734,0
111735,0
111736,0
111737,1
111738,0
111739,1
111740,0
111741,0
111742,1
111743,1
111744,1
111745,0
111746,0
111747,0
111748,0
111749,1
111750,0
111751,0
111752,1
111753,1
111754,0
111756,0
111757,0
111758,0
111759,1
111760,0
111761,0
111762,0
111763,0
111764,1
111765,0
111766,0
111767,0
111768,0
111769,0
111770,0
111771,1
111772,0
111773,0
111774,0
111775,0
111776,1
111777,1
111778,1
111779,0
111780,1
111781,1
111782,1
111783,0
111784,1
111785,0
111786,0
111787,1
111788,0
111789,1
111790,0
111791,0
111792,0
111793,0
111794,0
111795,1
111796,1
111797,1
111798,1
111799,0
111800,0
111801,0
111802,0
111803,0
111804,0
111805,0
111807,0
111808,1
111809,0
111810,0
111811,0
111812,0
111813,0
111814,0
111815,1
111816,1
111817,0
111819,0
111820,1
111821,1
111822,0
111824,0
111826,0
111827,1
111828,0
111829,0
111830,1
111832,0
111833,0
111834,1
111835,0
111836,1
111837,1
111838,0
111839,0
111840,0
111841,1
111842,1
111843,0
111844,1
111845,1
111846,0
111847,0
111848,0
111849,0
111850,1
111851,0
111852,0
111853,0
111854,0
111855,0
111856,0
111857,0
111858,1
111859,0
111860,0
111861,1
111863,1
111864,1
111865,0
111866,0
111867,1
111868,0
111869,0
111870,0
111871,1
111872,0
111873,1
111874,1
111875,0
111876,0
111877,0
111878,0
111879,0
111880,0
111881,0
111882,0
111883,0
111884,0
111885,1
111886,0
111887,0
111888,1
111889,0
111890,1
111891,0
111892,0
111893,1
111894,0
111895,0
111896,0
111897,0
111898,0
111899,0
111900,0
111901,1
111902,0
111903,0
111904,0
111905,0
111906,0
111907,0
111908,0
111909,0
111910,0
111911,0
111912,0
111913,0
111914,1
111915,0
111916,0
111917,0
111918,0
111919,0
111921,0
111922,0
111923,1
111924,0
111925,0
111926,1
111927,0
111928,0
111929,0
111930,0
111931,0
111932,0
111933,1
111934,0
111935,0
111936,0
111937,0
111938,0
111939,0
111940,1
111941,1
111943,1
111945,1
111946,0
111947,1
111948,0
111949,0
111950,1
111951,0
111952,0
111953,0
111954,1
111955,1
111956,1
111957,0
111958,0
111959,1
111960,0
111961,0
111963,1
111964,1
111965,1
111966,1
111967,1
111970,1
111971,1
111973,0
111974,0
111975,0
111976,0
111978,0
111979,0
111980,0
111981,0
111982,1
111983,0
111984,0
111985,0
111986,1
111987,0
111988,0
111989,1
111990,1
111991,1
111992,1
111993,0
111994,0
111995,0
111996,1
111997,0
111998,0
111999,0
112000,0
112001,0
112002,0
112003,0
112004,0
112005,0
112006,0
112007,0
112008,1
112009,0
112010,0
112011,0
112012,0
112013,0
112014,0
112016,1
112017,1
112018,0
112019,0
112020,0
112021,0
112022,0
112023,0
112024,0
112025,0
112026,0
112027,0
112029,0
112030,1
112031,0
112032,0
112033,1
112034,0
112036,1
112037,0
112038,0
112039,0
112040,0
112041,0
112042,0
112043,1
112044,0
112045,0
112046,0
112047,0
112048,0
112049,0
112050,0
112051,0
112052,0
112053,1
112054,1
112055,1
112056,1
112057,0
112058,0
112059,1
112060,0
112061,1
112062,0
112063,1
112064,1
112065,0
112066,1
112067,0
112068,1
112069,1
112070,0
112071,0
112072,0
112073,0
112074,0
112075,0
112076,1
112077,0
112079,0
112080,0
112081,0
112082,0
112083,0
112084,0
112085,0
112086,0
112087,0
112088,0
112089,1
112090,0
112091,1
112092,0
112093,0
112094,0
112095,1
112096,0
112097,0
112098,0
112099,0
112100,0
112101,0
112102,0
112103,0
112104,0
112105,1
112106,0
112107,0
112108,0
112109,0
112110,0
112111,0
112112,0
112113,0
112114,0
112115,0
112116,0
112117,0
112118,0
112119,0
112120,0
112121,0
112122,0
112123,1
112124,0
112125,0
112126,0
112127,0
112128,0
112129,0
112130,1
112131,1
112132,0
112133,0
112134,0
112135,0
112136,0
112137,0
112138,0
112139,0
112140,0
112141,0
112142,0
112143,0
112144,1
112145,0
112146,1
112147,0
112148,0
112149,0
112150,0
112151,0
112152,0
112153,0
112154,0
112155,0
112157,0
112158,0
112159,0
112160,1
112161,0
112162,1
112163,0
112164,0
112166,0
112167,0
112168,0
112170,1
112171,1
112172,0
112174,1
112175,0
112176,0
112177,1
112178,1
112179,0
112180,0
112181,0
112182,0
112183,1
112184,1
112185,0
112186,0
112187,0
112188,1
112189,1
112190,1
112191,1
112192,1
112193,1
112194,0
112195,0
112196,0
112197,0
112198,1
112201,0
112202,0
112203,0
112204,0
112205,1
112206,0
112207,0
112208,1
112209,0
112210,0
112211,0
112212,1
112213,0
112214,0
112215,0
112216,1
112217,0
112218,0
112219,0
112220,0
112221,0
112222,1
112223,0
112225,0
112226,0
112227,0
112228,1
112229,0
112230,0
112231,0
112232,0
112233,0
112234,0
112235,1
112236,0
112237,0
112238,0
112239,0
112240,0
112241,0
112242,1
112243,0
112244,0
112245,0
112246,1
112247,0
112248,1
112249,0
112250,0
112251,1
112252,0
112253,0
112254,0
112255,0
112256,1
112257,0
112258,0
112259,0
112260,1
112261,0
112262,0
112263,1
112264,1
112265,1
112266,0
112267,0
112268,0
112269,0
112270,0
112272,0
112273,0
112274,1
112276,0
112277,1
112278,0
112279,1
112280,0
112281,0
112282,0
112283,0
112284,0
112285,0
112286,0
112287,0
112288,0
112289,1
112290,1
112291,0
112292,0
112293,0
112294,1
112295,0
112296,0
112297,0
112298,0
112299,0
112300,0
112301,0
112302,1
112303,0
112304,0
112305,0
112306,0
112307,0
112308,0
112309,0
112310,0
112311,0
112312,0
112313,0
112314,0
112315,0
112316,0
112317,0
112318,1
112319,0
112320,0
112321,0
112322,1
112323,1
112324,0
112325,0
112326,0
112327,1
112328,1
112329,1
112330,0
112331,1
112332,0
112333,0
112334,0
112335,0
112336,0
112337,0
112338,0
112339,1
112340,1
112341,0
112342,0
112343,1
112344,1
112345,0
112346,0
112347,0
112348,0
112349,0
112350,0
112351,0
112352,0
112353,0
112354,0
112355,0
112356,0
112357,0
112359,0
112360,0
112361,0
112362,1
112363,0
112364,1
112365,0
112366,0
112367,0
112368,0
112369,0
112370,0
112371,0
112372,0
112373,0
112374,0
112375,0
112376,1
112377,0
112378,0
112379,0
112380,1
112381,0
112382,0
112383,0
112385,0
112386,0
112387,0
112388,0
112389,0
112390,0
112391,0
112392,0
112394,0
112395,0
112396,0
112397,0
112399,1
112400,0
112401,0
112402,0
112403,1
112404,0
112405,0
112406,0
112407,0
112408,1
112409,1
112410,0
112411,0
112412,0
112413,0
112414,0
112415,1
112416,0
112417,0
112418,1
112419,1
112420,1
112421,0
112422,0
112423,0
112424,0
112425,0
112427,0
112428,0
112429,0
112431,0
112432,0
112433,0
112434,0
112435,0
112437,0
112438,1
112439,0
112440,0
112441,1
112442,0
112443,0
112444,1
112445,0
112446,0
112447,0
112448,0
112449,0
112450,0
112451,1
112452,0
112453,0
112454,0
112456,0
112457,1
112458,1
112460,0
112461,0
112462,1
112463,0
112464,0
112465,1
112466,1
112467,0
112468,0
112469,0
112470,0
112471,0
112472,0
112473,0
112474,0
112476,0
112479,0
112481,0
112482,0
112483,0
112484,0
112487,0
112488,0
112489,0
112490,0
112492,1
112493,1
112494,0
112495,0
112496,1
112497,0
112498,0
112499,0
112500,0
112501,0
112502,0
112503,0
112504,0
112505,0
112506,1
112507,1
112508,0
112509,1
112510,0
112511,0
112512,0
112513,0
112514,0
112515,1
112516,0
112517,0
112519,0
112520,0
112521,0
112522,0
112523,0
112524,0
112525,0
112526,1
112527,0
112528,0
112529,0
112531,1
112532,0
112533,0
112534,0
112535,0
112536,1
112537,1
112538,1
112539,0
112541,0
112542,1
112543,0
112544,1
112545,0
112546,0
112547,1
112548,0
112549,0
112550,0
112551,0
112552,0
112553,0
112554,0
112555,0
112556,0
112557,0
112558,0
112559,1
112560,0
112561,0
112562,0
112563,1
112564,0
112565,0
112566,0
112567,0
112568,0
112569,0
112570,0
112571,0
112572,0
112574,0
112575,0
112576,1
112577,0
112578,1
112579,0
112580,0
112581,0
112582,0
112583,1
112585,0
112586,0
112587,0
112588,0
112589,0
112590,0
112591,1
112592,0
112593,0
112594,0
112595,0
112596,0
112597,0
112598,0
112599,0
112600,0
112601,1
112602,0
112603,0
112604,1
112605,0
112606,0
112607,0
112608,1
112609,0
112610,0
112611,1
112612,0
112613,0
112614,0
112615,1
112616,1
112617,1
112618,1
112619,1
112620,0
112621,0
112622,1
112623,1
112624,0
112625,1
112626,1
112627,1
112628,0
112629,0
112630,0
112631,1
112632,0
112633,1
112634,0
112635,0
112636,1
112637,0
112638,0
112639,0
112640,0
112641,0
112642,1
112643,1
112644,0
112645,1
112646,0
112647,1
112648,0
112649,0
112650,0
112651,1
112652,0
112653,1
112654,1
112655,1
112656,1
112657,0
112658,0
112659,0
112660,0
112661,0
112662,0
112663,1
112664,0
112665,1
112666,1
112667,0
112668,0
112669,0
112670,1
112671,1
112672,1
112673,0
112674,0
112675,0
112676,0
112679,0
112680,0
112681,1
112683,0
112684,1
112685,1
112686,0
112687,0
112688,0
112689,0
112690,1
112691,1
112692,1
112693,0
112694,0
112695,0
112696,0
112697,0
112698,0
112700,0
112701,0
112702,0
112703,0
112704,0
112706,0
112707,0
112708,0
112709,0
112710,0
112711,1
112712,0
112713,0
112714,1
112715,0
112716,0
112717,0
112719,1
112720,0
112721,0
112722,0
112723,0
112724,0
112725,0
112726,0
112727,0
112728,0
112729,0
112731,1
112732,0
112733,1
112734,0
112735,0
112736,0
112737,0
112738,0
112739,0
112740,0
112741,0
112742,1
112743,1
112744,0
112745,0
112746,0
112747,0
112748,0
112749,0
112750,1
112751,1
112752,0
112753,1
112754,0
112755,1
112756,1
112758,0
112759,1
112760,1
112761,0
112762,1
112763,1
112764,0
112765,0
112766,0
112767,0
112768,1
112769,0
112770,1
112771,0
112772,0
112773,0
112774,1
112776,0
112778,0
112779,0
112780,1
112781,0
112783,0
112784,0
112785,0
112786,0
112787,0
112788,0
112789,0
112790,0
112791,0
112793,0
112794,1
112795,1
112796,0
112797,0
112798,0
112799,0
112800,0
112801,0
112802,0
112803,1
112804,0
112805,1
112806,0
112807,0
112808,0
112809,1
112810,1
112811,0
112813,1
112814,1
112815,0
112816,1
112817,0
112818,0
112819,0
112820,0
112821,0
112822,0
112823,0
112824,0
112825,1
112826,1
112827,0
112828,0
112829,0
112830,0
112831,0
112832,1
112833,0
112836,0
112837,0
112838,0
112839,1
112840,0
112841,0
112842,0
112843,0
112844,0
112845,0
112846,0
112847,1
112849,0
112851,0
112852,0
112853,0
112854,0
112855,1
112856,0
112857,0
112858,0
112859,1
112860,0
112861,1
112862,0
112864,0
112865,0
112866,1
112867,0
112868,0
112869,0
112870,0
112871,0
112872,0
112873,1
112874,0
112876,1
112877,1
112878,0
112879,0
112880,0
112881,1
112882,1
112883,0
112884,1
112885,0
112886,0
112887,0
112888,0
112889,0
112890,1
112891,1
112892,0
112893,1
112894,0
112895,0
112896,0
112897,0
112898,0
112899,0
112900,1
112901,0
112902,0
112903,0
112904,0
112905,0
112907,1
112908,0
112909,0
112910,0
112911,0
112912,0
112914,0
112915,0
112916,0
112918,0
112919,0
112920,0
112921,0
112922,0
112923,0
112925,1
112926,0
112927,0
112928,0
112929,0
112930,0
112931,0
112932,0
112933,0
112934,0
112935,0
112936,0
112937,0
112938,0
112939,0
112940,0
112941,0
112943,1
112944,0
112945,0
112946,0
112947,0
112948,0
112949,0
112950,0
112951,0
112952,1
112953,0
112955,1
112956,0
112957,0
112958,0
112959,0
112960,0
112961,0
112962,0
112963,0
112965,0
112966,0
112967,0
112968,1
112969,0
112971,0
112972,0
112973,0
112974,0
112975,0
112976,0
112977,0
112978,0
112979,0
112980,0
112981,0
112983,0
112984,0
112985,1
112986,0
112987,1
112988,1
112989,1
112990,0
112991,0
112992,0
112993,0
112994,1
112996,0
112997,0
112998,0
112999,0
113000,0
113001,1
113002,0
113003,0
113004,0
113005,0
113006,1
113007,0
113008,0
113011,0
113012,0
113013,0
113015,0
113016,0
113017,0
113018,0
113019,1
113020,0
113021,1
113022,1
113023,1
113025,1
113026,0
113027,0
113028,0
113029,0
113030,0
113031,0
113032,0
113033,0
113034,0
113035,0
113036,0
113037,0
113038,0
113039,1
113040,1
113041,0
113042,0
113043,0
113044,0
113045,0
113046,1
113047,0
113048,0
113049,0
113050,0
113051,0
113052,0
113053,0
113054,0
113055,0
113056,0
113058,0
113059,0
113061,0
113062,0
113063,0
113064,0
113065,0
113066,0
113067,0
113068,0
113070,0
113071,0
113073,0
113074,0
113075,0
113076,0
113077,0
113078,0
113079,0
113080,0
113081,1
113082,0
113083,1
113084,0
113086,0
113087,0
113088,0
113089,0
113090,0
113091,0
113092,0
113093,1
113094,1
113095,0
113096,0
113097,0
113098,0
113099,0
113100,0
113101,0
113102,0
113103,0
113104,1
113105,0
113106,0
113107,0
113108,0
113109,0
113110,0
113111,0
113112,1
113113,0
113114,0
113117,0
113118,0
113119,0
113120,0
113123,1
113124,0
113125,0
113126,0
113127,0
113128,0
113129,1
113131,1
113133,0
113134,0
113135,0
113136,0
113137,0
113138,0
113139,0
113140,0
113141,0
113143,0
113144,0
113145,0
113146,0
113148,0
113150,0
113151,1
113152,0
113154,0
113156,0
113157,0
113158,0
113159,0
113160,0
113162,0
113163,0
113164,0
113165,1
113166,0
113167,0
113168,0
113169,0
113170,0
113171,0
113172,0
113174,1
113175,1
113176,0
113177,0
113179,0
113180,0
113181,0
113182,0
113183,0
113184,0
113185,0
113186,0
113187,0
113188,0
113189,0
113190,0
113192,0
113194,0
113195,0
113196,0
113197,0
113198,0
113199,0
113200,0
113201,0
113202,0
113203,0
113205,0
113206,0
113207,0
113208,0
113209,0
113210,0
113211,0
113212,0
113213,0
113214,0
113215,1
113216,0
113217,0
113218,0
113220,0
113221,1
113222,0
113223,0
113224,0
113225,1
113227,0
113228,0
113229,0
113230,0
113231,1
113232,0
113233,0
113235,0
113236,0
113237,0
113238,0
113239,1
113240,0
113241,0
113242,1
113243,1
113244,0
113246,0
113247,0
113248,0
113249,0
113250,0
113251,1
113252,1
113253,0
113254,0
113255,0
113256,0
113257,0
113258,0
113259,0
113260,0
113261,0
113263,0
113266,1
113267,0
113268,0
113270,1
113271,0
113272,0
113273,0
113274,0
113275,0
113276,0
113277,1
113278,0
113279,0
113280,0
113281,0
113282,1
113283,0
113284,0
113285,0
113286,0
113287,0
113289,0
113290,0
113291,0
113292,0
113293,0
113294,0
113295,0
113296,0
113297,0
113298,0
113299,0
113300,0
113301,0
113302,0
113303,0
113304,0
113305,0
113306,0
113307,0
113308,0
113309,0
113310,0
113311,1
113313,0
113314,0
113315,1
113316,0
113317,0
113318,0
113319,0
113321,0
113322,0
113323,0
113324,0
113326,0
113327,0
113328,0
113329,1
113330,1
113331,1
113332,0
113333,0
113335,0
113336,0
113337,0
113338,0
113339,0
113341,0
113342,1
113344,0
113345,0
113346,1
113347,0
113348,0
113349,1
113352,1
113353,0
113354,1
113355,0
113356,0
113358,0
113359,1
113360,1
113361,0
113362,0
113363,0
113364,0
113365,1
113366,0
113367,0
113368,0
113369,0
113370,0
113371,0
113372,0
113373,0
113374,0
113375,0
113376,1
113377,0
113378,0
113379,0
113380,0
113381,0
113382,0
113383,0
113384,0
113385,0
113386,0
113387,0
113388,0
113389,0
113390,0
113391,0
113392,0
113393,0
113394,0
113395,0
113396,0
113397,0
113398,0
113399,0
113400,0
113401,0
113402,1
113403,0
113404,0
113405,0
113406,0
113407,0
113408,0
113409,0
113410,0
113411,0
113413,0
113414,0
113415,0
113416,0
113417,1
113418,0
113419,0
113420,0
113421,0
113422,0
113423,0
113424,0
113425,0
113426,0
113427,1
113428,1
113429,0
113430,0
113431,0
113432,0
113436,0
113437,0
113438,0
113439,0
113440,0
113441,0
113442,1
113443,0
113444,0
113445,0
113446,0
113447,0
113448,1
113449,0
113450,0
113451,0
113452,0
113453,0
113454,0
113455,0
113456,0
113457,1
113458,1
113459,0
113460,0
113461,0
113462,0
113463,0
113464,0
113465,0
113466,0
113467,1
113468,0
113469,0
113470,0
113472,0
113473,1
113474,0
113475,0
113476,0
113477,0
113478,1
113479,0
113480,0
113481,0
113482,0
113483,0
113484,0
113485,0
113486,0
113487,1
113488,1
113489,0
113490,0
113491,1
113492,0
113493,0
113494,0
113495,0
113496,0
113497,0
113499,0
113500,0
113501,0
113502,0
113503,0
113504,0
113505,0
113506,0
113507,0
113508,0
113509,0
113510,0
113511,0
113512,0
113513,0
113514,0
113515,0
113516,0
113517,0
113518,0
113519,0
113520,0
113521,0
113522,0
113523,0
113524,1
113525,0
113526,0
113527,0
113528,0
113529,0
113530,1
113531,0
113532,0
113533,0
113534,0
113535,1
113536,1
113538,0
113539,0
113540,0
113542,0
113543,0
113544,0
113545,1
113546,1
113547,0
113548,0
113549,0
113550,0
113551,1
113553,0
113554,0
113555,0
113556,0
113557,0
113558,0
113559,1
113560,0
113561,0
113562,0
113563,0
113564,0
113565,0
113566,0
113567,1
113568,1
113569,0
113570,0
113571,0
113573,0
113574,0
113575,0
113576,1
113577,1
113578,1
113579,1
113580,0
113581,1
113582,0
113583,0
113584,0
113585,0
113586,0
113587,1
113588,0
113589,0
113590,0
113591,1
113592,0
113593,0
113594,0
113595,0
113596,0
113597,0
113598,0
113599,1
113600,0
113601,0
113602,0
113603,0
113604,1
113605,0
113606,0
113609,1
113610,0
113611,0
113612,0
113613,0
113614,0
113615,0
113616,0
113617,1
113618,0
113619,0
113620,0
113621,1
113622,0
113623,0
113624,0
113625,0
113626,0
113627,1
113628,0
113629,1
113631,1
113632,0
113633,0
113634,0
113635,0
113636,0
113637,0
113638,0
113639,1
113640,0
113641,0
113642,0
113643,0
113644,0
113645,1
113646,0
113647,0
113648,1
113649,0
113650,0
113651,0
113652,0
113653,0
113654,0
113655,1
113656,0
113657,1
113658,0
113659,1
113660,0
113661,0
113662,0
113663,0
113664,0
113665,0
113666,0
113668,0
113669,0
113670,0
113671,0
113672,0
113673,0
113674,0
113675,0
113676,0
113677,0
113678,0
113679,0
113681,0
113682,0
113683,0
113686,0
113687,0
113688,1
113689,0
113690,0
113691,0
113692,0
113693,0
113694,0
113695,0
113696,0
113697,0
113698,0
113699,0
113700,0
113701,0
113702,0
113703,1
113704,0
113705,0
113706,0
113707,0
113708,0
113709,1
113710,0
113711,0
113712,1
113713,0
113714,0
113715,1
113717,1
113718,0
113719,0
113720,1
113721,0
113722,0
113724,0
113725,1
113726,0
113727,0
113728,0
113729,0
113730,0
113731,0
113732,0
113733,0
113735,0
113736,1
113737,0
113738,0
113739,0
113741,0
113742,0
113743,0
113744,0
113745,0
113746,0
113747,0
113749,0
113750,1
113751,0
113752,1
113753,0
113754,1
113756,1
113757,0
113758,0
113759,0
113760,0
113761,0
113762,1
113763,1
113764,0
113765,0
113766,0
113767,0
113768,0
113769,0
113770,0
113771,0
113772,0
113774,0
113775,0
113777,0
113778,0
113779,0
113780,0
113781,0
113782,0
113783,0
113784,0
113786,0
113787,1
113788,0
113789,0
113790,0
113791,0
113792,0
113794,0
113795,0
113796,1
113797,0
113798,0
113799,0
113800,0
113801,0
113802,0
113803,0
113804,0
113805,0
113806,1
113807,0
113808,0
113809,0
113810,0
113811,0
113812,0
113813,0
113814,0
113816,0
113818,0
113819,0
113820,0
113821,0
113822,0
113823,1
113824,0
113825,0
113826,0
113828,0
113829,0
113830,0
113831,0
113832,0
113833,0
113834,1
113835,0
113836,0
113838,1
113839,0
113840,0
113841,0
113842,0
113843,0
113844,0
113845,0
113848,1
113849,0
113850,0
113851,0
113852,0
113853,0
113854,1
113855,0
113856,0
113857,0
113858,0
113859,0
113860,0
113861,0
113862,1
113863,0
113864,0
113865,0
113866,0
113867,0
113868,0
113869,0
113870,0
113871,0
113873,0
113874,0
113875,0
113876,0
113877,0
113878,0
113879,0
113880,0
113881,0
113882,0
113883,0
113884,0
113885,0
113886,1
113887,0
113888,0
113889,0
113890,1
113891,1
113892,0
113893,0
113894,0
113895,1
113896,0
113897,0
113898,0
113901,0
113902,0
113903,0
113904,1
113905,0
113906,0
113907,0
113908,0
113909,0
113910,0
113911,0
113912,1
113913,0
113914,0
113915,0
113916,0
113917,1
113918,0
113919,0
113920,0
113922,1
113923,0
113925,0
113926,0
113927,0
113928,0
113929,1
113930,1
113931,1
113932,1
113933,0
113934,1
113935,0
113936,0
113937,0
113938,0
113939,0
113940,0
113941,0
113942,0
113943,0
113944,0
113945,0
113947,0
113948,1
113949,0
113950,1
113951,0
113952,1
113953,1
113954,0
113955,0
113956,0
113958,1
113959,0
113960,1
113961,0
113962,0
113963,0
113964,0
113965,0
113966,0
113967,0
113969,0
113970,0
113971,0
113972,1
113973,0
113974,0
113975,0
113976,1
113977,0
113978,0
113979,0
113980,0
113981,0
113982,0
113984,0
113986,0
113987,0
113988,0
113989,0
113990,0
113991,0
113993,0
113994,0
113995,0
113996,0
113997,0
113998,0
113999,0
114000,0
114001,0
114003,0
114004,0
114006,0
114007,1
114009,0
114010,1
114011,0
114012,0
114013,0
114014,0
114015,0
114016,0
114017,0
114018,0
114019,0
114020,1
114021,0
114022,0
114023,0
114024,0
114025,0
114026,0
114027,0
114028,0
114030,0
114031,0
114032,0
114033,0
114034,1
114035,0
114036,1
114037,0
114039,0
114040,1
114042,0
114043,0
114044,0
114045,1
114047,0
114048,1
114049,0
114050,0
114051,0
114052,1
114053,0
114054,0
114055,0
114056,0
114057,1
114058,0
114059,0
114060,0
114061,0
114062,0
114063,0
114064,0
114065,0
114066,0
114068,0
114069,0
114070,0
114071,0
114072,0
114073,0
114074,0
114076,0
114077,0
114078,0
114079,0
114080,0
114081,0
114082,0
114083,0
114084,1
114085,0
114087,0
114088,0
114089,1
114090,0
114091,0
114092,0
114093,0
114094,0
114095,1
114096,0
114097,0
114098,0
114099,0
114100,0
114101,0
114104,0
114105,1
114106,1
114107,0
114108,0
114109,0
114110,0
114111,0
114112,0
114113,0
114114,1
114115,1
114116,0
114117,0
114119,1
114120,0
114121,0
114122,0
114123,0
114124,0
114125,0
114126,0
114127,0
114128,0
114129,0
114130,0
114131,1
114132,0
114133,0
114134,1
114135,1
114137,0
114138,0
114139,0
114140,0
114141,0
114142,0
114143,0
114144,0
114145,0
114146,0
114147,0
114148,0
114149,0
114150,0
114151,0
114152,0
114153,0
114154,1
114155,0
114156,0
114157,0
114158,0
114159,0
114160,0
114161,0
114162,0
114163,0
114164,0
114165,0
114166,1
114167,0
114168,0
114169,1
114170,0
114171,1
114172,0
114173,1
114174,0
114175,1
114176,1
114177,0
114178,0
114179,0
114181,0
114182,0
114183,0
114184,0
114185,1
114186,0
114187,0
114188,0
114189,0
114190,0
114191,0
114192,0
114193,0
114194,0
114195,0
114196,0
114197,0
114198,0
114199,0
114200,0
114201,0
114202,0
114203,0
114204,0
114206,0
114207,0
114208,0
114209,0
114210,0
114211,0
114212,0
114213,0
114214,1
114215,0
114216,1
114217,0
114218,0
114219,0
114220,1
114221,0
114222,0
114223,1
114224,0
114225,0
114226,0
114227,0
114228,0
114229,0
114230,0
114231,0
114233,0
114235,0
114237,1
114238,0
114239,0
114240,1
114241,1
114242,0
114244,0
114245,1
114246,0
114247,0
114248,1
114249,0
114250,0
114251,0
114252,0
114253,0
114254,0
114255,0
114256,1
114257,0
114258,1
114259,0
114260,0
114261,0
114262,0
114263,0
114264,1
114265,0
114266,0
114267,0
114268,0
114269,0
114270,0
114271,0
114272,0
114273,0
114274,0
114275,0
114276,0
114277,0
114278,1
114280,0
114281,0
114282,0
114283,1
114284,1
114285,1
114286,0
114287,0
114288,0
114289,0
114290,0
114291,0
114292,0
114293,0
114295,0
114296,0
114297,0
114298,1
114299,0
114300,1
114301,0
114302,0
114303,0
114305,0
114306,0
114307,0
114309,0
114310,1
114311,0
114312,1
114313,1
114314,1
114315,1
114316,1
114317,0
114318,0
114319,0
114320,0
114321,0
114322,0
114324,0
114325,0
114326,0
114327,0
114328,0
114329,1
114331,0
114332,0
114333,0
114335,0
114336,0
114337,0
114339,1
114341,0
114342,0
114343,0
114344,0
114346,1
114347,1
114348,0
114349,1
114350,1
114351,0
114352,1
114353,0
114354,1
114355,0
114356,0
114357,0
114358,0
114359,0
114361,0
114363,0
114364,0
114365,0
114366,0
114367,1
114368,0
114369,0
114370,1
114371,0
114372,0
114373,0
114374,0
114375,0
114376,0
114377,0
114379,0
114382,0
114383,0
114384,0
114385,0
114386,1
114388,0
114389,0
114390,0
114391,0
114392,1
114393,0
114394,1
114395,1
114396,0
114397,1
114398,1
114399,1
114400,0
114401,0
114402,0
114403,0
114404,1
114405,1
114406,0
114407,1
114408,0
114409,1
114410,1
114411,0
114412,0
114413,0
114414,0
114415,0
114416,0
114417,0
114418,0
114419,0
114421,0
114422,1
114423,0
114424,0
114425,0
114426,0
114427,0
114428,0
114429,0
114430,0
114431,0
114432,0
114433,0
114434,0
114435,0
114436,0
114437,0
114438,0
114439,0
114440,0
114441,1
114443,0
114444,0
114445,0
114446,0
114447,0
114449,0
114450,0
114451,0
114452,0
114453,0
114454,0
114455,0
114456,0
114457,0
114458,0
114459,0
114460,0
114461,0
114462,0
114463,0
114464,0
114465,0
114466,0
114467,1
114469,1
114470,0
114471,0
114472,0
114473,0
114474,0
114475,0
114476,0
114477,1
114478,1
114479,0
114480,0
114481,0
114482,0
114483,0
114484,0
114485,0
114486,0
114487,0
114488,0
114489,0
114490,0
114491,0
114492,0
114493,0
114494,0
114495,0
114496,0
114497,0
114498,0
114499,0
114500,0
114502,0
114503,0
114504,0
114505,0
114506,0
114507,1
114508,0
114509,0
114510,0
114511,0
114512,0
114513,0
114514,0
114515,0
114516,0
114517,0
114518,1
114519,1
114520,0
114521,0
114522,0
114523,0
114524,0
114525,0
114526,1
114527,0
114528,0
114529,0
114530,0
114531,1
114532,0
114533,0
114534,0
114535,0
114536,0
114537,0
114538,0
114539,0
114540,0
114541,0
114542,0
114543,0
114544,1
114545,0
114546,0
114547,0
114548,0
114549,0
114550,0
114551,0
114552,0
114554,0
114555,1
114556,0
114557,0
114558,1
114559,0
114560,1
114561,1
114562,0
114563,0
114564,0
114565,1
114566,1
114567,1
114568,0
114569,0
114570,0
114571,0
114572,0
114573,1
114574,0
114575,0
114576,0
114578,0
114579,1
114580,0
114581,0
114582,0
114583,0
114584,0
114585,1
114586,0
114587,0
114588,0
114589,0
114590,0
114591,0
114592,0
114594,0
114595,0
114596,0
114597,1
114598,0
114599,0
114600,0
114601,0
114602,0
114603,1
114605,1
114606,1
114607,1
114608,0
114610,0
114612,1
114613,0
114614,1
114616,0
114617,0
114618,0
114619,0
114620,0
114621,0
114622,0
114623,0
114624,0
114625,0
114627,0
114628,0
114629,0
114630,0
114631,0
114632,0
114633,1
114635,0
114636,0
114637,0
114638,0
114639,0
114640,0
114641,0
114642,0
114644,0
114645,0
114647,0
114648,0
114649,0
114650,1
114652,0
114653,0
114654,1
114655,0
114656,0
114657,0
114658,0
114659,0
114660,0
114661,0
114662,0
114663,0
114664,0
114665,1
114666,0
114667,0
114668,0
114669,0
114670,0
114671,0
114673,0
114674,1
114675,0
114676,0
114677,1
114679,0
114680,0
114681,0
114682,0
114683,0
114684,0
114685,0
114686,0
114687,0
114688,0
114689,0
114690,0
114691,0
114692,0
114693,0
114694,0
114695,0
114696,0
114697,0
114698,1
114699,1
114700,0
114701,0
114702,0
114705,1
114706,0
114707,0
114708,0
114709,1
114710,0
114711,1
114712,0
114713,1
114714,1
114715,0
114716,0
114717,0
114718,1
114719,0
114720,0
114722,0
114723,0
114724,0
114725,0
114726,0
114727,0
114728,0
114729,0
114730,0
114731,0
114732,1
114733,1
114734,0
114735,0
114736,0
114737,1
114738,0
114739,1
114740,0
114742,0
114743,0
114744,1
114745,0
114746,0
114748,0
114750,0
114751,0
114752,0
114753,0
114754,0
114755,0
114756,0
114757,0
114758,0
114760,1
114762,0
114763,1
114764,1
114765,0
114766,0
114767,0
114768,0
114769,0
114771,0
114772,0
114773,0
114774,0
114776,0
114777,0
114778,0
114779,0
114781,0
114782,1
114783,1
114784,1
114785,1
114786,1
114787,0
114788,1
114789,1
114790,1
114791,1
114792,0
114793,0
114794,0
114795,1
114796,0
114797,0
114798,0
114799,1
114801,1
114802,0
114803,0
114804,0
114805,0
114806,1
114807,0
114808,0
114809,1
114810,1
114813,0
114814,0
114817,0
114818,1
114819,1
114820,1
114821,0
114822,0
114823,0
114825,0
114826,0
114827,1
114828,0
114829,1
114830,0
114831,0
114832,0
114833,0
114834,0
114835,0
114837,0
114838,0
114839,0
114840,0
114841,0
114842,0
114843,0
114845,1
114846,1
114847,0
114848,0
114849,0
114850,0
114851,0
114852,0
114853,0
114854,0
114855,0
114856,0
114858,0
114859,0
114860,0
114861,1
114862,0
114864,0
114865,0
114866,0
114867,0
114868,1
114869,0
114870,1
114871,0
114872,1
114873,1
114874,0
114875,0
114876,1
114877,0
114878,0
114879,0
114880,0
114881,1
114882,0
114883,0
114884,0
114885,0
114886,0
114887,0
114888,0
114889,0
114890,0
114891,0
114892,0
114893,1
114894,0
114895,1
114896,0
114897,0
114898,0
114899,0
114900,1
114901,0
114902,0
114903,0
114904,0
114905,0
114906,1
114910,0
114911,0
114912,0
114913,0
114914,1
114915,0
114916,0
114917,0
114918,0
114919,0
114920,0
114921,1
114922,0
114923,0
114924,0
114925,0
114926,0
114927,0
114928,0
114929,0
114930,0
114931,0
114932,1
114933,0
114934,1
114935,0
114936,1
114937,0
114940,0
114941,0
114943,0
114945,1
114946,1
114947,0
114948,0
114949,0
114950,0
114951,1
114952,0
114953,0
114954,0
114955,0
114956,0
114957,0
114961,0
114962,0
114963,0
114964,0
114965,1
114966,0
114967,0
114968,0
114969,0
114970,0
114971,1
114972,0
114974,0
114975,0
114976,0
114977,0
114978,0
114979,0
114980,0
114981,0
114982,0
114983,0
114984,1
114985,0
114986,0
114987,0
114988,0
114989,0
114990,0
114991,0
114992,0
114993,0
114994,0
114995,0
114996,0
114997,1
114998,1
114999,1
115000,1
115001,0
115002,0
115003,0
115004,1
115005,0
115006,0
115007,0
115008,0
115009,1
115010,1
115011,1
115012,0
115013,0
115014,1
115015,0
115016,1
115017,0
115018,0
115020,0
115021,0
115022,0
115024,1
115025,1
115027,0
115028,0
115029,0
115030,0
115031,0
115032,1
115033,1
115034,0
115035,0
115036,0
115037,0
115038,0
115039,0
115040,0
115041,0
115042,1
115043,0
115044,0
115045,0
115046,0
115047,0
115048,0
115049,0
115051,0
115052,0
115053,1
115054,0
115055,0
115056,1
115058,0
115059,0
115060,1
115061,0
115062,0
115063,1
115064,0
115065,0
115066,0
115067,0
115068,0
115069,0
115070,0
115071,0
115072,0
115073,0
115074,0
115075,0
115076,0
115077,1
115078,0
115079,0
115080,0
115081,0
115082,0
115083,1
115087,1
115089,0
115090,0
115091,0
115093,1
115094,1
115095,0
115096,0
115097,0
115098,0
115099,0
115100,0
115101,0
115102,0
115103,1
115104,0
115105,0
115106,0
115107,1
115108,1
115109,0
115110,0
115111,0
115112,0
115114,0
115115,0
115116,0
115117,1
115118,0
115119,0
115120,1
115121,0
115122,0
115123,0
115124,0
115126,1
115127,1
115128,0
115129,0
115130,1
115131,0
115132,0
115133,1
115134,1
115135,1
115136,0
115137,1
115138,0
115139,0
115140,1
115141,0
115142,0
115143,0
115144,0
115145,0
115146,0
115147,0
115148,0
115149,0
115150,0
115151,1
115152,0
115153,0
115154,0
115155,1
115156,0
115157,0
115158,0
115159,0
115160,0
115161,0
115163,0
115164,0
115165,0
115166,0
115167,0
115168,0
115169,0
115170,0
115171,0
115172,0
115174,1
115175,1
115176,0
115177,1
115178,1
115179,1
115180,1
115181,1
115182,0
115183,1
115184,0
115185,0
115186,0
115187,0
115188,1
115190,0
115191,0
115194,0
115196,0
115197,0
115198,0
115199,0
115200,0
115201,1
115202,0
115203,0
115204,0
115205,0
115206,0
115207,0
115208,0
115209,0
115210,0
115212,0
115213,0
115214,0
115216,0
115217,0
115218,0
115219,0
115220,0
115222,1
115223,0
115224,0
115225,0
115226,0
115227,0
115228,0
115229,1
115230,0
115231,1
115232,0
115234,0
115235,1
115237,1
115238,0
115239,0
115240,1
115241,0
115243,0
115246,0
115247,0
115248,1
115250,0
115252,1
115253,0
115254,0
115255,0
115256,0
115257,0
115258,1
115259,1
115260,0
115261,1
115262,0
115263,0
115265,0
115266,0
115268,0
115269,0
115270,0
115274,0
115275,0
115276,0
115277,0
115278,0
115279,0
115280,1
115281,0
115283,0
115284,0
115285,0
115286,0
115287,0
115288,0
115289,0
115292,0
115293,0
115294,0
115295,1
115296,0
115297,0
115298,0
115299,0
115300,0
115301,0
115302,0
115303,0
115304,0
115305,0
115306,1
115307,0
115308,0
115309,0
115310,0
115311,0
115312,0
115313,0
115314,0
115315,0
115316,1
115317,0
115318,0
115320,0
115321,0
115322,1
115323,0
115324,0
115325,0
115326,0
115327,0
115328,0
115329,0
115330,0
115331,0
115332,0
115333,0
115334,1
115335,0
115336,1
115337,1
115338,1
115339,1
115340,1
115341,1
115342,0
115343,0
115344,0
115346,0
115348,0
115349,0
115350,0
115351,0
115352,0
115353,0
115354,0
115355,0
115357,0
115358,0
115359,1
115360,0
115361,0
115362,0
115363,0
115364,0
115365,1
115366,1
115367,0
115368,0
115369,0
115370,0
115371,0
115372,1
115373,0
115374,0
115375,0
115376,0
115377,1
115380,1
115383,0
115384,1
115387,0
115388,0
115389,0
115390,0
115393,0
115394,1
115395,0
115397,0
115398,1
115399,0
115401,0
115403,0
115404,0
115405,0
115406,1
115407,0
115408,1
115409,1
115410,0
115412,0
115413,0
115414,1
115415,0
115416,0
115417,0
115418,0
115419,0
115420,0
115421,0
115422,0
115423,0
115424,0
115425,0
115426,0
115427,0
115428,0
115429,0
115430,0
115431,0
115432,0
115433,1
115435,0
115438,1
115439,0
115440,0
115441,0
115442,0
115443,1
115444,0
115445,0
115446,0
115449,0
115450,0
115451,0
115452,0
115453,1
115454,0
115455,0
115456,0
115457,0
115458,0
115459,0
115460,0
115461,0
115462,0
115463,0
115465,0
115466,0
115468,0
115469,0
115470,0
115471,0
115472,0
115473,1
115474,0
115475,0
115476,1
115477,0
115478,1
115479,1
115483,0
115484,1
115486,0
115487,0
115488,0
115489,0
115490,0
115491,0
115492,1
115493,0
115494,0
115495,0
115496,0
115497,0
115498,0
115499,0
115500,0
115501,0
115502,0
115503,0
115504,0
115505,0
115506,0
115507,1
115508,0
115509,0
115510,1
115511,0
115512,0
115513,0
115514,0
115515,0
115516,1
115517,1
115519,0
115520,1
115521,0
115522,0
115523,0
115524,0
115525,0
115526,0
115527,0
115528,0
115529,0
115530,0
115531,1
115532,0
115533,0
115534,0
115535,0
115536,0
115537,0
115538,0
115539,0
115540,0
115541,0
115542,1
115543,1
115544,0
115545,0
115546,0
115547,0
115548,0
115550,0
115551,1
115552,0
115553,0
115554,0
115555,1
115556,0
115557,0
115558,1
115559,1
115560,1
115561,0
115562,0
115563,0
115564,0
115565,0
115566,0
115567,0
115568,0
115569,0
115570,0
115571,0
115572,0
115573,0
115574,0
115575,0
115576,1
115577,0
115579,0
115580,0
115581,0
115584,0
115585,0
115586,1
115587,0
115588,0
115589,0
115590,0
115591,0
115592,0
115593,0
115594,0
115596,1
115597,0
115598,0
115599,1
115603,1
115604,0
115605,0
115606,0
115608,0
115609,0
115610,0
115611,0
115612,0
115613,0
115614,0
115615,0
115616,0
115617,0
115618,1
115621,1
115622,0
115623,0
115625,0
115626,0
115627,1
115628,0
115629,0
115630,0
115631,1
115632,0
115633,0
115634,1
115637,1
115638,1
115639,0
115640,0
115641,0
115642,1
115643,0
115644,0
115645,0
115646,0
115647,0
115648,1
115649,0
115650,0
115651,0
115652,0
115653,0
115654,0
115655,0
115656,0
115657,0
115658,0
115659,0
115660,0
115661,0
115662,0
115663,0
115664,0
115665,0
115666,0
115667,0
115670,0
115671,0
115672,0
115673,1
115674,0
115675,0
115676,1
115677,0
115678,0
115679,0
115680,0
115681,0
115682,0
115683,1
115684,0
115685,1
115686,0
115687,0
115688,0
115689,0
115690,0
115691,1
115693,0
115694,0
115695,0
115696,0
115697,1
115698,1
115699,0
115700,0
115701,1
115702,0
115703,0
115704,0
115705,0
115706,0
115707,0
115708,1
115709,1
115710,0
115711,0
115712,1
115713,1
115714,1
115716,0
115717,0
115718,1
115719,0
115720,0
115721,0
115722,0
115723,0
115724,0
115725,0
115726,0
115727,0
115728,0
115729,0
115731,1
115732,0
115733,0
115734,0
115735,0
115736,0
115737,0
115738,0
115739,1
115740,1
115741,0
115742,0
115743,0
115744,0
115745,0
115746,0
115747,0
115748,0
115749,0
115750,0
115751,0
115752,1
115753,0
115754,1
115755,1
115756,0
115757,0
115758,0
115759,0
115760,0
115761,0
115762,0
115763,0
115764,0
115765,0
115766,0
115767,0
115768,0
115769,0
115770,0
115771,1
115774,0
115775,0
115776,0
115777,0
115778,0
115779,0
115780,0
115781,0
115782,0
115783,0
115784,0
115785,0
115786,0
115788,0
115789,0
115790,0
115791,0
115792,0
115793,0
115794,0
115795,0
115796,0
115797,0
115798,1
115799,1
115800,0
115801,0
115802,0
115803,0
115804,0
115805,0
115806,0
115807,0
115808,0
115809,0
115810,0
115811,1
115812,0
115813,0
115814,0
115815,0
115816,0
115818,0
115819,0
115820,1
115821,0
115822,0
115823,1
115824,0
115825,1
115826,1
115827,0
115828,1
115829,0
115830,0
115831,0
115832,0
115833,0
115834,0
115835,0
115836,1
115837,0
115838,0
115839,0
115840,0
115841,1
115843,1
115844,1
115845,0
115846,0
115847,1
115848,0
115849,1
115850,1
115851,1
115852,1
115853,0
115854,0
115855,0
115859,0
115860,0
115861,0
115862,0
115866,0
115867,0
115868,1
115869,0
115870,0
115871,0
115872,1
115873,1
115874,1
115875,0
115876,0
115877,0
115878,0
115879,0
115880,0
115881,0
115882,0
115883,1
115885,0
115886,0
115887,0
115888,0
115890,0
115892,0
115893,0
115894,0
115895,1
115897,1
115903,0
115904,0
115905,0
115906,0
115907,0
115908,0
115909,0
115910,0
115911,0
115912,0
115913,0
115914,0
115915,0
115916,0
115917,0
115918,0
115919,0
115920,0
115921,0
115922,0
115924,0
115925,0
115926,0
115927,0
115930,1
115931,0
115932,0
115933,0
115934,1
115935,0
115936,0
115937,0
115938,0
115939,0
115940,0
115941,0
115942,0
115943,0
115944,0
115945,0
115946,1
115947,0
115948,0
115949,0
115950,0
115951,0
115952,1
115953,1
115954,0
115955,1
115956,0
115957,0
115958,0
115959,0
115960,0
115961,0
115962,0
115963,0
115964,0
115965,0
115966,1
115967,0
115968,0
115969,1
115971,0
115972,0
115973,0
115974,0
115975,0
115976,0
115977,1
115978,0
115979,0
115980,0
115981,0
115982,0
115983,0
115984,0
115985,0
115986,0
115987,0
115988,0
115989,0
115990,0
115991,0
115992,0
115993,0
115994,0
115995,0
115996,1
115997,0
115998,0
115999,0
116000,0
116001,0
116002,0
116003,1
116004,1
116005,1
116006,1
116007,0
116009,0
116010,1
116011,0
116012,0
116013,0
116014,1
116015,0
116016,0
116017,0
116018,0
116019,0
116020,0
116021,0
116022,0
116023,0
116024,0
116025,0
116026,0
116027,0
116028,0
116030,0
116031,0
116032,1
116033,1
116034,0
116035,0
116036,0
116037,0
116038,1
116039,0
116040,0
116041,0
116042,0
116043,0
116044,0
116045,0
116046,0
116047,0
116048,0
116049,0
116050,0
116051,0
116052,0
116053,0
116054,0
116055,0
116056,0
116057,0
116058,0
116059,0
116060,0
116061,0
116062,0
116063,0
116064,0
116065,0
116066,0
116067,1
116069,0
116070,0
116071,0
116072,0
116073,0
116075,0
116076,0
116077,0
116078,1
116079,0
116080,0
116081,0
116082,1
116083,0
116084,0
116085,0
116086,1
116087,0
116088,0
116089,0
116090,1
116091,1
116092,0
116093,0
116094,1
116095,0
116096,0
116097,0
116098,1
116099,1
116100,0
116101,1
116102,0
116103,0
116104,0
116105,0
116106,1
116107,0
116108,1
116109,0
116110,0
116111,0
116112,0
116113,0
116114,1
116115,0
116116,0
116117,0
116118,0
116119,0
116120,0
116121,1
116122,0
116123,1
116124,0
116125,0
116126,0
116127,0
116128,0
116129,0
116130,0
116131,0
116132,0
116133,0
116134,1
116135,0
116136,0
116137,1
116138,0
116139,0
116140,0
116141,0
116142,0
116143,0
116144,1
116145,0
116146,0
116149,0
116150,0
116151,0
116152,1
116153,1
116154,0
116155,0
116156,0
116157,0
116158,0
116159,0
116160,1
116161,0
116162,0
116163,0
116164,0
116165,0
116166,0
116167,1
116169,1
116170,0
116171,0
116172,0
116173,0
116174,0
116175,1
116176,0
116177,0
116178,1
116179,1
116180,0
116181,0
116182,0
116183,1
116184,0
116185,0
116186,0
116187,0
116188,0
116189,1
116190,0
116191,0
116192,1
116193,1
116194,1
116195,1
116196,0
116197,0
116198,0
116199,0
116200,0
116201,0
116202,0
116203,1
116204,0
116206,0
116207,0
116208,0
116210,0
116211,0
116212,0
116213,0
116214,0
116215,0
116217,0
116218,0
116219,0
116220,0
116221,0
116222,0
116223,0
116224,0
116225,0
116226,0
116227,0
116228,0
116229,0
116230,0
116231,0
116232,0
116233,0
116234,0
116235,0
116236,0
116237,0
116238,0
116239,0
116240,0
116241,0
116242,1
116243,0
116244,0
116246,0
116247,0
116250,0
116251,0
116252,0
116253,1
116254,0
116255,0
116256,0
116257,0
116258,1
116259,0
116260,0
116261,0
116262,0
116263,0
116264,0
116265,0
116266,0
116267,0
116268,0
116269,0
116270,0
116271,0
116272,0
116273,0
116274,0
116275,0
116277,0
116278,0
116279,0
116280,0
116281,0
116282,0
116283,0
116284,0
116285,0
116286,1
116287,1
116288,0
116289,0
116290,0
116291,0
116292,0
116294,0
116295,0
116296,1
116297,0
116298,0
116299,0
116300,1
116301,0
116302,0
116303,0
116304,1
116305,0
116306,1
116307,1
116308,0
116309,0
116310,0
116311,0
116312,0
116313,0
116314,0
116315,0
116316,0
116317,0
116318,0
116319,0
116320,0
116321,0
116322,0
116323,0
116324,0
116325,0
116326,0
116327,1
116328,0
116329,0
116330,0
116331,0
116332,0
116333,0
116334,0
116335,0
116336,1
116337,0
116338,0
116339,0
116340,0
116342,0
116343,0
116344,0
116345,1
116346,1
116347,0
116348,0
116349,0
116350,0
116351,1
116352,1
116353,0
116355,0
116356,0
116357,0
116358,0
116359,1
116360,0
116361,0
116362,1
116363,1
116364,1
116365,0
116366,0
116367,0
116368,1
116369,1
116371,1
116372,1
116373,0
116374,1
116375,0
116376,0
116379,0
116380,0
116381,0
116382,0
116383,0
116384,0
116385,0
116386,0
116387,0
116388,0
116389,0
116390,0
116392,0
116393,0
116394,0
116395,0
116396,0
116397,0
116398,0
116399,0
116400,0
116401,0
116402,1
116403,0
116404,0
116405,0
116406,0
116407,0
116408,1
116409,0
116410,0
116411,0
116412,0
116413,0
116414,0
116415,0
116416,1
116417,0
116418,0
116419,0
116420,0
116421,0
116422,0
116423,0
116424,0
116425,0
116426,0
116427,0
116428,0
116429,0
116430,0
116431,0
116432,1
116433,0
116434,0
116435,0
116436,0
116437,0
116438,0
116440,0
116441,0
116442,0
116443,0
116444,1
116445,1
116446,1
116447,1
116448,0
116449,1
116450,0
116451,0
116452,0
116453,0
116454,0
116455,0
116456,1
116457,0
116458,0
116459,0
116460,0
116461,0
116462,0
116463,0
116464,1
116465,0
116466,0
116467,0
116468,0
116469,0
116470,0
116471,0
116472,0
116473,0
116474,0
116475,0
116476,0
116477,0
116478,0
116479,1
116480,0
116481,0
116482,0
116483,0
116484,0
116485,0
116486,0
116487,1
116488,0
116489,0
116490,0
116491,0
116492,1
116493,0
116494,0
116495,0
116496,0
116497,0
116498,0
116499,0
116500,0
116501,0
116502,0
116503,0
116504,0
116506,0
116507,0
116508,0
116509,0
116510,0
116511,0
116512,0
116513,0
116516,1
116517,0
116518,1
116519,0
116521,0
116522,0
116523,0
116524,0
116525,0
116526,0
116527,0
116528,0
116529,0
116530,0
116531,0
116532,0
116533,0
116534,0
116535,0
116536,0
116537,0
116538,0
116539,0
116540,1
116541,1
116542,1
116543,0
116544,0
116545,0
116546,0
116547,0
116548,0
116549,0
116550,0
116551,0
116552,0
116553,0
116554,1
116555,0
116556,0
116557,0
116558,1
116559,0
116560,1
116561,0
116563,1
116564,0
116565,1
116566,1
116567,1
116568,1
116569,1
116570,0
116571,1
116572,1
116573,1
116574,0
116575,0
116576,0
116577,0
116578,1
116579,1
116580,1
116581,1
116582,1
116583,1
116584,0
116585,0
116586,0
116587,0
116588,1
116589,0
116590,1
116591,0
116592,0
116593,0
116594,0
116596,0
116597,1
116598,0
116599,0
116600,0
116601,0
116602,1
116603,1
116604,0
116605,0
116606,0
116607,0
116608,0
116609,0
116610,0
116611,0
116613,1
116614,1
116615,0
116616,0
116617,0
116618,0
116619,0
116620,0
116621,0
116622,1
116624,0
116625,0
116626,0
116627,0
116628,0
116629,0
116630,0
116631,0
116632,0
116633,0
116634,0
116635,1
116636,0
116637,0
116638,0
116639,0
116640,1
116641,0
116642,0
116644,0
116645,0
116646,0
116647,0
116648,0
116649,0
116650,1
116651,0
116652,0
116653,1
116654,1
116655,0
116656,0
116657,0
116658,0
116659,0
116660,0
116661,0
116662,0
116663,0
116664,0
116665,1
116666,0
116667,0
116668,1
116669,0
116670,0
116671,0
116672,0
116674,1
116675,0
116676,1
116677,0
116678,0
116679,0
116680,0
116681,0
116682,0
116683,0
116684,0
116685,0
116686,0
116687,0
116688,1
116689,0
116690,1
116691,0
116692,0
116693,0
116694,0
116695,0
116697,1
116698,0
116699,0
116700,1
116701,1
116704,0
116705,1
116706,1
116707,1
116708,1
116709,0
116710,0
116713,0
116714,0
116715,0
116716,0
116717,0
116718,1
116719,0
116720,1
116721,0
116723,0
116724,0
116725,1
116726,0
116727,0
116728,0
116729,0
116730,0
116731,0
116733,1
116734,1
116735,1
116736,0
116738,0
116739,0
116740,0
116741,0
116742,1
116743,0
116744,0
116745,1
116746,0
116747,0
116748,0
116749,0
116750,0
116751,1
116752,0
116753,0
116754,0
116755,0
116756,0
116757,1
116758,0
116759,0
116760,0
116761,1
116762,0
116763,0
116764,0
116765,0
116766,0
116767,0
116768,0
116769,1
116770,0
116771,1
116772,0
116773,1
116774,1
116775,1
116776,1
116777,0
116778,0
116779,0
116780,0
116781,0
116782,0
116783,1
116784,0
116785,0
116786,0
116787,0
116789,0
116790,0
116791,0
116792,0
116793,1
116794,0
116795,0
116796,1
116797,0
116798,0
116799,0
116800,0
116801,0
116802,0
116803,0
116804,1
116805,0
116807,1
116808,1
116809,0
116810,1
116811,0
116812,0
116813,0
116814,0
116815,0
116816,0
116817,0
116818,0
116819,1
116820,1
116821,0
116822,1
116823,0
116825,0
116826,0
116827,0
116828,0
116829,0
116830,0
116831,0
116832,1
116833,0
116834,0
116835,1
116836,0
116837,1
116838,1
116839,1
116840,1
116841,0
116842,1
116843,0
116844,1
116845,1
116846,1
116847,0
116848,0
116850,0
116851,1
116852,1
116853,0
116855,1
116857,0
116858,1
116859,1
116860,1
116861,1
116862,0
116863,1
116864,1
116865,1
116866,0
116867,1
116868,1
116869,0
116870,1
116871,1
116872,0
116873,1
116874,1
116875,0
116876,0
116877,0
116878,0
116879,0
116880,0
116881,0
116882,1
116883,0
116884,0
116885,1
116886,0
116887,0
116888,0
116889,0
116890,0
116891,0
116892,0
116893,0
116894,0
116895,1
116896,1
116897,0
116898,0
116899,0
116900,1
116901,0
116902,0
116903,0
116904,0
116905,0
116906,0
116907,0
116908,0
116909,0
116910,0
116911,0
116912,0
116913,0
116914,0
116915,0
116916,0
116917,0
116918,0
116919,0
116920,0
116921,0
116922,1
116923,0
116924,0
116925,0
116926,0
116927,0
116928,0
116929,0
116930,0
116931,0
116932,0
116933,0
116934,0
116935,0
116936,0
116937,1
116938,0
116939,0
116940,0
116941,0
116942,0
116943,0
116944,0
116945,1
116946,0
116947,1
116951,0
116952,0
116953,0
116954,0
116955,0
116956,0
116957,0
116958,0
116959,0
116960,0
116961,0
116962,0
116963,0
116964,0
116965,0
116966,0
116967,0
116969,1
116970,0
116971,0
116972,0
116973,0
116974,0
116975,1
116977,1
116978,1
116981,0
116982,0
116983,1
116984,0
116985,1
116986,0
116987,0
116988,0
116989,1
116990,1
116991,1
116992,0
116993,0
116994,0
116995,0
116996,1
116997,1
116998,0
116999,0
117000,1
117001,0
117002,1
117003,1
117004,0
117005,0
117006,0
117007,1
117008,0
117009,0
117010,0
117011,1
117012,0
117013,0
117014,0
117015,0
117016,0
117017,0
117018,0
117019,0
117020,0
117021,0
117022,0
117023,1
117024,0
117025,1
117026,0
117028,0
117029,0
117030,0
117031,0
117032,0
117033,0
117034,0
117035,0
117036,0
117037,0
117038,0
117039,0
117040,0
117041,0
117042,0
117043,0
117044,0
117045,0
117046,0
117047,0
117048,0
117049,0
117050,0
117051,0
117052,0
117053,1
117054,1
117055,0
117056,0
117058,0
117059,0
117060,0
117061,0
117062,0
117063,1
117064,0
117065,0
117066,1
117067,1
117068,0
117069,0
117070,0
117071,0
117072,0
117073,0
117074,0
117075,1
117076,1
117078,0
117079,0
117080,0
117081,0
117083,0
117084,1
117085,1
117086,1
117087,0
117088,0
117089,0
117090,0
117091,0
117092,0
117093,0
117095,1
117096,0
117097,1
117098,0
117099,0
117100,0
117101,0
117102,1
117103,0
117104,0
117105,1
117106,1
117107,0
117108,0
117109,0
117110,1
117111,0
117112,0
117113,0
117114,1
117115,0
117116,0
117117,0
117118,0
117119,0
117120,0
117121,1
117122,1
117124,0
117125,1
117126,0
117127,0
117128,0
117129,0
117130,0
117131,0
117132,1
117133,0
117134,0
117135,0
117136,1
117137,0
117138,0
117139,0
117140,0
117141,0
117142,0
117143,0
117144,0
117145,0
117146,0
117147,0
117148,0
117149,0
117150,0
117151,0
117152,0
117153,0
117154,0
117155,0
117156,1
117157,0
117158,1
117159,1
117160,1
117161,0
117162,1
117163,1
117164,1
117165,0
117166,0
117167,0
117168,0
117169,0
117170,0
117171,1
117172,0
117173,1
117174,0
117175,0
117176,0
117177,0
117178,0
117179,0
117180,0
117181,0
117182,0
117183,0
117185,0
117186,0
117187,1
117189,0
117190,0
117191,0
117192,0
117193,0
117194,0
117195,0
117196,0
117197,1
117198,0
117199,1
117200,0
117201,0
117202,0
117203,0
117204,0
117205,0
117206,0
117207,0
117208,0
117209,0
117210,0
117211,1
117212,1
117213,0
117214,1
117215,0
117216,0
117218,0
117219,0
117220,1
117221,1
117222,0
117223,1
117224,1
117225,0
117226,0
117227,0
117228,0
117229,0
117231,0
117232,0
117233,0
117234,0
117235,0
117236,1
117237,0
117238,0
117239,0
117240,1
117241,0
117242,1
117243,0
117244,1
117245,0
117246,0
117247,0
117248,1
117249,0
117250,1
117251,0
117252,0
117253,0
117255,1
117256,1
117257,0
117258,0
117259,0
117260,0
117261,1
117262,0
117263,0
117264,0
117265,0
117266,0
117268,0
117269,0
117270,0
117271,1
117273,0
117274,1
117275,0
117276,0
117277,1
117278,1
117279,1
117280,0
117281,0
117282,0
117283,0
117284,0
117285,0
117286,0
117287,1
117288,1
117289,1
117290,0
117291,0
117292,1
117294,0
117295,0
117296,1
117297,1
117298,0
117299,0
117300,0
117301,0
117302,1
117303,1
117304,0
117305,0
117306,0
117307,0
117308,0
117309,0
117310,0
117311,0
117312,1
117313,1
117315,0
117316,1
117317,0
117318,1
117319,0
117320,0
117321,0
117322,0
117323,0
117324,1
117325,1
117326,0
117328,0
117329,0
117330,0
117331,0
117332,0
117333,0
117334,0
117335,0
117336,0
117337,0
117338,0
117339,0
117340,0
117341,1
117342,0
117343,0
117344,0
117345,0
117346,0
117347,1
117348,0
117349,0
117350,0
117351,1
117352,0
117353,0
117354,0
117355,0
117356,0
117357,0
117358,0
117359,0
117360,0
117361,0
117362,0
117363,0
117364,0
117365,1
117366,1
117367,0
117368,0
117369,0
117370,0
117371,0
117372,0
117373,0
117374,0
117375,1
117376,0
117377,0
117378,0
117379,0
117380,0
117381,0
117382,0
117383,1
117384,0
117385,0
117386,0
117387,1
117388,1
117389,0
117390,0
117391,0
117392,1
117393,0
117394,0
117395,0
117396,0
117397,0
117398,0
117399,0
117400,1
117401,0
117402,0
117403,0
117405,0
117406,0
117408,0
117409,0
117410,0
117411,0
117412,1
117413,1
117414,0
117415,0
117416,0
117417,1
117418,0
117420,0
117421,0
117423,0
117424,1
117425,0
117426,0
117427,0
117428,1
117429,0
117430,1
117431,0
117432,0
117433,1
117434,0
117436,0
117437,0
117438,0
117439,0
117440,0
117441,0
117443,0
117444,0
117446,0
117447,0
117448,0
117449,1
117450,1
117451,1
117452,0
117453,0
117454,0
117455,0
117457,0
117458,0
117459,0
117462,0
117463,0
117465,0
117466,0
117467,0
117468,0
117469,1
117470,1
117471,1
117472,1
117473,1
117474,1
117475,1
117476,1
117477,0
117478,0
117479,0
117480,1
117481,0
117482,0
117483,1
117484,0
117485,0
117486,0
117487,0
117488,0
117489,0
117490,0
117492,0
117493,0
117494,1
117495,0
117496,0
117497,0
117498,0
117500,0
117501,1
117502,0
117503,0
117505,0
117506,0
117507,0
117509,1
117510,0
117511,0
117512,0
117513,0
117514,0
117515,0
117516,0
117517,0
117518,0
117519,0
117521,0
117522,0
117523,0
117524,0
117525,0
117526,0
117527,1
117529,0
117530,0
117531,0
117532,0
117534,1
117535,1
117536,0
117537,0
117538,0
117539,0
117540,0
117541,0
117542,0
117544,1
117547,0
117549,0
117550,0
117551,0
117554,0
117555,0
117556,1
117557,0
117558,1
117561,1
117562,0
117563,0
117564,1
117565,0
117566,0
117567,0
117568,0
117569,0
117570,0
117571,0
117572,0
117573,0
117575,0
117576,1
117578,0
117579,1
117580,0
117581,0
117585,0
117586,0
117587,0
117589,1
117590,1
117591,0
117592,1
117593,1
117594,1
117595,0
117596,0
117597,0
117598,0
117599,1
117600,0
117601,0
117602,0
117603,0
117604,0
117605,0
117606,0
117607,0
117608,0
117609,0
117610,0
117611,1
117612,0
117613,1
117614,0
117615,0
117616,0
117617,0
117618,0
117619,0
117620,0
117621,0
117622,0
117623,0
117624,0
117625,0
117626,1
117627,1
117628,0
117629,0
117630,0
117631,1
117632,1
117633,1
117634,0
117635,0
117639,0
117640,0
117641,0
117644,0
117645,0
117646,0
117648,1
117649,0
117650,0
117652,0
117653,1
117654,1
117655,1
117657,0
117658,0
117659,1
117662,0
117663,0
117664,0
117665,0
117666,1
117667,0
117668,0
117671,0
117672,0
117673,0
117674,0
117675,0
117676,0
117677,1
117678,0
117679,0
117680,0
117681,0
117682,0
117683,0
117684,1
117685,0
117687,0
117688,1
117689,0
117690,1
117691,0
117693,0
117694,0
117696,0
117697,1
117698,0
117699,0
117700,0
117701,0
117702,0
117703,0
117704,0
117705,0
117706,0
117707,0
117708,0
117709,0
117710,0
117712,0
117713,0
117714,0
117716,0
117717,0
117718,0
117719,0
117720,1
117721,0
117722,0
117724,0
117725,0
117726,0
117727,0
117728,0
117729,0
117730,0
117731,0
117733,0
117734,0
117735,0
117736,0
117737,0
117738,0
117739,0
117740,0
117741,1
117742,0
117744,1
117745,0
117746,0
117747,1
117748,1
117749,0
117750,0
117751,0
117752,0
117753,0
117754,0
117755,0
117756,0
117757,0
117758,0
117759,0
117760,0
117761,1
117762,0
117763,1
117764,0
117765,0
117766,0
117767,0
117768,0
117769,0
117770,0
117771,1
117772,0
117773,0
117774,0
117775,1
117776,0
117777,0
117778,0
117779,0
117780,0
117781,0
117782,0
117783,0
117784,1
117785,0
117786,0
117787,0
117789,1
117790,1
117791,0
117792,0
117793,0
117794,0
117795,0
117796,0
117797,0
117798,0
117799,0
117800,0
117801,0
117802,0
117803,0
117804,0
117805,0
117807,0
117808,0
117809,0
117810,0
117812,0
117813,0
117814,1
117815,1
117816,0
117817,0
117818,0
117819,1
117820,0
117821,0
117822,0
117823,0
117824,0
117825,0
117826,0
117827,0
117828,0
117829,0
117830,0
117831,0
117832,0
117833,0
117834,0
117835,0
117836,0
117837,0
117839,0
117840,0
117841,0
117842,0
117843,0
117844,0
117845,0
117846,0
117847,1
117848,0
117849,0
117850,0
117851,1
117853,0
117854,0
117855,0
117856,0
117857,0
117858,0
117859,0
117860,0
117863,0
117864,0
117865,0
117866,1
117867,0
117868,0
117869,0
117870,0
117871,1
117872,1
117873,0
117874,0
117875,0
117876,0
117877,0
117878,0
117879,0
117882,0
117883,0
117884,0
117885,0
117886,0
117887,0
117888,0
117889,1
117890,0
117891,0
117892,0
117894,0
117895,1
117896,0
117897,0
117898,0
117899,1
117900,0
117901,0
117902,0
117903,0
117904,0
117905,0
117906,0
117907,0
117908,0
117909,0
117910,0
117911,0
117913,0
117914,0
117915,0
117916,0
117917,1
117918,0
117921,0
117922,1
117923,1
117924,0
117925,0
117926,0
117927,0
117928,0
117929,0
117930,0
117931,0
117934,0
117935,0
117936,0
117937,0
117938,0
117939,1
117940,1
117943,0
117944,0
117945,1
117946,1
117947,0
117948,0
117949,1
117950,0
117951,0
117952,0
117953,0
117954,1
117956,0
117957,0
117958,0
117959,0
117960,1
117961,0
117962,0
117963,0
117964,0
117965,1
117966,1
117967,0
117968,0
117969,1
117970,0
117971,1
117972,0
117973,0
117974,0
117975,1
117976,1
117977,0
117978,0
117979,0
117980,0
117981,0
117982,0
117983,1
117984,0
117985,0
117986,0
117987,1
117988,1
117989,0
117990,0
117991,0
117992,0
117993,0
117994,1
117995,0
117996,0
117998,0
118001,0
118002,0
118003,1
118004,0
118005,0
118006,0
118007,0
118008,0
118010,0
118011,0
118012,0
118013,0
118014,0
118015,0
118016,1
118017,1
118018,0
118020,0
118021,0
118022,0
118023,0
118025,0
118026,0
118027,0
118030,0
118032,0
118033,0
118034,0
118036,0
118037,0
118038,0
118039,0
118040,0
118041,0
118042,0
118043,0
118044,1
118045,0
118046,1
118047,0
118048,0
118049,0
118051,0
118052,0
118053,0
118054,1
118055,0
118056,0
118057,0
118058,0
118059,0
118060,0
118061,0
118062,0
118063,1
118064,0
118065,0
118066,0
118067,0
118068,1
118069,0
118070,0
118071,0
118072,0
118073,0
118074,0
118076,0
118077,1
118079,0
118080,0
118081,0
118082,0
118083,0
118084,0
118085,0
118086,0
118087,1
118088,0
118089,0
118090,0
118091,0
118092,0
118093,0
118096,0
118098,0
118099,0
118100,0
118101,0
118102,0
118103,0
118104,0
118105,0
118106,0
118107,0
118108,0
118110,0
118111,0
118113,0
118114,0
118115,0
118116,0
118117,1
118118,0
118119,0
118120,1
118121,0
118122,0
118123,0
118124,0
118125,0
118126,1
118128,0
118129,0
118130,0
118131,0
118132,0
118133,0
118134,0
118135,0
118136,0
118137,0
118138,0
118139,1
118140,1
118141,0
118142,0
118143,0
118144,0
118145,0
118147,0
118148,1
118149,0
118150,0
118151,0
118152,0
118153,0
118154,0
118155,0
118156,0
118157,0
118158,1
118159,0
118160,0
118161,0
118162,0
118163,0
118164,0
118165,0
118166,0
118167,0
118168,0
118169,0
118170,0
118171,0
118172,0
118173,0
118174,0
118175,0
118176,0
118177,0
118179,1
118180,0
118181,0
118182,0
118183,0
118184,0
118185,0
118186,0
118187,0
118188,0
118189,0
118190,1
118191,0
118192,0
118193,0
118194,0
118195,0
118196,0
118198,0
118199,0
118200,0
118201,0
118202,0
118203,0
118204,1
118205,0
118206,0
118207,0
118208,1
118209,0
118210,0
118211,0
118212,0
118213,0
118214,0
118215,1
118216,0
118217,0
118218,0
118219,0
118220,0
118221,1
118222,0
118223,0
118224,0
118225,0
118226,0
118228,0
118229,0
118230,0
118231,0
118232,0
118233,0
118234,0
118235,0
118236,0
118238,0
118239,1
118240,0
118241,1
118242,1
118243,0
118245,0
118246,0
118247,0
118248,1
118250,0
118251,0
118252,0
118254,0
118255,0
118256,0
118257,0
118258,1
118259,0
118260,0
118261,0
118262,0
118263,0
118264,0
118265,0
118266,0
118267,0
118268,0
118269,0
118270,0
118273,0
118275,0
118276,0
118277,0
118278,0
118279,0
118280,0
118281,1
118282,0
118283,0
118284,0
118285,1
118286,1
118287,0
118288,1
118289,0
118290,0
118291,0
118292,0
118293,0
118294,0
118295,0
118296,0
118297,1
118298,0
118299,0
118300,0
118301,1
118302,0
118304,1
118305,0
118307,0
118308,0
118309,0
118310,0
118311,0
118312,0
118313,0
118314,0
118315,0
118316,1
118317,0
118318,1
118319,0
118320,1
118321,1
118322,0
118323,0
118324,0
118325,0
118326,0
118327,0
118329,0
118330,0
118331,0
118332,0
118333,0
118334,0
118335,0
118337,1
118338,1
118339,1
118340,0
118341,0
118343,0
118344,0
118345,0
118346,0
118347,0
118348,0
118349,0
118350,0
118351,1
118352,0
118353,0
118354,0
118355,0
118356,0
118357,0
118358,0
118359,0
118360,0
118361,1
118362,0
118363,1
118364,0
118365,0
118366,0
118367,0
118368,1
118369,1
118370,1
118371,1
118372,0
118373,1
118374,0
118375,0
118376,0
118377,0
118378,0
118379,0
118380,0
118381,0
118382,0
118383,1
118384,0
118385,0
118386,0
118387,1
118388,1
118389,0
118390,0
118391,0
118392,0
118393,0
118394,0
118395,0
118396,0
118397,1
118398,1
118399,1
118400,0
118401,0
118402,0
118403,1
118404,0
118405,0
118406,0
118407,0
118408,0
118409,0
118410,0
118411,0
118412,0
118413,0
118414,0
118415,0
118416,1
118417,1
118419,0
118420,0
118421,0
118422,0
118423,1
118424,0
118425,0
118426,0
118428,1
118429,1
118430,0
118431,0
118432,0
118433,0
118434,0
118435,0
118436,0
118437,0
118438,1
118439,0
118440,0
118441,1
118442,0
118443,0
118445,1
118446,0
118447,1
118448,0
118449,0
118450,0
118451,0
118452,0
118453,0
118454,0
118455,0
118456,1
118457,0
118458,0
118459,1
118460,1
118461,0
118462,1
118463,1
118464,0
118465,0
118466,0
118467,0
118468,0
118469,0
118470,0
118471,0
118472,0
118473,0
118474,0
118475,0
118476,0
118477,0
118478,0
118479,0
118480,1
118481,0
118482,0
118483,1
118484,0
118485,0
118486,0
118487,0
118488,0
118489,0
118490,0
118491,0
118492,0
118493,0
118494,0
118495,0
118496,0
118497,1
118498,0
118499,0
118501,0
118502,0
118503,0
118504,0
118505,0
118506,0
118507,0
118508,0
118509,0
118510,0
118511,0
118512,0
118513,0
118514,1
118515,0
118516,0
118517,1
118518,1
118519,0
118520,0
118521,0
118522,0
118523,0
118524,0
118525,0
118526,0
118527,0
118528,0
118529,0
118530,0
118531,0
118532,0
118533,0
118534,0
118535,0
118536,0
118537,0
118538,0
118539,0
118540,1
118541,1
118542,1
118543,0
118544,0
118545,0
118546,0
118547,0
118548,0
118550,0
118551,0
118552,0
118553,1
118554,0
118555,0
118557,0
118558,0
118559,0
118560,0
118561,0
118562,0
